,is_trading_day,btc_holdings,btc_price,revenue_btc_purchased,btc_purchased,stock_price,volume,shares_outstanding,mnav,market_cap,weekly_revenue
2025-05-24,False,7800.0,107791.15625,0.0,0.0,6.44,0.0,593210000.0,3.747620034156646,3079949939.313304,0.0
2025-05-25,False,7800.0,107791.15625,0.0,0.0,6.44,0.0,593210000.0,3.7221986614181346,3079949939.313304,0.0
2025-05-26,True,7800.0,109634.5234375,0.0,0.0,5.346237614350247,88755301.32574071,593210000.0,3.7086409109508427,3132621038.267888,0.0
2025-05-27,True,7800.0,109634.5234375,0.0,0.0,5.227296837832773,49187546.027007625,593210000.0,3.6261326758905548,3132621038.267888,0.0
2025-05-28,True,7915.016727582057,124874.2318989061,0.0,115.01672758205673,5.787348090223185,72127219.70392866,595691728.2956591,3.5246876390949504,3568069926.505045,0.0
2025-05-29,True,7915.016727582057,131679.90679901978,0.0,0.0,6.722457880879951,64107592.9461804,595691728.2956591,3.842185351663184,3818011849.7551866,0.0
2025-05-30,True,7917.804673996503,137983.4630538848,2.787946414446085,0.0,6.9267116556493376,68458195.85428531,595691728.2956591,3.778068269176563,4000781211.168892,0.0
2025-05-31,False,7917.804673996503,143637.67964020587,0.0,0.0,6.9267116556493376,0.0,595691728.2956591,3.7855438595833752,4166190162.4339733,0.0
2025-06-01,False,7917.804673996503,149378.0595895441,0.0,0.0,6.9267116556493376,0.0,595691728.2956591,3.5050949931289592,4332689054.183489,0.0
2025-06-02,True,8032.2705049628685,154767.86263045314,0.0,114.46583096636549,7.129403118099327,71904325.5955509,598176597.1843194,3.4656856851217586,4489019513.313285,0.0
2025-06-03,True,8032.2705049628685,159576.52320751117,0.0,0.0,7.333368459719178,80430946.37412296,598176597.1843194,3.422359278400166,4695407063.3613405,0.0
2025-06-04,True,8032.2705049628685,164040.03189699797,0.0,0.0,7.9660871847815455,42516791.468303576,598176597.1843194,3.6164819523246807,4826742110.689935,0.0
2025-06-05,True,8153.167624535695,168491.53124006145,0.0,120.89711957282645,8.177933551647417,85882377.85687594,600667463.6936511,3.614569604916863,4957723792.943962,0.0
2025-06-06,True,8156.0394560462955,172149.07704389887,2.8718315106007513,0.0,8.632682643251417,51375597.988022275,600667463.6936511,3.6944416683514105,5141584697.345254,0.0
2025-06-07,False,8156.0394560462955,176256.24857927233,0.0,0.0,8.632682643251417,0.0,600667463.6936511,3.8671415735195973,5266108040.3094,0.0
2025-06-08,False,8156.0394560462955,180090.2832820077,0.0,0.0,8.632682643251417,0.0,600667463.6936511,3.7515166666697977,5380659672.592776,0.0
2025-06-09,True,8156.0394560462955,183463.5801234613,0.0,0.0,8.52771453596311,99110131.50945243,600667463.6936511,3.4232418272473177,5481445578.127009,0.0
2025-06-10,True,8273.554470741703,186906.9949790276,0.0,117.51501469540771,8.807164109118517,99110131.50945243,603161385.4588757,3.4702864449963142,5584326439.391131,0.0
2025-06-11,True,8273.554470741703,189959.06172014197,0.0,0.0,9.283891217236613,35276323.36707451,603161385.4588757,3.562963938999182,5757289534.780711,0.0
2025-06-12,True,8273.554470741703,192768.449543152,0.0,0.0,8.928049784593362,99521628.60071449,603161385.4588757,3.3764634168067023,5842436613.135864,0.0
2025-06-13,True,8395.30550509374,195618.12453736464,2.9142359789396384,118.83679837309593,9.299158718013349,97239373.13675044,605661249.4066476,3.465580322654111,5928804717.258622,0.0
2025-06-14,False,8395.30550509374,198196.88158941345,0.0,0.0,9.299158718013349,0.0,605661249.4066476,3.1495014472930953,6095358393.133814,0.0
2025-06-15,False,8395.30550509374,200677.7578881,0.0,0.0,9.299158718013349,0.0,605661249.4066476,3.0520582471805393,6171655406.73089,0.0
2025-06-16,True,8395.30550509374,203158.6603866785,0.0,0.0,8.299642763767034,27358100.03230777,605661249.4066476,2.9472524855952926,6247953226.080964,0.0
2025-06-17,True,8395.30550509374,205344.22994724434,0.0,0.0,8.587030150771586,63280214.42557698,605661249.4066476,3.0168503470821757,6315168359.124129,0.0
2025-06-18,True,8511.18148254221,207305.59225842444,0.0,115.87597744847054,9.597813868838754,67985531.86153923,608164083.745983,3.340062465419528,6375488209.414178,0.0
2025-06-19,True,8511.18148254221,209325.8597342899,0.0,0.0,10.019014239644322,90312287.20578365,608164083.745983,3.4200545076691746,6526474703.632331,0.0
2025-06-20,True,8514.179419086584,211142.30416218453,2.9979365443744688,0.0,10.35943592102673,100347073.8180872,608164083.745983,3.5058373961581277,6583108788.996922,0.0
2025-06-21,False,8514.179419086584,212815.73079584067,0.0,0.0,10.35943592102673,0.0,608164083.745983,3.5295026395094644,6637620967.936509,0.0
2025-06-22,False,8514.179419086584,214597.66304098436,0.0,0.0,10.35943592102673,0.0,608164083.745983,3.43988856324156,6693198583.320376,0.0
2025-06-23,True,8514.179419086584,216105.7155657555,0.0,0.0,10.297227127609924,100347073.8180872,608164083.745983,3.4035490170140816,6740234021.075554,0.0
2025-06-24,True,8514.179419086584,217593.88660646338,0.0,0.0,9.591325078231757,28479612.057424832,608164083.745983,3.1485449070758844,6786649364.841447,0.0
2025-06-25,True,8514.179419086584,219039.3390762984,0.0,0.0,9.08706319595199,67950966.23904268,608164083.745983,2.963325776079698,6831732336.791188,0.0
2025-06-26,True,8623.222802697312,220294.01481681623,0.0,109.0433836107268,9.603689952823544,80568741.40979043,610665372.8216215,3.1139626811877013,6870865073.699681,0.0
2025-06-27,True,8626.260204123131,221553.4712824245,3.0374014258203537,0.0,9.563394059813938,31721862.776271876,610665372.8216215,3.0568010894132547,6998647027.514323,0.0
2025-06-28,False,8626.260204123131,222792.35361250685,0.0,0.0,9.563394059813938,0.0,610665372.8216215,3.3157032238760893,7040261003.857556,0.0
2025-06-29,False,8626.260204123131,223936.99694408034,0.0,0.0,9.563394059813938,0.0,610665372.8216215,3.019895959875849,7076431849.40021,0.0
2025-06-30,True,8626.260204123131,224988.53925203037,0.0,0.0,8.91068804713449,23175650.9971466,610665372.8216215,2.803700273845058,7109660693.139807,0.0
2025-07-01,True,8626.260204123131,226070.39943518635,0.0,0.0,8.267646778537287,27295754.37404271,610665372.8216215,2.5889219192381967,7143847584.815392,0.0
2025-07-02,True,8626.260204123131,227015.02427360264,0.0,0.0,7.759722000790181,53024961.49228783,610665372.8216215,2.4197600499732648,7173697825.657786,0.0
2025-07-03,True,8719.358594221992,227934.92876013558,0.0,93.09839009886053,8.484350608349185,41692422.70337103,613166492.3408909,2.635047605909029,7202766900.869746,0.0
2025-07-04,True,8722.429858044383,228854.48116985173,3.0712638223895454,0.0,9.284591685562193,101172471.236247,613166492.3408909,2.852970385453674,7309873881.530429,0.0
2025-07-05,False,8722.429858044383,229652.82602797463,0.0,0.0,9.284591685562193,0.0,613166492.3408909,2.8048041527643686,7337957705.305087,0.0
2025-07-06,False,8722.429858044383,230500.71874754725,0.0,0.0,9.284591685562193,0.0,613166492.3408909,2.598753885392714,7365049908.011541,0.0
2025-07-07,True,8722.429858044383,231260.86381182584,0.0,0.0,9.84035910290821,75564083.97566986,613166492.3408909,2.9912294784320546,7389338363.015762,0.0
2025-07-08,True,8722.429858044383,231983.43688745843,0.0,0.0,9.774876634954369,31649961.65227283,613166492.3408909,2.962069436352071,7412426303.014978,0.0
2025-07-09,True,8722.429858044383,232689.96115432694,0.0,0.0,8.793273270858357,79160069.2283379,613166492.3408909,2.6565246566818006,7435001445.144609,0.0
2025-07-10,True,8823.905258983374,233376.31331375206,0.0,101.47540093899005,9.469545587772458,98206934.07939506,615667346.7634891,2.8524188149865903,7456932040.138432,0.0
2025-07-11,True,8827.013347806795,234018.47857262084,3.108088823421834,0.0,10.439355643599587,89224237.83260325,615667346.7634891,3.112496169538364,7564442264.347745,0.0
2025-07-12,False,8827.013347806795,234640.5680780501,0.0,0.0,10.439355643599587,0.0,615667346.7634891,3.2227709240847138,7587222307.22774,0.0
2025-07-13,False,8827.013347806795,235258.61568866696,0.0,0.0,10.439355643599587,0.0,615667346.7634891,3.2461194805204667,7607207191.583465,0.0
2025-07-14,True,8827.013347806795,235811.14836502596,0.0,0.0,10.493805224525804,101585112.21597572,615667346.7634891,3.103851986869891,7625073617.1631565,0.0
2025-07-15,True,8952.30968981406,236397.5310762796,0.0,125.29634200726535,11.831273526303159,55745343.01484924,618170859.6640705,3.4907672721761385,7644034600.866181,0.0
2025-07-16,True,8952.30968981406,236931.7415643388,0.0,0.0,13.623187691663658,94236065.46881257,618170859.6640705,3.970351203608623,7770058142.862594,0.0
2025-07-17,True,8952.30968981406,237450.79472233067,0.0,0.0,13.418906918271515,93630434.2614632,618170859.6640705,3.9022666668689325,7787080231.96811,0.0
2025-07-18,True,8955.463007180244,237975.36607092182,3.153317366184846,0.0,13.219570175585726,72347766.91107874,618170859.6640705,3.8358247968872536,7804283287.378591,0.0
2025-07-19,False,8955.463007180244,238463.40562259778,0.0,0.0,13.219570175585726,0.0,618170859.6640705,3.87597228311571,7823042880.493982,0.0
2025-07-20,False,8955.463007180244,238929.6153810396,0.0,0.0,13.219570175585726,0.0,618170859.6640705,3.8305410993942806,7838337382.063616,0.0
2025-07-21,True,8955.463007180244,239392.81199874997,0.0,0.0,12.79265973967026,41791665.62006526,618170859.6640705,3.6886735956195533,7853533034.381787,0.0
2025-07-22,True,8955.463007180244,239844.3699202408,0.0,0.0,12.541491487374099,49596555.75455868,618170859.6640705,3.6094426341080807,7868346867.026785,0.0
2025-07-23,True,9088.083580964307,240271.39324816933,0.0,132.62057378406263,12.737961824507604,101998191.84457164,620672431.7739162,3.6594714285728536,7882355816.520039,0.0
2025-07-24,True,9088.083580964307,240701.33378707015,0.0,0.0,13.499673776026087,102410951.24269618,620672431.7739162,3.830318784456702,8013398377.184489,0.0
2025-07-25,True,9091.284722655573,241108.8596329342,3.20114169126664,0.0,13.00943939302015,102410951.24269618,620672431.7739162,3.684983576629726,8026965676.129317,0.0
2025-07-26,False,9091.284722655573,276089.50083579356,0.0,0.0,13.00943939302015,0.0,620672431.7739162,3.7784599269033263,9194774342.651812,0.0
2025-07-27,False,9091.284722655573,277490.58426830743,0.0,0.0,13.00943939302015,0.0,620672431.7739162,3.769259404872533,9241435465.071148,0.0
2025-07-28,True,9214.95742264564,275572.93410915806,0.0,123.67269999006788,13.61009038992485,96872364.69337603,623176518.655712,3.3717987537172256,9177570810.934895,0.0
2025-07-29,True,9214.95742264564,272783.5999812447,0.0,0.0,13.859281153337115,102824125.57819249,623176518.655712,3.435897475326474,9208258740.320545,0.0
2025-07-30,True,9214.95742264564,275926.0393033781,0.0,0.0,13.659880645514992,49503270.35131829,623176518.655712,3.3478960535887112,9314336944.273977,0.0
2025-07-31,True,9214.95742264564,274232.6144461015,0.0,0.0,13.241796519713532,102824125.57819249,623176518.655712,3.2654689132213184,9257172605.053564,0.0
2025-08-01,True,9218.203253752505,273396.48671768676,3.2458311068644425,0.0,12.461430212204638,102824125.57819249,623176518.655712,3.082426346522374,9228947739.39548,0.0
2025-08-02,False,9218.203253752505,272310.09089618386,0.0,0.0,12.461430212204638,0.0,623176518.655712,3.0697979037898904,9195512504.380316,0.0
2025-08-03,False,9218.203253752505,269842.34406082146,0.0,0.0,12.461430212204638,0.0,623176518.655712,2.969966176102073,9112180311.99795,0.0
2025-08-04,True,9218.203253752505,268066.5544305047,0.0,0.0,12.396666488468634,89575373.45045735,623176518.655712,3.126274341216419,9052214499.871832,0.0
2025-08-05,True,9218.203253752505,267822.42949847115,0.0,0.0,12.358210802960405,74629062.87239538,623176518.655712,3.1194171440489504,9043970758.856735,0.0
2025-08-06,True,9218.203253752505,268051.178200331,0.0,0.0,11.730970487215535,11853068.811206654,623176518.655712,2.9585643698058273,9051695267.123728,0.0
2025-08-07,True,9328.497292422757,267243.91203292774,0.0,110.29403867025285,11.795306951287511,72708192.99645595,625675428.6450728,2.983776076791391,9024435072.276415,0.0
2025-08-08,True,9331.783116252787,272017.8921419859,3.285823830030612,0.0,11.2772071912836,51054950.512460604,625675428.6450728,2.7806190811979192,9295549870.826273,0.0
2025-08-09,False,9331.783116252787,267061.20913730963,0.0,0.0,11.2772071912836,0.0,625675428.6450728,2.8556830409132767,9129381840.732693,0.0
2025-08-10,False,9331.783116252787,267327.87280531874,0.0,0.0,11.2772071912836,0.0,625675428.6450728,2.823827863788768,9138497632.787142,0.0
2025-08-11,True,9331.783116252787,268030.6280005076,0.0,0.0,10.396293553214079,48356316.19261268,625675428.6450728,2.600630030172413,9162521041.27152,0.0
2025-08-12,True,9393.413626856473,266158.08611519996,0.0,61.630510603685025,10.565257217148744,15525848.932437217,627228013.5383165,2.6614902093371064,9098508937.308683,0.0
2025-08-13,True,9393.413626856473,269360.2433241989,0.0,0.0,11.259873980232612,78520832.6185962,627228013.5383165,2.791271200356356,9268786241.425714,0.0
2025-08-14,True,9393.413626856473,270173.4410817587,0.0,0.0,11.151079905389953,53142563.0859871,627228013.5383165,2.755981348044428,9296768678.974068,0.0
2025-08-15,True,9396.722316495641,270742.21745614894,3.3086896391694327,0.0,10.485019200515524,103492622.23382223,627228013.5383165,2.5859209755065633,9316340485.742342,0.0
2025-08-16,False,9396.722316495641,268657.5682527559,0.0,0.0,10.485019200515524,0.0,627228013.5383165,2.5114092846753295,9247863205.351599,0.0
2025-08-17,False,9396.722316495641,269754.99070863496,0.0,0.0,10.485019200515524,0.0,627228013.5383165,2.9310646973531203,9285639221.92338,0.0
2025-08-18,True,9477.600348895541,264082.1817119262,0.0,80.8780323998993,11.47422091449688,18614289.726414755,629089442.510958,2.9002348142883516,9090366995.152182,0.0
2025-08-19,True,9477.600348895541,265358.13044310646,0.0,0.0,11.714847766688179,64022095.43478807,629089442.510958,2.9303416371995636,9212907581.851824,0.0
2025-08-20,True,9477.600348895541,268545.9103644404,0.0,0.0,11.559526037585714,57982496.24272152,629089442.510958,2.857166108988938,9323583375.947493,0.0
2025-08-21,True,9477.600348895541,265185.4440157226,0.0,0.0,11.16068915225823,57650632.15921665,629089442.510958,2.793542839232076,9206912121.703417,0.0
2025-08-22,True,9480.938692050038,266991.07715486945,3.3383431544974393,0.0,11.115603381328967,56868960.70653807,629089442.510958,2.7634416578691123,9269601481.211304,0.0
2025-08-23,False,9480.938692050038,264842.5564934512,0.0,0.0,11.115603381328967,0.0,629089442.510958,2.906794857321158,9198246293.131712,0.0
2025-08-24,False,9480.938692050038,262089.68543294966,0.0,0.0,11.115603381328967,0.0,629089442.510958,3.0896532183893384,9102636333.905415,0.0
2025-08-25,True,9598.655740420692,261154.90810054188,0.0,117.7170483706544,12.322239099838379,32101942.306174424,631584312.5341754,3.130779618247754,9070170584.266964,0.0
2025-08-26,True,9598.655740420692,262091.07019371996,0.0,0.0,12.32292609591614,104211411.56813894,631584312.5341754,3.093730922809661,9215705003.092402,0.0
2025-08-27,True,9598.655740420692,262026.6893460852,0.0,0.0,11.772963667612855,104211411.56813894,631584312.5341754,2.9563863786052673,9213441229.28579,0.0
2025-08-28,True,9713.26305384708,264735.1736368392,0.0,114.60731342638708,12.135629439349302,85762050.94948022,634084437.243126,3.016279471509208,9308677561.491423,0.0
2025-08-29,True,9716.684405669266,266149.907154749,3.421351822185881,0.0,12.67217190747942,59984857.487042084,634084437.243126,3.108183713911021,9470161686.112436,0.0
2025-08-30,False,9716.684405669266,262151.26448709005,0.0,0.0,12.67217190747942,0.0,634084437.243126,3.2664528261892833,9331167354.002224,0.0
2025-08-31,False,9716.684405669266,263901.5730543003,0.0,0.0,12.67217190747942,0.0,634084437.243126,3.260261008195667,9393468873.67537,0.0
2025-09-01,True,9716.684405669266,264143.321593883,0.0,0.0,12.2400972077464,58926111.88465903,634084437.243126,3.023947375205601,9402073814.356642,0.0
2025-09-02,True,9839.461680709297,263295.7458236768,0.0,122.77727504003172,12.919005578207004,104623932.14511581,636586699.0469599,3.201947748742766,9371904700.457972,0.0
2025-09-03,True,9839.461680709297,267785.8508719433,0.0,0.0,15.140176512306807,68490190.75446106,636586699.0469599,3.6578806708056706,9652168378.814884,0.0
2025-09-04,True,9839.461680709297,267871.5612181131,0.0,0.0,18.347510309009422,99293873.66446769,636586699.0469599,4.431357140659802,9655257752.993332,0.0
2025-09-05,True,10015.774352520451,267994.6150815149,3.4658034034494385,172.84686840770468,18.473652048241846,105036805.34274839,639094163.7240039,4.45977463532868,9659693150.17862,0.0
2025-09-06,False,10015.774352520451,269812.3894280997,0.0,0.0,18.473652048241846,0.0,639094163.7240039,4.3615092886635765,9899479123.645452,0.0
2025-09-07,False,10015.774352520451,266940.46406516025,0.0,0.0,18.473652048241846,0.0,639094163.7240039,4.146184292597007,9794107516.228357,0.0
2025-09-08,True,10015.774352520451,266520.5962091474,0.0,0.0,16.46487451322431,92745033.41126457,639094163.7240039,3.9419214766384623,9778702467.24562,0.0
2025-09-09,True,10015.774352520451,270275.04040319216,0.0,0.0,16.34648588038354,89327165.2768201,639094163.7240039,3.8592132980144442,9916453895.186413,0.0
2025-09-10,True,10171.411691709303,271041.93561434274,0.0,155.6373391888512,16.809625178960314,99715006.35045871,641603692.9501768,3.9573262822745456,9944591458.286837,0.0
2025-09-11,True,10171.411691709303,270297.933109695,0.0,0.0,16.448193024660018,33475060.537270624,641603692.9501768,3.838495989956066,10071400862.46234,0.0
2025-09-12,True,10174.994419545737,274657.1926733134,3.582727836434879,0.0,16.17135073647004,38486674.63260681,641603692.9501768,3.713991811553171,10233828484.544472,0.0
2025-09-13,False,10174.994419545737,272903.3991325649,0.0,0.0,16.17135073647004,0.0,641603692.9501768,3.7058369864834377,10172063184.907726,0.0
2025-09-14,False,10174.994419545737,271675.2724574984,0.0,0.0,16.17135073647004,0.0,641603692.9501768,3.7256702373235315,10126286612.76698,0.0
2025-09-15,True,10174.994419545737,276576.1591140756,0.0,0.0,15.864969409825104,61009246.90074378,641603692.9501768,3.6170721618185095,10308959781.70233,0.0
2025-09-16,True,10174.994419545737,273890.7393213179,0.0,0.0,15.456300627045136,75585881.77304028,641603692.9501768,3.5584501253770364,10208864803.417854,0.0
2025-09-17,True,10174.994419545737,278562.69158489164,0.0,0.0,15.10304372863173,80069698.17227058,641603692.9501768,3.418804012516535,10383004787.65037,0.0
2025-09-18,True,10174.994419545737,281705.91232567356,0.0,0.0,14.812857093733108,59719425.56907285,641603692.9501768,3.3157024213927824,10500163606.78188,0.0
2025-09-19,True,10178.578409344536,280074.71575760195,3.583989798799496,0.0,14.811831371419046,87174575.54780157,641603692.9501768,3.3347826283221287,10439363211.439905,0.0
2025-09-20,False,10178.578409344536,280727.763641568,0.0,0.0,14.811831371419046,0.0,641603692.9501768,3.39340689713958,10467390271.407272,0.0
2025-09-21,False,10178.578409344536,282386.64212981367,0.0,0.0,14.811831371419046,0.0,641603692.9501768,3.285133519939263,10529244248.10008,0.0
2025-09-22,True,10178.578409344536,281996.9118295725,0.0,0.0,14.584884219686495,80793971.3696181,641603692.9501768,3.2601558517199813,10514712521.347092,0.0
2025-09-23,True,10178.578409344536,280740.49634084874,0.0,0.0,14.451061576746522,105864609.33677918,641603692.9501768,3.2446990129580544,10467865030.764349,0.0
2025-09-24,True,10308.136773784152,285441.1760039446,0.0,129.558364439616,14.80755441286484,105864609.33677918,644101154.1024832,3.2699901443686405,10643137500.919153,0.0
2025-09-25,True,10308.136773784152,280569.71422168426,0.0,0.0,14.045737499524003,52014578.13779081,644101154.1024832,3.128078640695174,10594656646.963223,0.0
2025-09-26,True,10311.767660988464,283013.885374132,3.6308872043117764,0.0,13.836323947125827,60709223.17349282,644101154.1024832,3.054828845717918,10686951548.493956,0.0
2025-09-27,False,10311.767660988464,280929.1442407608,0.0,0.0,13.836323947125827,0.0,644101154.1024832,3.0612733982930904,10611965755.74393,0.0
2025-09-28,False,10311.767660988464,276729.3941901798,0.0,0.0,13.836323947125827,0.0,644101154.1024832,3.0465164300386633,10453322180.902674,0.0
2025-09-29,True,10311.767660988464,279576.4352155002,0.0,0.0,13.671753492579718,49868066.250491455,644101154.1024832,3.054531543674801,10560867811.127516,0.0
2025-09-30,True,10311.767660988464,277629.52852005383,0.0,0.0,13.42527790625404,54808656.56468218,644101154.1024832,3.02049824032194,10487324330.12791,0.0
2025-10-01,True,10433.174397038063,276329.32218241977,0.0,121.40673604959956,13.439703722001896,39801027.637780905,646597358.0199881,3.0379714014894144,10438209649.742352,0.0
2025-10-02,True,10433.174397038063,275780.94607343886,0.0,0.0,13.216701831973893,105421220.19496025,646597358.0199881,2.970135715479045,10540146529.767405,0.0
2025-10-03,True,10436.84932687746,277195.7970559689,3.6749298393964014,0.0,13.58959791023101,89680112.76222335,646597358.0199881,3.038347370747484,10594221101.944992,0.0
2025-10-04,False,10436.84932687746,273606.24914336804,0.0,0.0,13.58959791023101,0.0,646597358.0199881,2.944349939848149,10460714532.953667,0.0
2025-10-05,False,10436.84932687746,277533.25614301563,0.0,0.0,13.58959791023101,0.0,646597358.0199881,2.9405103702167557,10610854741.08429,0.0
2025-10-06,True,10436.84932687746,277518.390990293,0.0,0.0,12.943062519978623,63274632.85269913,646597358.0199881,2.8894141290459823,10610286405.676722,0.0
2025-10-07,True,10555.91952948867,276728.26932585624,0.0,119.07020261120972,13.198795444740654,26127767.330784075,649093804.8537034,2.954916977085748,10580077895.440376,0.0
2025-10-08,True,10555.91952948867,282101.1089002502,0.0,0.0,13.486915964139433,64261154.577369265,649093804.8537034,2.939809922746757,10908544021.486979,0.0
2025-10-09,True,10555.91952948867,280990.3572967821,0.0,0.0,13.424670106658558,38359796.2554419,649093804.8537034,2.9378092846833903,10865592461.280052,0.0
2025-10-10,True,10559.637694467508,280601.770982791,3.718164978838858,0.0,13.050999870385864,70134212.6035585,649093804.8537034,2.8599916880895786,10850566249.8311,0.0
2025-10-11,False,10559.637694467508,286530.0032413946,0.0,0.0,13.050999870385864,0.0,649093804.8537034,3.02559459994936,11083707259.41968,0.0
2025-10-12,False,10559.637694467508,287067.69051844405,0.0,0.0,13.050999870385864,0.0,649093804.8537034,3.1306559954464612,11104506367.047197,0.0
2025-10-13,True,10683.728620120763,287187.9463333357,0.0,124.09092565325473,14.27418665027459,45113375.38489884,651590438.7404598,3.0552278892305136,11109158166.975386,0.0
2025-10-14,True,10683.728620120763,290882.95847700885,0.0,0.0,14.021296005174754,71741843.4591473,651590438.7404598,2.9398267296733787,11384318851.462784,0.0
2025-10-15,True,10683.728620120763,289622.34370955947,0.0,0.0,14.145270586427737,105999238.02848847,651590438.7404598,2.9787293935512524,11334982030.438114,0.0
2025-10-16,True,10807.766149377454,289437.57353275036,0.0,124.03752925669144,14.351841280889467,69228718.09247068,654091938.0806775,3.0241586383365235,11327750659.380665,0.0
2025-10-17,True,10811.573023566276,291513.91053021996,3.8068741888222695,0.0,17.61326869031137,64793310.13862416,654091938.0806775,3.656651184887435,11541470529.473444,0.0
2025-10-18,False,10811.573023566276,290971.968275954,0.0,0.0,17.61326869031137,0.0,654091938.0806775,3.700131230859109,11524071980.22094,0.0
2025-10-19,False,10811.573023566276,289666.3854337367,0.0,0.0,17.61326869031137,0.0,654091938.0806775,3.639544366259894,11472363801.11695,0.0
2025-10-20,True,10811.573023566276,294249.96861282404,0.0,0.0,16.859410782185268,91762206.58128747,654091938.0806775,3.466377663960872,11653898616.29556,0.0
2025-10-21,True,10957.950146200154,288745.3686491283,0.0,146.3771226338773,16.88476217988738,42990587.27467078,656595125.0244098,3.537771926396858,11435886528.80887,0.0
2025-10-22,True,10957.950146200154,288118.7742069301,0.0,0.0,17.255942527511827,74041806.78825913,656595125.0244098,3.5886860037681276,11565563651.618582,0.0
2025-10-23,True,10957.950146200154,289290.1424984349,0.0,0.0,17.13623255805125,91716075.45687345,656595125.0244098,3.5493599592095757,11612584310.27638,0.0
2025-10-24,True,10961.809920458534,285779.59853651695,3.8597742583811803,0.0,16.424609972236087,97901229.97889662,656595125.0244098,3.4437544487785328,11471665275.218264,0.0
2025-10-25,False,10961.809920458534,288576.959973507,0.0,0.0,16.424609972236087,0.0,656595125.0244098,3.288925759526678,11588036260.80791,0.0
2025-10-26,False,10961.809920458534,288109.70549323695,0.0,0.0,16.424609972236087,0.0,656595125.0244098,3.1643585163080243,11569273287.281227,0.0
2025-10-27,True,10961.809920458534,287747.3679543436,0.0,0.0,15.154475188226272,108338195.62902762,656595125.0244098,3.1546045694588862,11554723336.586157,0.0
2025-10-28,True,10961.809920458534,287436.3118502562,0.0,0.0,15.075632564548396,79827657.65679635,656595125.0244098,3.141588504179711,11542232632.499311,0.0
2025-10-29,True,11092.688923996751,288225.02392520494,0.0,130.87900353821718,15.08855105940841,108338195.62902762,659095206.2964672,3.1356764175128986,11573903990.201195,0.0
2025-10-30,True,11092.688923996751,283947.05595148937,0.0,0.0,15.008924615115136,98815651.6929841,659095206.2964672,3.140678814611755,11538254890.28592,0.0
2025-10-31,True,11096.596157976997,286706.16323701106,3.907233980245802,0.0,15.407068120906125,51740249.22278067,659095206.2964672,3.1929659901774805,11650371858.793715,0.0
2025-11-01,False,11096.596157976997,290456.3396313195,0.0,0.0,15.407068120906125,0.0,659095206.2964672,3.0913641703654227,11806918498.163239,0.0
2025-11-02,False,11096.596157976997,286879.2620900874,0.0,0.0,15.407068120906125,0.0,659095206.2964672,3.5394895312688055,11661511918.14317,0.0
2025-11-03,True,11232.861256465432,291778.86118448287,0.0,136.26509848843506,15.893148486037296,66422050.05947616,661596867.643876,3.235299481060516,11860678399.600006,0.0
2025-11-04,True,11232.861256465432,289693.26070716983,0.0,0.0,14.955818851583308,107140124.52787915,661596867.643876,3.040708931780313,11920506564.24558,0.0
2025-11-05,True,11232.861256465432,287699.21807104145,0.0,0.0,15.098057626709856,109163483.16123953,661596867.643876,3.090903474937349,11838454264.253067,0.0
2025-11-06,True,11366.452957250938,289807.33087491634,0.0,133.5917007855067,15.44690593361224,65678451.203869626,664103250.1128365,3.1393170624266387,11925200405.517853,0.0
2025-11-07,True,11370.456620522642,289625.7826939479,4.003663271703342,0.0,15.531746148980028,95284226.03042357,664103250.1128365,3.1332403458800933,12059466730.58496,0.0
2025-11-08,False,11370.456620522642,290966.5304416401,0.0,0.0,15.531746148980028,0.0,664103250.1128365,3.2414049111909757,12119560347.693016,0.0
2025-11-09,False,11370.456620522642,294409.2043279618,0.0,0.0,15.531746148980028,0.0,664103250.1128365,3.304341172512594,12262957232.067904,0.0
2025-11-10,True,11370.456620522642,296826.3029101009,0.0,0.0,16.204415699739457,54807875.30286782,664103250.1128365,3.1885166785252332,12363636069.89882,0.0
2025-11-11,True,11370.456620522642,292141.78813805705,0.0,0.0,15.983968339335467,101727782.60590819,664103250.1128365,3.195572149668255,12168513079.659117,0.0
2025-11-12,True,11508.724385713795,296307.5510781428,0.0,138.26776519115316,16.346648802032554,97421490.13847247,666609560.9410073,3.222134856384456,12342028622.047861,0.0
2025-11-13,True,11508.724385713795,296275.8347766695,0.0,0.0,16.11121201411206,28490153.0785912,666609560.9410073,3.1497517871423995,12490773823.987911,0.0
2025-11-14,True,11512.778161971044,297086.33534495044,4.05377625724877,0.0,15.218100440082326,14318752.17733798,666609560.9410073,2.9670312343246743,12524943938.773823,0.0
2025-11-15,False,11512.778161971044,303105.88758535223,0.0,0.0,15.218100440082326,0.0,666609560.9410073,3.0511204079239396,12783225000.079338,0.0
2025-11-16,False,11512.778161971044,303707.0570919515,0.0,0.0,15.218100440082326,0.0,666609560.9410073,3.132342085742973,12808578796.824314,0.0
2025-11-17,True,11648.134193957883,305901.3913406488,0.0,135.35603198683904,16.51081704265064,45993482.60324767,669117347.1035069,3.1252050297180625,12901122919.440802,0.0
2025-11-18,True,11648.134193957883,306920.93063936464,0.0,0.0,16.924662811688687,51034530.068409584,669117347.1035069,3.167666433408586,13096305463.32306,0.0
2025-11-19,True,11648.134193957883,305550.1368116956,0.0,0.0,16.007092406681096,29443677.524865948,669117347.1035069,3.009372122005625,13037813738.249132,0.0
2025-11-20,True,11782.275374706236,305477.5638303244,0.0,134.14118074835287,16.3098144417868,82718353.42057659,671629768.1522311,3.067013061449681,13034717051.651573,0.0
2025-11-21,True,11786.425505213283,309937.166181132,4.150130507047384,0.0,16.608000114802255,44463916.05889418,671629768.1522311,3.054530382416543,13377308761.815762,0.0
2025-11-22,False,11786.425505213283,309727.44426929014,0.0,0.0,16.608000114802255,0.0,671629768.1522311,2.9975023786081767,13372965648.252754,0.0
2025-11-23,False,11786.425505213283,309809.79401780106,0.0,0.0,16.608000114802255,0.0,671629768.1522311,3.029738448757934,13376521227.128166,0.0
2025-11-24,True,11786.425505213283,310495.91513139487,0.0,0.0,17.769808595322083,71244187.97860985,671629768.1522311,3.261179322931064,13406145576.705187,0.0
2025-11-25,True,11786.425505213283,306695.36507775466,0.0,0.0,17.13582172381856,57555886.13052327,671629768.1522311,3.1837982789143946,13242050898.457668,0.0
2025-11-26,True,11930.17654798399,304133.71624116163,0.0,143.75104277070787,17.4026104813268,29327014.541784342,674142008.4220636,3.260600960053901,13131447713.21051,0.0
2025-11-27,True,11930.17654798399,305066.9370688289,0.0,0.0,16.17083618125172,94125945.93978114,674142008.4220636,2.9953105475701647,13332387775.070385,0.0
2025-11-28,True,11934.378774470102,300458.90118753386,4.20222648611148,0.0,15.690313773408722,111233431.3896405,674142008.4220636,2.950876772979997,13131002066.605352,0.0
2025-11-29,False,11934.378774470102,303077.8435387642,0.0,0.0,15.690313773408722,0.0,674142008.4220636,3.1362526657661087,13250123626.080547,0.0
2025-11-30,False,11934.378774470102,302986.6680434993,0.0,0.0,15.690313773408722,0.0,674142008.4220636,3.266164380499745,13246137565.701393,0.0
2025-12-01,True,12083.912514059743,297738.12010670285,0.0,149.5337395896406,17.71228306709232,95442928.43188529,676655625.348199,3.360405411725684,13016678664.2919,0.0
2025-12-02,True,12083.912514059743,297557.8260164973,0.0,0.0,17.81955867307183,30959823.738062702,676655625.348199,3.353402556849227,13171792299.034092,0.0
2025-12-03,True,12083.912514059743,296202.65077955637,0.0,0.0,18.25800160873347,24348029.457693703,676655625.348199,3.451631505838183,13111803667.618326,0.0
2025-12-04,True,12083.912514059743,295697.90785355616,0.0,0.0,17.627774495605216,111648178.18245284,676655625.348199,3.3381769854289454,13089460551.745068,0.0
2025-12-05,True,12239.725230525528,294784.098993807,4.256377683783457,151.55633878200206,17.75293735828035,74202750.36837037,679172189.1073684,3.372300690671276,13049009589.111116,0.0
2025-12-06,False,12239.725230525528,300080.7171648016,0.0,0.0,17.75293735828035,0.0,679172189.1073684,3.3146183539328344,13454751527.806505,0.0
2025-12-07,False,12239.725230525528,296814.65063958295,0.0,0.0,17.75293735828035,0.0,679172189.1073684,3.315369578731708,13308310550.241226,0.0
2025-12-08,True,12239.725230525528,299959.4386270193,0.0,0.0,18.056724295036776,102190636.36412162,679172189.1073684,3.3402937454328883,13449313748.908434,0.0
2025-12-09,True,12239.725230525528,299876.8344401722,0.0,0.0,16.819758462886504,98669625.59361479,679172189.1073684,3.1123258708159462,13445610016.060535,0.0
2025-12-10,True,12411.20749616717,296833.20372816,0.0,171.4822656416425,20.216061758812405,97979495.95302296,681690069.7361602,3.7791340907266964,13309142417.07771,0.0
2025-12-11,True,12411.20749616717,301831.5708637769,0.0,0.0,20.873122543589666,19428644.18900193,681690069.7361602,3.798356206280258,13722859750.97805,0.0
2025-12-12,True,12415.579158619545,302009.17950031976,4.371662452374382,0.0,21.2317845529179,70177544.6938711,681690069.7361602,3.861351046408833,13730934779.057005,0.0
2025-12-13,False,12415.579158619545,303781.09259861574,0.0,0.0,21.2317845529179,0.0,681690069.7361602,3.8524473308757083,13816360213.97056,0.0
2025-12-14,False,12415.579158619545,303206.98354323173,0.0,0.0,21.2317845529179,0.0,681690069.7361602,3.674422050170522,13790248985.508532,0.0
2025-12-15,True,12415.579158619545,305163.2395278063,0.0,0.0,20.651049613616305,40147382.11027705,681690069.7361602,3.715608073639762,13879222058.59353,0.0
2025-12-16,True,12621.342883832845,301710.37957005686,0.0,205.76372521330063,24.659238266387433,112478861.50646643,684207627.2926916,4.487550926176898,13722181485.276169,0.0
2025-12-17,True,12621.342883832845,302292.8507742391,0.0,0.0,25.489758950341,112894258.50329411,684207627.2926916,4.571094483070122,13976530160.827063,0.0
2025-12-18,True,12621.342883832845,302683.1208447674,0.0,0.0,25.824400553810857,112894258.50329411,684207627.2926916,4.625134770021231,13994574323.623623,0.0
2025-12-19,True,12625.7885633367,300774.1136731816,4.445679503854414,0.0,23.764456265807365,85842712.17955074,684207627.2926916,4.2832139885178355,13906311249.44715,0.0
2025-12-20,False,12625.7885633367,304853.3564571412,0.0,0.0,23.764456265807365,0.0,684207627.2926916,3.978981973295583,14099880035.601233,0.0
2025-12-21,False,12625.7885633367,301262.7897977163,0.0,0.0,23.764456265807365,0.0,684207627.2926916,3.8931367789275853,13933811471.534634,0.0
2025-12-22,True,12625.7885633367,299557.32940853795,0.0,0.0,19.9990542841168,41747420.54800095,684207627.2926916,3.61791957252085,13854931621.982227,0.0
2025-12-23,True,12625.7885633367,301045.941324816,0.0,0.0,19.389654137850975,105913340.04928614,684207627.2926916,3.490331566495676,13923781936.385897,0.0
2025-12-24,True,12798.922163238727,299825.7442215125,0.0,173.1335999020267,20.648474097811807,112894258.50329411,686721610.1756145,3.732058493525837,13867346170.10039,0.0
2025-12-25,True,12798.922163238727,299593.8895379054,0.0,0.0,20.51151986831132,27182734.144638173,686721610.1756145,3.6734337098883416,14046634229.933123,0.0
2025-12-26,True,12803.430392391223,302065.49527236447,4.508229152495623,0.0,24.35540280348598,113309065.67897639,686721610.1756145,4.326149406000857,14162516906.198984,0.0
2025-12-27,False,12803.430392391223,302042.8612282438,0.0,0.0,24.35540280348598,0.0,686721610.1756145,4.1985199778509275,14166443857.077509,0.0
2025-12-28,False,12803.430392391223,300845.0923758264,0.0,0.0,24.35540280348598,0.0,686721610.1756145,4.377317655249009,14110265985.061174,0.0
2025-12-29,True,13005.712779982143,303471.384429913,0.0,202.2823875909205,24.40660089579763,113309065.67897639,689236786.9702076,4.313640252226178,14233444592.180754,0.0
2025-12-30,True,13005.712779982143,301553.8696801916,0.0,0.0,24.360751139229844,55278429.71758645,689236786.9702076,4.281146205997079,14366963522.836159,0.0
2025-12-31,True,13005.712779982143,301503.2845721322,0.0,0.0,24.380140760353363,113724069.85008426,689236786.9702076,4.285272574911248,14364553491.079449,0.0
2026-01-01,True,13005.712779982143,306831.52187988913,0.0,0.0,23.93616709059399,84663015.87962171,689236786.9702076,4.134175644845392,14618407275.554981,0.0
2026-01-02,True,13147.725889791913,303842.92406414787,142.01310980976936,0.0,22.695786168718275,72895993.75778906,689236786.9702076,3.9584976787125,14476021187.62741,0.0
2026-01-03,False,13147.725889791913,303353.67596738425,0.0,0.0,22.695786168718275,0.0,689236786.9702076,3.734486165052145,14610525196.090696,0.0
2026-01-04,False,13147.725889791913,306205.7730243623,0.0,0.0,22.695786168718275,0.0,689236786.9702076,3.9622171416881065,14747891706.583073,0.0
2026-01-05,True,13147.725889791913,303149.5184734055,0.0,0.0,22.528233629260935,27329064.433074433,689236786.9702076,3.8957229757535075,14600692289.994423,0.0
2026-01-06,True,13147.725889791913,304149.16597747756,0.0,0.0,21.70639967399928,112202329.99809235,689236786.9702076,3.741269327899479,14648838649.1868,0.0
2026-01-07,True,13334.326112637551,305159.31645740295,0.0,186.60022284563846,22.68707687240908,102982092.84393091,691746709.1067004,3.8973527646299466,14697490866.740213,0.0
2026-01-08,True,13334.326112637551,304736.6650401608,0.0,0.0,23.299507819705134,114138207.00260557,691746709.1067004,3.9664142166473977,14885441050.388008,0.0
2026-01-09,True,13479.92744572157,304643.192894472,145.60133308401967,0.0,21.13650196484518,108704592.5735459,691746709.1067004,3.599296841377373,14880875225.943087,0.0
2026-01-10,False,13479.92744572157,306076.7343610536,0.0,0.0,21.13650196484518,0.0,691746709.1067004,3.4596506660444932,15114152440.327154,0.0
2026-01-11,False,13479.92744572157,303451.6590275001,0.0,0.0,21.13650196484518,0.0,691746709.1067004,3.363490018715553,14984525505.952362,0.0
2026-01-12,True,13479.92744572157,303858.45182611333,0.0,0.0,20.260012988063206,60937411.20741592,691746709.1067004,3.421589824813499,15004613045.054941,0.0
2026-01-13,True,13479.92744572157,308701.0669264738,0.0,0.0,19.444368423766594,63975835.70047038,691746709.1067004,3.232326761367645,15243742696.609379,0.0
2026-01-14,True,13479.92744572157,304914.85656121594,0.0,0.0,18.948646364774813,107328688.14488658,691746709.1067004,3.189034021701231,15056778598.370699,0.0
2026-01-15,True,13479.92744572157,309149.7599172827,0.0,0.0,16.915740033556876,68406922.2139317,691746709.1067004,2.807899992165273,15265899278.60555,0.0
2026-01-16,True,13627.118641541567,308875.7148241854,147.19119581999638,0.0,16.151043591739317,81612417.89855506,691746709.1067004,2.683344128724484,15252366857.328115,0.0
2026-01-17,False,13627.118641541567,307692.67448165297,0.0,0.0,16.151043591739317,0.0,691746709.1067004,2.571521505067146,15359855081.376804,0.0
2026-01-18,False,13627.118641541567,310196.8129379501,0.0,0.0,16.151043591739317,0.0,691746709.1067004,2.4983355465631663,15484860344.687742,0.0
2026-01-19,True,13765.643811004993,309117.7377916587,0.0,138.5251694634257,17.12934409449494,84774997.00838402,694246547.2076527,2.8129361334435075,15430993485.826471,0.0
2026-01-20,True,13765.643811004993,309941.0328684196,0.0,0.0,18.164436792210363,86308502.96675605,694246547.2076527,2.955698024054986,15629372008.132587,0.0
2026-01-21,True,13765.643811004993,311237.12034678005,0.0,0.0,18.419085898634584,12078538.890557505,694246547.2076527,2.984653265896357,15694729709.134306,0.0
2026-01-22,True,13952.377303569221,313342.9548590729,0.0,186.73349256422787,23.366572940292347,114550680.2892627,696750621.060534,3.7609043413301944,15800920459.92193,0.0
2026-01-23,True,14104.727314955666,306680.0754785284,152.35001138644472,0.0,23.006119164587272,71747722.63478723,696750621.060534,3.746165465618698,15674716616.38565,0.0
2026-01-24,False,14104.727314955666,309967.23480691505,0.0,0.0,23.006119164587272,0.0,696750621.060534,3.7512547954622693,16015717800.287573,0.0
2026-01-25,False,14104.727314955666,308204.80518484436,0.0,0.0,23.006119164587272,0.0,696750621.060534,3.6577193692777805,15924654706.191402,0.0
2026-01-26,True,14104.727314955666,304315.636360328,0.0,0.0,22.750127744108973,63778187.02963273,696750621.060534,3.692939916627622,15723704981.908672,0.0
2026-01-27,True,14302.509087482515,308888.75329688576,0.0,197.78177252684853,24.387244519632045,114963852.47498812,699255724.2956078,3.9000781274367355,15959993666.966782,0.0
2026-01-28,True,14302.509087482515,305753.18160295114,0.0,0.0,22.86958553869953,24722969.43612017,699255724.2956078,3.6568833496037403,16019506822.008673,0.0
2026-01-29,True,14302.509087482515,305286.09995144326,0.0,0.0,22.50232024068718,42356185.507703476,699255724.2956078,3.603662148930243,15995034737.487627,0.0
2026-01-30,True,14458.682288287175,305174.22310451546,156.17320080465953,0.0,21.259396940899624,20781605.090994656,699255724.2956078,3.4058607771463008,15989173107.845087,0.0
2026-01-31,False,14458.682288287175,303363.72762483434,0.0,0.0,21.259396940899624,0.0,699255724.2956078,3.234017546021972,16067869333.681364,0.0
2026-02-01,False,14458.682288287175,300402.2069775917,0.0,0.0,21.259396940899624,0.0,699255724.2956078,2.965160385944544,15911010347.402876,0.0
2026-02-02,True,14458.682288287175,305972.538557511,0.0,0.0,18.525098644007947,26651527.10592579,699255724.2956078,2.9280965646802235,16206046806.349972,0.0
2026-02-03,True,14633.919938267602,306330.0060640591,0.0,175.2376499804275,21.447200399025515,115377194.5087753,701758640.7314329,3.3860111651833167,16224980319.697868,0.0
2026-02-04,True,14633.919938267602,305079.55679535185,0.0,0.0,21.515491450028044,52198166.58157923,701758640.7314329,3.3819350120785665,16354591688.433908,0.0
2026-02-05,True,14633.919938267602,309498.48743634764,0.0,0.0,24.66659253787097,115790175.72068644,701758640.7314329,3.8218859504609077,16591480082.701096,0.0
2026-02-06,True,15011.216066952526,306637.35113850597,159.79197098211043,217.50415770281344,26.602628177512024,56299462.13440154,704265720.0445957,4.160318536680129,16438101349.60051,0.0
2026-02-07,False,15011.216066952526,306373.8916806006,0.0,0.0,26.602628177512024,0.0,704265720.0445957,3.9245869633948445,16847425854.924511,0.0
2026-02-08,False,15011.216066952526,309647.3589239119,0.0,0.0,26.602628177512024,0.0,704265720.0445957,3.8653880510143654,17027433023.184477,0.0
2026-02-09,True,15011.216066952526,308321.8731754353,0.0,0.0,29.1867057320121,58553088.131680004,704265720.0445957,4.441211106949952,16954544883.967648,0.0
2026-02-10,True,15011.216066952526,311428.7415408882,0.0,0.0,29.470238854524922,116203843.8073583,704265720.0445957,4.439618358557031,17125390820.417564,0.0
2026-02-11,True,15253.374076404449,313944.67767924507,0.0,242.15800945192362,30.312213194109056,66830496.64729411,706773759.221346,4.5298643356731585,17263741537.295494,0.0
2026-02-12,True,15253.374076404449,308351.26468586957,0.0,0.0,28.39868446508926,95508300.05066442,706773759.221346,4.267435680536407,17229694599.579456,0.0
2026-02-13,True,15419.930044872091,308391.8245188489,166.55596846764197,0.0,26.829020596719086,116617670.2715221,706773759.221346,4.031033972185689,17231960954.91922,0.0
2026-02-14,False,15419.930044872091,307496.4284443839,0.0,0.0,26.829020596719086,0.0,706773759.221346,3.883708250504332,17369543464.431976,0.0
2026-02-15,False,15419.930044872091,305238.0217579069,0.0,0.0,26.829020596719086,0.0,706773759.221346,4.961073405511052,17241972899.467766,0.0
2026-02-16,True,15676.136683239332,304993.23870791186,0.0,256.2066383672418,31.144674683374397,95268217.14036825,709282736.8622589,4.680493005049791,17228145845.125202,0.0
2026-02-17,True,15676.136683239332,307712.4416463449,0.0,0.0,35.211850603297734,117031651.58227272,709282736.8622589,5.1775481030532085,17670548170.09657,0.0
2026-02-18,True,15676.136683239332,302134.3742855284,0.0,0.0,33.18489851092184,68392835.66688961,709282736.8622589,4.969591641288667,17350224729.588318,0.0
2026-02-19,True,15954.956839257664,302991.8217714607,0.0,278.82015601833194,33.616116166366645,103241916.00938293,711795823.9363427,5.019922099535799,17399464100.679165,0.0
2026-02-20,True,16129.173591230772,301702.0174818128,174.2167519731079,0.0,34.06235642346454,117446310.94949655,711795823.9363427,5.036818212673552,17633550764.96512,0.0
2026-02-21,False,16129.173591230772,294906.06829179823,0.0,0.0,34.06235642346454,0.0,711795823.9363427,4.497104041396824,17424557167.544426,0.0
2026-02-22,False,16129.173591230772,301789.8184812948,0.0,0.0,34.06235642346454,0.0,711795823.9363427,4.062022429654043,17831284297.300518,0.0
2026-02-23,True,16129.173591230772,301131.11844284716,0.0,0.0,28.282468644828988,29473357.880955666,711795823.9363427,4.144813528284398,17792364933.78021,0.0
2026-02-24,True,16129.173591230772,301582.5537991115,0.0,0.0,28.280831188515066,46647402.987582184,711795823.9363427,4.138369594916245,17819038040.9775,0.0
2026-02-25,True,16385.520034334975,303194.6678769085,0.0,256.34644310420373,30.93571950926788,85041841.41737466,714308223.0630261,4.50279299410353,17914289976.863003,0.0
2026-02-26,True,16385.520034334975,305085.42244871805,0.0,0.0,29.844569194663055,117860856.80539931,714308223.0630261,4.264511382184263,18312498853.305122,0.0
2026-02-27,True,16564.438229384443,302311.0111728761,178.91819504946685,0.0,27.519906765367388,37039972.65283587,714308223.0630261,3.968427154541679,18145967122.946907,0.0
2026-02-28,False,16564.438229384443,305482.78098839836,0.0,0.0,27.519906765367388,0.0,714308223.0630261,3.7623468373828204,18536569836.20657,0.0
2026-03-01,False,16564.438229384443,309117.90174515615,0.0,0.0,27.519906765367388,0.0,714308223.0630261,3.783367198725722,18757147472.53902,0.0
2026-03-02,True,16564.438229384443,308194.1995176533,0.0,0.0,27.439902930858732,64658239.08017171,714308223.0630261,3.839432599879347,18701097600.292328,0.0
2026-03-03,True,16784.592137186362,316867.31518325745,0.0,220.15390780192067,27.773955600810652,117860856.80539931,716819913.464456,3.779803569748463,19227378701.02341,0.0
2026-03-04,True,16784.592137186362,314591.03556384915,0.0,0.0,27.348114108313553,86904654.498455,716819913.464456,3.7126183723721162,19342965618.9196,0.0
2026-03-05,True,16784.592137186362,314148.80248342303,0.0,0.0,25.324467136612178,70948299.45757663,716819913.464456,3.442739612596314,19315774445.926067,0.0
2026-03-06,True,17228.07006989764,317598.94892738597,183.27577785350036,260.2021548577745,32.84920753486061,80621881.13399506,719335649.3708327,4.417180127938726,19527910382.750206,0.0
2026-03-07,False,17228.07006989764,316675.0313663284,0.0,0.0,32.84920753486061,0.0,719335649.3708327,4.284119713379855,19985562500.229595,0.0
2026-03-08,False,17228.07006989764,318799.2048859909,0.0,0.0,32.84920753486061,0.0,719335649.3708327,4.3853605675767975,20119620441.12686,0.0
2026-03-09,True,17228.07006989764,322277.9294545577,0.0,0.0,33.133824969818704,38261632.06726994,719335649.3708327,4.292753623241807,20339164959.639126,0.0
2026-03-10,True,17228.07006989764,323811.0291701236,0.0,0.0,35.30009262046698,58307191.79009479,719335649.3708327,4.551757981301981,20435919857.08819,0.0
2026-03-11,True,17503.84228171856,323225.20372110826,0.0,275.77221182092063,35.419587147634516,118690382.1461874,721852237.9740511,4.5754438637022075,20398948040.664875,0.0
2026-03-12,True,17503.84228171856,325858.3288969847,0.0,0.0,34.755475576290344,76795295.568542,721852237.9740511,4.398547895828361,20894315197.18932,0.0
2026-03-13,True,17694.971758287702,322197.6901541271,191.12947656914153,0.0,32.55898074545717,31042374.482227266,721852237.9740511,4.167381832197976,20659591905.091145,0.0
2026-03-14,False,17694.971758287702,323610.8330887371,0.0,0.0,32.55898074545717,0.0,721852237.9740511,3.8124464704514787,20976781270.603313,0.0
2026-03-15,False,17694.971758287702,329861.3887058497,0.0,0.0,32.55898074545717,0.0,721852237.9740511,3.8884835289711353,21381948603.070084,0.0
2026-03-16,True,17694.971758287702,326633.61013272824,0.0,0.0,31.599195632895764,39427037.427827105,721852237.9740511,3.946513476043267,21172720733.68123,0.0
2026-03-17,True,17943.083359174852,329731.2327903461,0.0,248.11160088714968,32.51807915973371,57949451.38094626,724368073.6612774,4.023122263415446,21373511765.080036,0.0
2026-03-18,True,17943.083359174852,331253.74528276495,0.0,0.0,32.01855512979724,73759887.57183121,724368073.6612774,3.902142801554074,21773276938.051937,0.0
2026-03-19,True,17943.083359174852,327447.77083316585,0.0,0.0,34.90242704654515,111941338.98363434,724368073.6612774,4.303044284843612,21523110602.152752,0.0
2026-03-20,True,18139.009035108153,328229.9528854984,195.92567593329872,0.0,33.998574261605384,74313966.80403642,724368073.6612774,4.181621505859149,21574523353.507072,0.0
2026-03-21,False,18139.009035108153,329416.0322926937,0.0,0.0,33.998574261605384,0.0,724368073.6612774,4.189278306276774,21888913927.84577,0.0
2026-03-22,False,18139.009035108153,327503.890196453,0.0,0.0,33.998574261605384,0.0,724368073.6612774,4.406346773111821,21761856621.40225,0.0
2026-03-23,True,18409.347916787054,329576.26966612786,0.0,270.33888167889955,35.42540842503765,119520732.15411077,726883140.787687,4.292444372534709,21899561321.20642,0.0
2026-03-24,True,18409.347916787054,329894.2316565839,0.0,0.0,34.39670796124553,43840865.70735247,726883140.787687,4.116881323471165,22247389159.764847,0.0
2026-03-25,True,18409.347916787054,324516.9159229472,0.0,0.0,32.66815781352506,35729414.697619215,726883140.787687,3.974783656911821,21884754035.287506,0.0
2026-03-26,True,18409.347916787054,323940.2324839443,0.0,0.0,30.943046198473947,119935718.22996835,726883140.787687,3.7715890545901685,21845863689.054214,0.0
2026-03-27,True,18610.36486921867,325373.14866874437,201.01695243161583,0.0,30.587745562801487,54209571.73374956,726883140.787687,3.7118630925164173,21942496612.389954,0.0
2026-03-28,False,18610.36486921867,320432.1726125494,0.0,0.0,30.587745562801487,0.0,726883140.787687,3.8036153297003747,21845245348.42797,0.0
2026-03-29,False,18610.36486921867,322951.93582559325,0.0,0.0,30.587745562801487,0.0,726883140.787687,3.759791906228706,22017028491.05093,0.0
2026-03-30,True,18905.345000610094,323161.0737319168,0.0,294.9801313914252,37.937654532712614,102154539.0653158,729395844.7796493,4.585230189365648,22031286325.518814,0.0
2026-03-31,True,18905.345000610094,320339.02751113137,0.0,0.0,37.86873690830691,55440642.08337117,729395844.7796493,4.560890489789881,22185048596.90338,0.0
2026-04-01,True,18905.345000610094,323294.09237905504,0.0,0.0,36.980608082628756,33651438.72086792,729395844.7796493,4.413213694313751,22389701330.63752,0.0
2026-04-02,True,18905.345000610094,320287.45714133384,0.0,0.0,36.782949652657,73529470.8233207,729395844.7796493,4.430832157122715,22181477095.893944,0.0
2026-04-03,True,19111.777887525415,322716.61663072277,206.43288691532226,0.0,35.07139380268134,87596064.60193364,729395844.7796493,4.192860139071757,22349708303.125942,0.0
2026-04-04,False,19111.777887525415,324395.9028119026,0.0,0.0,35.07139380268134,0.0,729395844.7796493,4.164612738548922,22711319884.561398,0.0
2026-04-05,False,19111.777887525415,328245.77060317586,0.0,0.0,35.07139380268134,0.0,729395844.7796493,4.106651459819233,22980853433.42245,0.0
2026-04-06,True,19111.777887525415,326094.5090675042,0.0,0.0,33.980882213070835,104537110.46679392,729395844.7796493,3.9769795630072404,22830241207.84104,0.0
2026-04-07,True,19111.777887525415,331064.6434814398,0.0,0.0,33.49293307170611,50824056.32563593,729395844.7796493,3.861024655023397,23178205875.599525,0.0
2026-04-08,True,19111.777887525415,332294.6690560619,0.0,0.0,32.25293429457176,43749036.12615674,729395844.7796493,3.7043162194964734,23264321341.452473,0.0
2026-04-09,True,19111.777887525415,330691.516896888,0.0,0.0,31.865302748363444,96857313.83287783,729395844.7796493,3.6775381791153765,23152082866.197327,0.0
2026-04-10,True,19569.217631505682,337352.8162944258,208.68698684308447,248.75275713718267,33.51270569862793,75946817.38209589,731899893.3615776,3.791292990842931,23618447885.4622,0.0
2026-04-11,False,19569.217631505682,333816.11304271343,0.0,0.0,33.51270569862793,0.0,731899893.3615776,3.6267971823266283,23930219568.912872,0.0
2026-04-12,False,19569.217631505682,337636.744406048,0.0,0.0,33.51270569862793,0.0,731899893.3615776,3.5188924340984253,24204108527.067425,0.0
2026-04-13,True,19569.217631505682,337637.9330426604,0.0,0.0,31.532146651654838,24507459.53333888,731899893.3615776,3.49285474722842,24204193736.660408,0.0
2026-04-14,True,19569.217631505682,335982.3733496573,0.0,0.0,31.248493248299223,47756013.540649086,731899893.3615776,3.478490394183959,24085511907.308636,0.0
2026-04-15,True,19569.217631505682,333518.0693571886,0.0,0.0,30.554901715600238,111573175.84151028,731899893.3615776,3.4264132730872343,23908853761.34077,0.0
2026-04-16,True,19569.217631505682,336270.26104569953,0.0,0.0,29.835149421966637,62683232.77922658,731899893.3615776,3.3183178023772277,24106149664.17029,0.0
2026-04-17,True,19782.899534174772,334019.9396584931,213.68190266909053,0.0,28.75700949480423,117087201.22466068,731899893.3615776,3.219953117020879,23944831253.24751,0.0
2026-04-18,False,19782.899534174772,330373.35659326613,0.0,0.0,28.75700949480423,0.0,731899893.3615776,3.268711952059195,23942025317.05604,0.0
2026-04-19,False,19782.899534174772,333536.3540284337,0.0,0.0,28.75700949480423,0.0,731899893.3615776,3.2893568227909094,24171246478.990707,0.0
2026-04-20,True,20027.03867032979,328144.1487215831,0.0,244.13913615501792,32.08369339784272,101158977.46712333,734396888.5799835,3.6172742038423067,23780475512.15902,0.0
2026-04-21,True,20027.03867032979,327141.33248237445,0.0,0.0,31.001670038885575,44198232.83939552,734396888.5799835,3.475071647853048,24000377851.940624,0.0
2026-04-22,True,20027.03867032979,327780.90946176945,0.0,0.0,37.07617384757483,63662074.75376929,734396888.5799835,4.147871998544359,24047299740.576355,0.0
2026-04-23,True,20027.03867032979,325034.9742451916,0.0,0.0,36.34666275823123,37261651.27617888,734396888.5799835,4.100610684956748,23845847107.689106,0.0
2026-04-24,True,20245.7196522927,326936.6781623673,218.68098196290833,0.0,35.690048407536864,99906458.23751421,734396888.5799835,4.003110544470859,23985363604.20882,0.0
2026-04-25,False,20245.7196522927,329102.4362481949,0.0,0.0,35.690048407536864,0.0,734396888.5799835,3.89310039506498,24407890172.965668,0.0
2026-04-26,False,20245.7196522927,326172.5011571347,0.0,0.0,35.690048407536864,0.0,734396888.5799835,3.659378131013521,24190591465.816074,0.0
2026-04-27,True,20245.7196522927,326531.0546043239,0.0,0.0,32.03073404535725,99679205.64816937,734396888.5799835,3.558279101573031,24217183590.93037,0.0
2026-04-28,True,20493.27806086266,328528.094351849,0.0,247.55840856995994,32.62237610784014,74543267.75862217,736889959.3464848,3.601974926682723,24365294092.281624,0.0
2026-04-29,True,20493.27806086266,328864.9466044036,0.0,0.0,32.18646009350596,113821176.05796555,736889959.3464848,3.519223397393578,24688513520.773823,0.0
2026-04-30,True,20493.27806086266,330480.19735657494,0.0,0.0,31.485316291636387,26093038.379539765,736889959.3464848,3.425735477626404,24809773449.647884,0.0
2026-05-01,True,20717.050044517324,334976.11999183754,223.77198365466455,0.0,29.31221595679502,71445124.36440894,736889959.3464848,3.146487494479658,25147290864.97325,0.0
2026-05-02,False,20717.050044517324,333820.7602889491,0.0,0.0,29.31221595679502,0.0,736889959.3464848,3.0061409480607746,25334199227.110996,0.0
2026-05-03,False,20717.050044517324,335948.46886786434,0.0,0.0,29.31221595679502,0.0,736889959.3464848,2.8853965834835282,25495674484.03874,0.0
2026-05-04,True,20717.050044517324,336370.74404590303,0.0,0.0,27.199541230990047,40299726.806950994,736889959.3464848,2.8761934103079474,25527721632.573883,0.0
2026-05-05,True,20717.050044517324,333372.06075058726,0.0,0.0,25.102100522887895,72298250.3626687,736889959.3464848,2.6782775970775923,25300146690.98912,0.0
2026-05-06,True,20904.25426817562,339810.9854700536,0.0,187.20422365829657,25.55646419989363,74850663.78738678,739379116.3451961,2.6750880238732075,25788807137.122345,0.0
2026-05-07,True,20904.25426817562,340843.2853330612,0.0,0.0,25.14160100572763,79523241.45339075,739379116.3451961,2.608979626469282,26100891809.137177,0.0
2026-05-08,True,21132.513818966796,341468.0831901062,228.2595507911747,0.0,25.548480333922473,82741012.13299035,739379116.3451961,2.646351061106974,26148737203.108715,0.0
2026-05-09,False,21132.513818966796,343254.51403133565,0.0,0.0,25.548480333922473,0.0,739379116.3451961,2.4693183004443373,26572556753.83722,0.0
2026-05-10,False,21132.513818966796,343544.6834516937,0.0,0.0,25.548480333922473,0.0,739379116.3451961,2.5929041093310845,26595019804.068188,0.0
2026-05-11,True,21319.835835125352,342039.0461603183,0.0,187.32201615855442,25.73295478420456,89922801.0363187,741868975.9151133,2.632267298528133,26478463048.831707,0.0
2026-05-12,True,21319.835835125352,343761.6863558923,0.0,0.0,26.217454351036608,36944732.54876821,741868975.9151133,2.6538501875200806,26847710233.58517,0.0
2026-05-13,True,21319.835835125352,348006.33619002387,0.0,0.0,25.018523528712283,59462611.36628199,741868975.9151133,2.5016000587019698,27179216429.048214,0.0
2026-05-14,True,21319.835835125352,346375.32671903045,0.0,0.0,24.584679897461,30494043.37536187,741868975.9151133,2.469795318321397,27051834956.93113,0.0
2026-05-15,True,21552.63324029641,354005.83314731345,232.79740517105816,0.0,24.526432519806196,18119757.693888582,741868975.9151133,2.410834057420139,27647775789.354088,0.0
2026-05-16,False,21552.63324029641,351919.4839737993,0.0,0.0,24.526432519806196,0.0,741868975.9151133,2.5491232441082388,27784947160.664463,0.0
2026-05-17,False,21552.63324029641,348753.32963248115,0.0,0.0,24.526432519806196,0.0,741868975.9151133,2.5344134666232887,27534971143.188316,0.0
2026-05-18,True,21758.947678804194,353253.07916482043,0.0,206.31443850778214,29.299051590864657,45214860.56881053,744356469.7663395,2.8549235136303754,27890237926.318684,0.0
2026-05-19,True,21758.947678804194,351533.05173388787,0.0,0.0,29.838983805178188,113030781.19742589,744356469.7663395,2.9037615080169044,28020119085.35716,0.0
2026-05-20,True,21758.947678804194,353166.1343037328,0.0,0.0,31.537760953195075,122818817.51144603,744356469.7663395,3.0548851332321783,28150289400.37469,0.0
2026-05-21,True,21758.947678804194,354707.95657220244,0.0,0.0,31.212742951286916,95928050.39951044,744356469.7663395,3.010260535450437,28273185507.463024,0.0
2026-05-22,True,21996.53987219871,356920.43438661244,237.59219339451602,0.0,30.587831018776704,23102549.66810436,744356469.7663395,2.931705549013029,28449538460.699432,0.0
2026-05-23,False,21996.53987219871,351788.8101226696,0.0,0.0,30.587831018776704,0.0,744356469.7663395,2.7559791414514017,28346687486.265236,0.0
2026-05-24,False,21996.53987219871,353040.70113977615,0.0,0.0,30.587831018776704,0.0,744356469.7663395,2.807675886080814,28447563245.83362,0.0
2026-05-25,True,21996.53987219871,348486.5382464956,0.0,0.0,29.090156891484966,119995774.41944206,744356469.7663395,2.824793169884999,28080594688.043636,0.0
2026-05-26,True,21996.53987219871,345781.8743578247,0.0,0.0,25.179206141682084,27181036.297257964,744356469.7663395,2.4641458323382723,27862656368.798042,0.0
2026-05-27,True,21996.53987219871,351502.24131215346,0.0,0.0,24.343739461827646,41251775.00085802,744356469.7663395,2.343612415269944,28323596142.023273,0.0
2026-05-28,True,22177.61137281207,346605.8239460207,0.0,181.07150061335815,25.3007362372599,75281049.25648582,746837047.2513065,2.4701532643219064,27929049161.317184,0.0
2026-05-29,True,22419.77507521623,347534.3846408194,242.163702404158,0.0,24.25698596198033,46330645.05836954,746837047.2513065,2.350445261615144,28234394138.47304,0.0
2026-05-30,False,22419.77507521623,346717.2951401227,0.0,0.0,24.25698596198033,0.0,746837047.2513065,2.5519616984279074,28475586747.26159,0.0
2026-05-31,False,22419.77507521623,343000.54169255466,0.0,0.0,24.25698596198033,0.0,746837047.2513065,2.4750029984325286,28170333052.975487,0.0
2026-06-01,True,22419.77507521623,341235.8965615846,0.0,0.0,26.374402561156362,12294793.286706269,746837047.2513065,2.5746756270650226,28025404299.176914,0.0
2026-06-02,True,22613.283585186728,343356.44898777414,0.0,193.5085099704988,26.777700702716707,56152744.17617891,749318305.6524674,2.5979014735208246,28199563406.352898,0.0
2026-06-03,True,22613.283585186728,342771.5509338552,0.0,0.0,26.73572222007864,54929574.053020656,749318305.6524674,2.5845793142257847,28394506374.73857,0.0
2026-06-04,True,22613.283585186728,346120.22483127774,0.0,0.0,27.679939045736507,33662197.175987594,749318305.6524674,2.649969440042632,28671903790.21321,0.0
2026-06-05,True,23065.71365955871,349092.49317895557,246.92093230640964,205.50914206557314,28.870390743243583,59275879.92539244,751803263.3176672,2.740405719311312,28918120526.449463,0.0
2026-06-06,False,23065.71365955871,343592.6193238044,0.0,0.0,28.870390743243583,0.0,751803263.3176672,2.860980871519616,29031979398.2639,0.0
2026-06-07,False,23065.71365955871,344682.6329559833,0.0,0.0,28.870390743243583,0.0,751803263.3176672,2.572997475945996,29124080484.06581,0.0
2026-06-08,True,23065.71365955871,346881.8782140261,0.0,0.0,26.560956696765164,49712359.19225689,751803263.3176672,2.4957404152736498,29309906486.815475,0.0
2026-06-09,True,23065.71365955871,342863.58438325423,0.0,0.0,28.127435566336587,68867762.46001072,751803263.3176672,2.6739057034516907,28970379334.163803,0.0
2026-06-10,True,23355.70908530378,347178.8743043559,0.0,289.99542574507035,40.504826434797465,107261806.41737543,754288900.0756881,3.8026888827802448,29335001276.08303,0.0
2026-06-11,True,23355.70908530378,349677.61575919815,0.0,0.0,42.92008356027115,89946120.20037399,754288900.0756881,3.964034140280238,29917604306.42086,0.0
2026-06-12,True,23610.736774683588,344733.37165499077,255.0276893798071,0.0,40.777460481891225,65893105.01506453,754288900.0756881,3.820159607001824,29494586269.127064,0.0
2026-06-13,False,23610.736774683588,346314.10555246874,0.0,0.0,40.777460481891225,0.0,754288900.0756881,3.625823213098121,29953366806.513214,0.0
2026-06-14,False,23610.736774683588,341623.889045481,0.0,0.0,40.777460481891225,0.0,754288900.0756881,3.5177019198010027,29547701044.757282,0.0
2026-06-15,True,23610.736774683588,338405.0726655468,0.0,0.0,37.41387898508634,124457668.51248854,754288900.0756881,3.532027286567574,29269299483.385204,0.0
2026-06-16,True,23886.948741310243,339529.19749678305,0.0,276.21196662665415,37.74208724587246,44517246.61144727,756773713.0314955,3.5512149847058216,29366527181.78523,0.0
2026-06-17,True,23886.948741310243,341290.0249831163,0.0,0.0,36.94138801262416,40804377.96738088,756773713.0314955,3.4292170528886268,29864152677.877342,0.0
2026-06-18,True,23886.948741310243,335924.01281139377,0.0,0.0,35.801097480244756,32430793.0702184,756773713.0314955,3.3764525520389594,29394606558.63287,0.0
2026-06-19,True,24426.74635032503,337626.223467459,260.828447621975,278.96916139281086,37.849203547404294,66872900.04681001,759262201.4433315,3.5516154354548455,29543556352.653828,0.0
2026-06-20,False,24426.74635032503,337155.4682515077,0.0,0.0,37.849203547404294,0.0,759262201.4433315,3.4064951766992,30169058344.168915,0.0
2026-06-21,False,24426.74635032503,330016.582758953,0.0,0.0,37.849203547404294,0.0,759262201.4433315,2.9074424931229457,29530262675.054745,0.0
2026-06-22,True,24426.74635032503,335760.5144581034,0.0,0.0,28.801721384203447,42161828.579283655,759262201.4433315,2.666336638344878,30044236277.36726,0.0
2026-06-23,True,24426.74635032503,332390.119319481,0.0,0.0,27.613657430229072,61938619.50415592,759262201.4433315,2.5822719903413702,29742649451.244217,0.0
2026-06-24,True,24646.517029998606,335686.27008857456,0.0,219.77067967357777,29.638013658211463,75690430.47062773,761751369.5969474,2.744363739312434,30037592805.951366,0.0
2026-06-25,True,24646.517029998606,338542.20653824025,0.0,0.0,29.191819264416765,8359702.498684932,761751369.5969474,2.665054102600627,30565696727.618973,0.0
2026-06-26,True,24915.63942172148,337261.58878429804,269.12239172287394,0.0,30.331034691638237,102966555.29495552,761751369.5969474,2.7795726719698313,30450074589.12328,0.0
2026-06-27,False,24915.63942172148,337073.3065279471,0.0,0.0,30.331034691638237,0.0,761751369.5969474,2.686782145875276,30765382777.443684,0.0
2026-06-28,False,24915.63942172148,340308.33831964125,0.0,0.0,30.331034691638237,0.0,761751369.5969474,2.8470730274980665,31060650867.325542,0.0
2026-06-29,True,25137.416840236157,340965.6622537258,0.0,221.77741851467846,30.370705128787318,43411214.85189189,764241219.0771,2.7232369884255028,31120646191.93073,0.0
2026-06-30,True,25137.416840236157,338753.86445968895,0.0,0.0,32.11728343628298,101279861.0405147,764241219.0771,2.882467084824988,31193982889.219486,0.0
2026-07-01,True,25137.416840236157,346742.37091795297,0.0,0.0,34.14227762006554,104549197.64715871,764241219.0771,2.993611135199297,31929600574.84197,0.0
2026-07-02,True,25137.416840236157,342359.13641873363,0.0,0.0,31.563669990977992,30942752.418365233,764241219.0771,2.8029502046573285,31525972583.21398,0.0
2026-07-03,True,25612.95359592909,344250.1671491974,274.48266761364727,201.054088079288,33.4447414604624,20694704.28083477,766310689.5051835,2.9536803507743135,31700107217.34771,0.0
2026-07-04,False,25612.95359592909,346319.419673848,0.0,0.0,33.4447414604624,0.0,766310689.5051835,2.7632790435011243,32493944336.48927,0.0
2026-07-05,False,25612.95359592909,340786.4028062665,0.0,0.0,33.4447414604624,0.0,766310689.5051835,2.751596094610175,31974800644.583775,0.0
2026-07-06,True,25612.95359592909,343889.4924420883,0.0,0.0,29.365954964955932,37486353.63262407,766310689.5051835,2.554879627778941,32265952731.846134,0.0
2026-07-07,True,25612.95359592909,345264.6785755347,0.0,0.0,27.896855795142095,63261193.54087283,766310689.5051835,2.417398939674662,32394981654.667164,0.0
2026-07-08,True,25612.95359592909,341476.0710775714,0.0,0.0,26.39446104193844,25846789.740807954,766310689.5051835,2.3125852085095877,32039509815.208763,0.0
2026-07-09,True,25845.07579199535,341540.36616776924,0.0,232.12219606625956,31.840889443195948,46256178.11853009,768800541.4291246,2.789255975510803,32045542399.474373,0.0
2026-07-10,True,26127.28559076468,344610.7147607042,282.2097987693287,0.0,32.12779104466205,53662567.37061475,768800541.4291246,2.773243223126834,32626652027.428318,0.0
2026-07-11,False,26127.28559076468,340089.1913801199,0.0,0.0,32.12779104466205,0.0,768800541.4291246,2.694782499199458,32550153909.921352,0.0
2026-07-12,False,26127.28559076468,340798.53797172883,0.0,0.0,32.12779104466205,0.0,768800541.4291246,2.609831306307933,32618045925.65596,0.0
2026-07-13,True,26127.28559076468,343869.8160824745,0.0,0.0,33.13441975662366,38530834.062107824,768800541.4291246,2.8353371052514316,32911999916.958218,0.0
2026-07-14,True,26375.82690282858,339945.22423904156,0.0,248.54131206389758,33.92451197412801,65483993.18483075,771291083.7286472,2.9364597510571144,32536374722.817364,0.0
2026-07-15,True,26375.82690282858,343309.49312936905,0.0,0.0,32.411359678055724,33281789.393619422,771291083.7286472,2.7607282835867437,33170943230.390434,0.0
2026-07-16,True,26375.82690282858,343686.58831338835,0.0,0.0,26.767654683696698,19934175.031520296,771291083.7286472,2.2775082714676755,33207378584.471493,0.0
2026-07-17,True,26663.83212527514,339646.5688608189,288.0052224465629,0.0,26.44045393753791,45284748.56359724,771291083.7286472,2.276427912988998,32817027433.126095,0.0
2026-07-18,False,26663.83212527514,344783.50498214475,0.0,0.0,26.44045393753791,0.0,771291083.7286472,2.285888331386103,33677122066.659595,0.0
2026-07-19,False,26663.83212527514,345043.66245264385,0.0,0.0,26.44045393753791,0.0,771291083.7286472,2.614526953919925,33702533244.294106,0.0
2026-07-20,True,26880.20850374046,343313.9256542285,0.0,216.37637846532093,29.836113328600444,44574549.28918191,773780852.5229816,2.513891750315443,33533579229.784492,0.0
2026-07-21,True,26880.20850374046,345391.4504696681,0.0,0.0,31.231992886239226,78002051.98537056,773780852.5229816,2.6029957528253056,34010274780.641666,0.0
2026-07-22,True,26880.20850374046,344517.86024754593,0.0,0.0,26.275932459984677,63331532.58657972,773780852.5229816,2.195491405258183,33924253417.172318,0.0
2026-07-23,True,27092.796135520006,342407.30298814725,0.0,212.5876317795455,29.193715089119625,91132385.61911012,776274250.7569529,2.4543228573229987,33716429418.53303,0.0
2026-07-24,True,27388.630150751316,343550.9517261946,295.8340152313113,0.0,31.181794990997343,85722785.71822888,776274250.7569529,2.6005865227903793,34096587027.460155,0.0
2026-07-25,False,27388.630150751316,344285.30347103986,0.0,0.0,31.181794990997343,0.0,776274250.7569529,2.0786539646188067,34542575875.84519,0.0
2026-07-26,False,27388.630150751316,342426.9910088323,0.0,0.0,31.181794990997343,0.0,776274250.7569529,2.0826130264573464,34356129058.10517,0.0
2026-07-27,True,27388.630150751316,348136.5096322075,0.0,0.0,25.92929560837568,42436884.346710674,776274250.7569529,2.110989229019237,34928972215.434654,0.0
2026-07-28,True,27388.630150751316,344127.2187404732,0.0,0.0,24.22542864222428,23156238.309767965,776274250.7569529,1.9952499791032345,34526715036.75228,0.0
2026-07-29,True,27388.630150751316,340563.77255863766,0.0,0.0,22.72469269552753,37641592.99091695,776274250.7569529,1.8912304001809317,34169190016.44336,0.0
2026-07-30,True,27388.630150751316,346250.6366742545,0.0,0.0,22.35053654782446,54803618.31593055,776274250.7569529,1.829541402117825,34739760218.62406,0.0
2026-07-31,True,27687.69446248396,342307.21046468074,299.0643117326436,0.0,19.38805009982744,14305277.536126347,776274250.7569529,1.6053249487565273,34344111326.029213,0.0
2026-08-01,False,27687.69446248396,346141.76154428005,0.0,0.0,19.38805009982744,0.0,776274250.7569529,1.6816790899552196,35108050773.06856,0.0
2026-08-02,False,27687.69446248396,349151.1861343426,0.0,0.0,19.38805009982744,0.0,776274250.7569529,1.858279361608389,35413287075.19595,0.0
2026-08-03,True,27785.531135568865,349875.7586273015,0.0,97.83667308490436,24.202958465465738,14143180.167827263,777688568.7737356,1.9394696562393614,35486778143.58966,0.0
2026-08-04,True,27785.531135568865,348177.5571353698,0.0,0.0,26.21743409772706,38855003.83754102,777688568.7737356,2.107542899058499,35439321724.13946,0.0
2026-08-05,True,27785.531135568865,350233.70547772053,0.0,0.0,25.65717434860368,24899417.163291495,777688568.7737356,2.050396721259196,35648607191.06228,0.0
2026-08-06,True,27785.531135568865,347479.500255495,0.0,0.0,25.59281396565109,61765629.7174842,777688568.7737356,2.0614645169992705,35368269866.14158,0.0
2026-08-07,True,28202.16288758938,346241.6561258061,303.3981874758673,113.23356454464627,29.477107868124094,13300550.750219084,779018623.8487575,2.3828272971525477,35242275655.838905,0.0
2026-08-08,False,28202.16288758938,355210.34190238576,0.0,0.0,29.477107868124094,0.0,779018623.8487575,2.1771203173791562,36697285679.19908,0.0
2026-08-09,False,28202.16288758938,348497.0315265443,0.0,0.0,29.477107868124094,0.0,779018623.8487575,2.3404372936848223,36003724035.14344,0.0
2026-08-10,True,28202.16288758938,350711.46477394074,0.0,0.0,30.267934378641417,49792181.21682228,779018623.8487575,2.3839560482885678,36232500283.77967,0.0
2026-08-11,True,28202.16288758938,348258.5139474028,0.0,0.0,27.4172880577214,13424897.215274375,779018623.8487575,2.1746440263414892,35979082444.77085,0.0
2026-08-12,True,28202.16288758938,343187.4320824007,0.0,0.0,26.408676044154586,16125843.435785482,779018623.8487575,2.1255957730760073,35455181764.10393,0.0
2026-08-13,True,28350.80535120279,340702.9870824145,0.0,148.64246361340977,26.9150588675853,18815835.257699836,780900207.3745275,2.1821510857585413,35198510217.23831,0.0
2026-08-14,True,28660.375930043552,339642.089933907,309.5705788407613,0.0,24.124323517482797,63866279.317187905,780900207.3745275,1.956427583355922,35273847198.29243,0.0
2026-08-15,False,28660.375930043552,338677.41081016924,0.0,0.0,24.124323517482797,0.0,780900207.3745275,2.0362527928866716,35557730826.42062,0.0
2026-08-16,False,28660.375930043552,338085.8101077861,0.0,0.0,24.124323517482797,0.0,780900207.3745275,2.1589082103134474,35495618687.07912,0.0
2026-08-17,True,28660.375930043552,338843.0247687899,0.0,0.0,29.955876306555684,26336087.738887593,780900207.3745275,2.4087799870200146,35575118630.78479,0.0
2026-08-18,True,28660.375930043552,330544.91151263076,0.0,0.0,28.21657323278173,53270648.14724956,780900207.3745275,2.3258807766510436,34703899978.13293,0.0
2026-08-19,True,28811.815112712182,331111.7004716505,0.0,151.43918266863034,30.33479457594848,16529957.097914271,782553203.0843189,2.496204640275173,34763407133.31048,0.0
2026-08-20,True,28811.815112712182,330109.2820902579,0.0,0.0,30.19923148988358,82682367.87505922,782553203.0843189,2.4847426193825224,34841294279.99004,0.0
2026-08-21,True,29126.41958942476,328532.835766475,314.60447671257776,0.0,30.80973233299086,69151253.98836179,782553203.0843189,2.5471375432130476,34674908682.05793,0.0
2026-08-22,False,29126.41958942476,333568.3716083182,0.0,0.0,30.80973233299086,0.0,782553203.0843189,2.7020476494093795,35590811538.905235,0.0
2026-08-23,False,29126.41958942476,336523.60613355506,0.0,0.0,30.80973233299086,0.0,782553203.0843189,2.9964416222934678,35906126790.56967,0.0
2026-08-24,True,29423.42000541712,336122.0781641958,0.0,297.0004159923593,40.330090578759325,37569607.187006846,785028486.31841,3.22373199238686,35863284880.18062,0.0
2026-08-25,True,29423.42000541712,339740.3997648038,0.0,0.0,43.06175831384787,92702764.52090766,785028486.31841,3.3817136520101947,36618982188.72665,0.0
2026-08-26,True,29423.42000541712,337624.81367940863,0.0,0.0,40.937040650896975,36712108.030199304,785028486.31841,3.2350004974071886,36390953348.96124,0.0
2026-08-27,True,29423.42000541712,338697.579770996,0.0,0.0,38.4518485543513,17204715.947795708,785028486.31841,3.0289868990183364,36506581641.70388,0.0
2026-08-28,True,29744.70277145203,345231.0623545862,321.2827660349118,0.0,35.71841629959256,42340726.48295084,785028486.31841,2.7604163756036906,37210794277.36474,0.0
2026-08-29,False,29744.70277145203,349999.8949206566,0.0,0.0,35.71841629959256,0.0,785028486.31841,2.8971824428936452,38136731740.18372,0.0
2026-08-30,False,29744.70277145203,350648.85716234933,0.0,0.0,35.71841629959256,0.0,785028486.31841,2.784068427439212,38207444044.044716,0.0
2026-08-31,True,30008.20205297803,355123.54101333895,0.0,263.499281526002,37.835170282385675,33625954.45197106,787501708.910289,2.811849119010326,38695015097.99034,0.0
2026-09-01,True,30008.20205297803,356429.83297050226,0.0,0.0,42.8615586849565,27828871.183282696,787501708.910289,3.155770723202635,39181399735.99918,0.0
2026-09-02,True,30008.20205297803,350746.3457017545,0.0,0.0,42.1953153869601,50887697.566613846,787501708.910289,3.1570583728269455,38556628838.69414,0.0
2026-09-03,True,30008.20205297803,356989.5310856887,0.0,0.0,38.96505978718918,90614711.5446789,787501708.910289,2.8643850351172153,39242925886.60179,0.0
2026-09-04,True,30335.870221992383,355673.500781827,327.66816901435266,0.0,38.13892842137732,72148074.99270886,787501708.910289,2.814028597272843,39098258115.751755,0.0
2026-09-05,False,30335.870221992383,359300.69809006725,0.0,0.0,38.13892842137732,0.0,787501708.910289,3.0916916522671993,39928265361.84056,0.0
2026-09-06,False,30335.870221992383,362846.1078594203,0.0,0.0,38.13892842137732,0.0,787501708.910289,2.984540105585686,40322258646.12776,0.0
2026-09-07,True,30627.812993715557,360571.95631327684,0.0,291.9427717231748,42.59730731728853,67476443.63346508,789972906.8089652,3.0667985418231094,40069537382.60076,0.0
2026-09-08,True,30627.812993715557,358476.14366300293,0.0,0.0,40.49975062041678,72464254.67661044,789972906.8089652,2.9139916311185727,40220009620.077515,0.0
2026-09-09,True,30627.812993715557,358725.1711787319,0.0,0.0,39.94195126971461,40984114.72192977,789972906.8089652,2.8718624557597483,40247949803.14225,0.0
2026-09-10,True,30627.812993715557,360067.80530187587,0.0,0.0,38.417564294836886,81103301.34599654,789972906.8089652,2.751957643944355,40398589555.05795,0.0
2026-09-11,True,31093.869969665975,357243.63097984594,334.4338786724752,131.6230972779414,39.60629392397684,11872232.550372355,791160130.0640024,2.859538323793088,40081725182.32691,0.0
2026-09-12,False,31093.869969665975,364585.99475695967,0.0,0.0,39.60629392397684,0.0,791160130.0640024,2.7286881267965213,41527968276.984215,0.0
2026-09-13,False,31093.869969665975,363070.3304245198,0.0,0.0,39.60629392397684,0.0,791160130.0640024,2.678085047045194,41355327360.3794,0.0
2026-09-14,True,31093.869969665975,362709.42589777906,0.0,0.0,36.72927144687753,61543090.033178985,791160130.0640024,2.5765767706075793,41314218727.702774,0.0
2026-09-15,True,31093.869969665975,364535.6520399637,0.0,0.0,36.443567392156645,71275471.503919,791160130.0640024,2.5437269340234727,41522234017.34602,0.0
2026-09-16,True,31093.869969665975,359052.4758589531,0.0,0.0,35.23108674240841,19968064.592816558,791160130.0640024,2.496650375002,40897675834.15548,0.0
2026-09-17,True,31322.913711650075,363483.8801616435,0.0,229.0437419841006,35.572495475123105,23403954.92392289,793500525.5563947,2.4901114912301243,41402432516.94384,0.0
2026-09-18,True,31664.93759451954,364294.034580603,342.02388286946314,0.0,37.69845288482263,42697142.69028582,793500525.5563947,2.6215402647008914,41800371168.37998,0.0
2026-09-19,False,31664.93759451954,364009.92199468164,0.0,0.0,37.69845288482263,0.0,793500525.5563947,2.598913810780044,42223845374.75233,0.0
2026-09-20,False,31664.93759451954,364306.2198311837,0.0,0.0,37.69845288482263,0.0,793500525.5563947,2.5096467757356535,42258214861.069565,0.0
2026-09-21,True,31664.93759451954,366803.88921060524,0.0,0.0,34.25440049551829,55436692.58213708,793500525.5563947,2.3401894737918703,42547935550.81354,0.0
2026-09-22,True,31900.947544080434,363240.5094736666,0.0,236.00994956089644,34.719316411919344,38248879.66687406,795969709.3762099,2.395220345025546,42134596281.92894,0.0
2026-09-23,True,31900.947544080434,361912.7983325634,0.0,0.0,35.84131170218333,19734628.84126665,795969709.3762099,2.4710009480917643,42293482671.636024,0.0
2026-09-24,True,31900.947544080434,366254.1956538813,0.0,0.0,37.004233222543675,77687984.8648832,795969709.3762099,2.520935644695984,42800822597.78896,0.0
2026-09-25,True,32249.28314423194,361598.6936095667,348.3356001515057,0.0,36.81901721228048,50060363.074985266,795969709.3762099,2.5406117200707015,42256776087.28658,0.0
2026-09-26,False,32249.28314423194,367764.14524842275,0.0,0.0,36.81901721228048,0.0,795969709.3762099,2.2592755647745255,43446557997.83047,0.0
2026-09-27,False,32249.28314423194,368281.76253877487,0.0,0.0,36.81901721228048,0.0,795969709.3762099,2.2975435531780173,43507707758.938286,0.0
2026-09-28,True,32249.28314423194,365851.74829874444,0.0,0.0,32.36874545590174,28157122.734644387,795969709.3762099,2.183721290324585,43220633132.49878,0.0
2026-09-29,True,32485.829235028563,370140.98061852733,0.0,236.54609079662285,35.486605402601526,74034984.82861328,798436989.6645217,2.36632156603441,43727350231.36587,0.0
2026-09-30,True,32485.829235028563,372663.89153324295,0.0,0.0,34.57348018601112,46413315.844477415,798436989.6645217,2.280197550542295,44348322420.283264,0.0
2026-10-01,True,32485.829235028563,371260.08363134204,0.0,0.0,35.11954234013876,66758684.50545957,798436989.6645217,2.324969612989961,44181264310.10924,0.0
2026-10-02,True,33076.629600361186,375443.1611317534,354.72209116568393,236.0782741669413,35.87200657978704,48783869.71947146,800907829.2405188,2.3483247979252564,44679065341.848656,0.0
2026-10-03,False,33076.629600361186,380306.61370412656,0.0,0.0,35.87200657978704,0.0,800907829.2405188,2.2907658944548492,46080910589.68635,0.0
2026-10-04,False,33076.629600361186,379147.92171274126,0.0,0.0,35.87200657978704,0.0,800907829.2405188,2.441238785366642,45940514445.806625,0.0
2026-10-05,True,33076.629600361186,382880.2110181087,0.0,0.0,44.795614240245364,47511346.47984835,800907829.2405188,2.832917091369243,46392747679.67115,0.0
2026-10-06,True,33076.629600361186,385148.6063529726,0.0,0.0,43.35129222901915,70142682.98526204,800907829.2405188,2.725429836504311,46667604121.398056,0.0
2026-10-07,True,33415.72594020863,383731.5427736956,0.0,339.09633984744255,52.64484062162813,79038414.84519812,803379523.714319,3.32192332963446,46495901664.10824,0.0
2026-10-08,True,33415.72594020863,388533.05168923433,0.0,0.0,53.886937332881814,44298227.150971875,803379523.714319,3.334459062420775,47560322851.81207,0.0
2026-10-09,True,33780.60184033031,388515.99140476796,364.87590012167885,0.0,56.02260712867723,115438381.49686699,803379523.714319,3.466763972153044,47558234502.742065,0.0
2026-10-10,False,33780.60184033031,383921.25201473833,0.0,0.0,56.02260712867723,0.0,803379523.714319,3.2928779574224456,47508953092.8746,0.0
2026-10-11,False,33780.60184033031,389313.0342306001,0.0,0.0,56.02260712867723,0.0,803379523.714319,3.2246095987854435,48176167859.017685,0.0
2026-10-12,True,34167.77755640453,385026.3201735637,0.0,387.175716074223,60.29075848100649,101073813.69471171,805852089.0788364,3.7240345752150232,47645701530.33815,0.0
2026-10-13,True,34167.77755640453,384901.448303768,0.0,0.0,59.2577901066009,43076315.405785516,805852089.0788364,3.6310690788861617,48176162240.28283,0.0
2026-10-14,True,34167.77755640453,385339.62054681254,0.0,0.0,58.9824936250381,122125426.26620366,805852089.0788364,3.6100903331201017,48231006037.73574,0.0
2026-10-15,True,34167.77755640453,384257.03354067716,0.0,0.0,55.567483813581305,75150215.07682249,805852089.0788364,3.410652800146469,48095504112.563354,0.0
2026-10-16,True,34540.865323923266,381629.71994097915,373.0877675187373,0.0,54.148198667919715,69516484.58506986,805852089.0788364,3.3464198686185957,47766656593.82068,0.0
2026-10-17,False,34540.865323923266,382258.76524677104,0.0,0.0,54.148198667919715,0.0,805852089.0788364,3.2409532930866476,48367828558.041374,0.0
2026-10-18,False,34540.865323923266,379915.32504279644,0.0,0.0,54.148198667919715,0.0,805852089.0788364,3.2867280514704214,48071309225.257225,0.0
2026-10-19,True,34540.865323923266,377139.21528883674,0.0,0.0,54.01147704629448,115622351.9735035,805852089.0788364,3.341230857844975,47720043504.63693,0.0
2026-10-20,True,34893.53950015276,387591.8302623004,0.0,352.67417622948943,55.35396456796756,105286534.96167162,808321535.1341988,3.3319328463343645,49042630021.8966,0.0
2026-10-21,True,34893.53950015276,381283.78382382897,0.0,0.0,56.6961409823441,46206242.22557226,808321535.1341988,3.4446435566936837,48737055200.93884,0.0
2026-10-22,True,34893.53950015276,385392.9659008016,0.0,0.0,57.02524504904413,81180397.28182183,808321535.1341988,3.427697600941954,49262305532.09024,0.0
2026-10-23,True,35643.0558677614,388573.1155284954,381.012570438567,368.50379717008144,57.901267563163934,62320250.2635581,810794549.5357273,3.4518701146083477,49668803617.05409,0.0
2026-10-24,False,35643.0558677614,385670.34526231256,0.0,0.0,57.901267563163934,0.0,810794549.5357273,3.6031763267177745,50356681497.44633,0.0
2026-10-25,False,35643.0558677614,388773.1553232028,0.0,0.0,57.901267563163934,0.0,810794549.5357273,3.411448460134813,50761813029.861786,0.0
2026-10-26,True,35643.0558677614,393132.367306597,0.0,0.0,56.51415161935229,60609398.38294723,810794549.5357273,3.2700492989940324,51330991998.69936,0.0
2026-10-27,True,35643.0558677614,396041.83536963887,0.0,0.0,57.46953972104871,51710341.85205118,810794549.5357273,3.300901336884325,51710879014.58579,0.0
2026-10-28,True,35643.0558677614,398286.33429748117,0.0,0.0,56.330723528915726,73851090.9697239,810794549.5357273,3.2172574351815073,52003941519.958984,0.0
2026-10-29,True,35643.0558677614,405255.8918206164,0.0,0.0,54.86181079193198,25228280.36766108,810794549.5357273,3.0794750492073075,52913951305.98996,0.0
2026-10-30,True,36032.25262249022,398008.691635256,389.1967547288165,0.0,51.27097564299277,46807716.62083758,810794549.5357273,2.930319092697531,51967689930.269684,0.0
2026-10-31,False,36032.25262249022,400926.06689490756,0.0,0.0,51.27097564299277,0.0,810794549.5357273,3.0581153502641487,52920218869.94597,0.0
2026-11-01,False,36032.25262249022,404960.52655211894,0.0,0.0,51.27097564299277,0.0,810794549.5357273,3.045419035162689,53452747198.011894,0.0
2026-11-02,True,36359.22397145951,401641.15780152776,0.0,326.9713489692934,53.22507489614542,41484959.21071505,813261904.4699233,2.9819302297082824,53014607263.25582,0.0
2026-11-03,True,36359.22397145951,407875.671507433,0.0,0.0,54.93546693968164,45605240.09796189,813261904.4699233,3.0125956336819137,54326075339.45344,0.0
2026-11-04,True,36359.22397145951,409655.6398570265,0.0,0.0,53.5667026425325,46927903.27124504,813261904.4699233,2.9247705375824675,54563154188.27146,0.0
2026-11-05,True,36359.22397145951,407761.83194232796,0.0,0.0,52.811075077194886,117673991.01008077,813261904.4699233,2.8969050485781636,54310912736.6739,0.0
2026-11-06,True,36756.240771215715,408355.0119409842,397.0167997562043,0.0,52.80433964061171,64062575.66167169,813261904.4699233,2.8923280496600254,54389920001.74993,0.0
2026-11-07,False,36756.240771215715,406837.78004343866,0.0,0.0,52.80433964061171,0.0,813261904.4699233,2.7810755213299974,54779528266.52494,0.0
2026-11-08,False,36756.240771215715,404918.61566569295,0.0,0.0,52.80433964061171,0.0,813261904.4699233,2.742922365254616,54521118343.85845,0.0
2026-11-09,True,36756.240771215715,411122.5757391811,0.0,0.0,50.59191662399011,75679867.08660907,813261904.4699233,2.7227586623011,55356463591.72051,0.0
2026-11-10,True,36756.240771215715,414477.68049871095,0.0,0.0,48.659106778430925,83822351.1871584,813261904.4699233,2.597540484270501,55808218726.14337,0.0
2026-11-11,True,36756.240771215715,412723.57250035106,0.0,0.0,47.3972986954203,30994660.923143316,813261904.4699233,2.5409356005576953,55572033166.70876,0.0
2026-11-12,True,37042.45029014907,418062.29077168676,0.0,286.2095189333561,48.60360197217669,58619153.2475564,815723726.274703,2.5723307014351477,56290876112.95731,0.0
2026-11-13,True,37446.92743412957,416843.8244985138,404.47714398049976,0.0,48.96256305058716,27481983.90446883,815723726.274703,2.5866291030996607,56563855356.074265,0.0
2026-11-14,False,37446.92743412957,412404.4312724606,0.0,0.0,48.96256305058716,0.0,815723726.274703,2.6200473288119426,56572508539.36817,0.0
2026-11-15,False,37446.92743412957,419090.4731889037,0.0,0.0,48.96256305058716,0.0,815723726.274703,2.66561608543387,57489681427.75224,0.0
2026-11-16,True,37446.92743412957,418223.32447701594,0.0,0.0,50.285712461607595,45540112.45336464,815723726.274703,2.619167439552162,57370728346.29089,0.0
2026-11-17,True,37742.16507234416,421371.55613332306,0.0,295.237638214594,50.51317598552872,69286204.71962775,818186543.9577419,2.611357698397693,57802594128.40873,0.0
2026-11-18,True,37742.16507234416,428147.22915710986,0.0,0.0,51.88006345741254,69791468.41796412,818186543.9577419,2.626835542244728,59195115454.10746,0.0
2026-11-19,True,37742.16507234416,422731.07193172653,0.0,0.0,49.87145469172295,75990865.92433378,818186543.9577419,2.5574867263707444,58446284139.92297,0.0
2026-11-20,True,38154.28260281331,420654.74851680896,412.11753046914606,0.0,49.005988356953196,72899610.99484512,818186543.9577419,2.52550876268896,58159214188.523125,0.0
2026-11-21,False,38154.28260281331,422031.30728131015,0.0,0.0,49.005988356953196,0.0,818186543.9577419,2.4393479466721217,58986670851.722275,0.0
2026-11-22,False,38154.28260281331,420426.8668548134,0.0,0.0,49.005988356953196,0.0,818186543.9577419,2.422220878244938,58762420665.28794,0.0
2026-11-23,True,38154.28260281331,418349.0912179826,0.0,0.0,48.38882614703544,20524208.408663284,818186543.9577419,2.480363303927958,58472013139.8771,0.0
2026-11-24,True,38447.400710675516,426579.64716885495,0.0,293.1181078622013,50.80207298310324,53916947.54162829,820647825.7852029,2.5538203540406252,59622385366.82941,0.0
2026-11-25,True,38447.400710675516,423699.0783292635,0.0,0.0,52.23500146499694,74648397.26121852,820647825.7852029,2.6314427815868027,59674725200.46644,0.0
2026-11-26,True,38447.400710675516,421152.58308461925,0.0,0.0,52.68656787314406,47994289.525301404,820647825.7852029,2.6702398872064905,59316071118.54665,0.0
2026-11-27,True,38867.21891144566,423700.36585834634,419.8182007701437,0.0,51.796895221609056,64924141.8259719,820647825.7852029,2.6093643731285203,59674906538.940216,0.0
2026-11-28,False,38867.21891144566,414715.79963142716,0.0,0.0,51.796895221609056,0.0,820647825.7852029,2.6182773340258794,59047290242.800476,0.0
2026-11-29,False,38867.21891144566,420304.03220353916,0.0,0.0,51.796895221609056,0.0,820647825.7852029,2.9221640803342894,59842943533.374466,0.0
2026-11-30,True,39191.94667933465,422563.1745399106,0.0,324.7277678889887,55.75562998970941,40246318.79313779,823108886.6051731,2.785931523845475,60164600517.15487,0.0
2026-12-01,True,39191.94667933465,422709.6001682499,0.0,0.0,57.37852969392995,18570425.593312338,823108886.6051731,2.850806623266328,60688285891.004486,0.0
2026-12-02,True,39191.94667933465,424565.18493645516,0.0,0.0,57.798678151157006,39358100.654494055,823108886.6051731,2.859130528827484,60954691619.341415,0.0
2026-12-03,True,39548.55591011784,425654.7595024217,0.0,356.609230783187,61.58787118986664,66468309.57757093,825573534.4884781,3.038772264492137,61111121501.06784,0.0
2026-12-04,True,39980.397940485134,422014.5260745679,431.84203036729514,0.0,57.974870269401606,45048502.792094454,825573534.4884781,2.8677251006685727,61139791669.64986,0.0
2026-12-05,False,39980.397940485134,419709.77151044057,0.0,0.0,57.974870269401606,0.0,825573534.4884781,2.734773314032184,61469844903.28021,0.0
2026-12-06,False,39980.397940485134,424272.51431993855,0.0,0.0,57.974870269401606,0.0,825573534.4884781,2.6584901797863045,62138094993.8703,0.0
2026-12-07,True,39980.397940485134,419487.03677183477,0.0,0.0,56.32731703581754,91462166.84862725,825573534.4884781,2.772740147500922,61437223623.610214,0.0
2026-12-08,True,40312.969751990124,426979.6655757082,0.0,332.57181150498644,57.58996460430537,57948291.49781397,828039266.1803099,2.785147939339438,62534578895.64608,0.0
2026-12-09,True,40312.969751990124,423819.09462999005,0.0,0.0,56.53732751488735,50466615.228288844,828039266.1803099,2.7400651907102462,62588023436.91118,0.0
2026-12-10,True,40312.969751990124,418474.16057952726,0.0,0.0,56.15617308977337,44655828.34933401,828039266.1803099,2.7563540174476753,61798703508.06001,0.0
2026-12-11,True,40753.15863644396,420998.0156980596,440.1888844538319,0.0,55.46027078075896,43747588.2320656,828039266.1803099,2.7058771543037228,62171417020.29093,0.0
2026-12-12,False,40753.15863644396,416812.1307272845,0.0,0.0,55.46027078075896,0.0,828039266.1803099,2.64291234477442,62225378858.28641,0.0
2026-12-13,False,40753.15863644396,414512.1506093938,0.0,0.0,55.46027078075896,0.0,828039266.1803099,2.617087314873667,61882017608.33298,0.0
2026-12-14,True,40753.15863644396,416383.31625373615,0.0,0.0,53.988575617521434,67586225.58979516,828039266.1803099,2.634500022450703,62161361664.1853,0.0
2026-12-15,True,40753.15863644396,418729.1367014774,0.0,0.0,53.00258405196038,34485520.97715954,828039266.1803099,2.571896683652448,62511566361.53785,0.0
2026-12-16,True,41087.59870996206,414622.8221238949,0.0,334.4400735181027,56.29731800985218,85124969.73966764,830502376.182977,2.758825039790482,61898539624.87466,0.0
2026-12-17,True,41087.59870996206,418349.1398624688,0.0,0.0,53.20310350124237,54451810.1174343,830502376.182977,2.5705627227203833,62967371605.90508,0.0
2026-12-18,True,41536.245990286334,416250.20180947316,448.64728032426916,0.0,51.68144372325129,71194066.74188246,830502376.182977,2.509633477447866,62651452198.48332,0.0
2026-12-19,False,41536.245990286334,414595.1552801929,0.0,0.0,51.68144372325129,0.0,830502376.182977,2.282705829959024,63083733754.587494,0.0
2026-12-20,False,41536.245990286334,421504.43188963045,0.0,0.0,51.68144372325129,0.0,830502376.182977,2.1268814928963895,64135031533.91632,0.0
2026-12-21,True,41536.245990286334,422009.3869078689,0.0,0.0,41.167955115290944,34580145.83062309,830502376.182977,1.9505218543824534,64211864192.28897,0.0
2026-12-22,True,41786.71260925756,422094.68452770123,0.0,250.4666189712269,42.92316666632517,33238725.448643796,832965396.4289254,2.033272131337767,64224842858.99762,0.0
2026-12-23,True,41786.71260925756,429996.42900850327,0.0,0.0,42.209231228102915,31819533.10200931,832965396.4289254,1.956731998851396,65821682539.80138,0.0
2026-12-24,True,41786.71260925756,429399.64587069734,0.0,0.0,40.26948002004129,53385336.205470696,832965396.4289254,1.8694036817933943,65730329989.8922,0.0
2026-12-25,True,42242.99371485768,429925.0921564895,456.28110560011277,0.0,37.552340278944975,73474564.14961986,832965396.4289254,1.7411370955049195,65810762654.63521,0.0
2026-12-26,False,42242.99371485768,433768.1457110445,0.0,0.0,37.552340278944975,0.0,832965396.4289254,1.8312986300893574,67124068039.142555,0.0
2026-12-27,False,42242.99371485768,434174.8841942088,0.0,0.0,37.552340278944975,0.0,832965396.4289254,1.9454761415175712,67187009363.64508,0.0
2026-12-28,True,42476.71523145803,436196.91922725696,0.0,233.7215166003505,41.39258430448056,44963482.505582154,835428364.3061728,1.8711655777465606,67499912047.89675,0.0
2026-12-29,True,42476.71523145803,437577.56290671456,0.0,0.0,48.1470451470365,35272729.32212442,835428364.3061728,2.164077876300853,68088206478.08677,0.0
2026-12-30,True,42476.71523145803,437069.68872631516,0.0,0.0,53.68402987923584,18905567.211374804,835428364.3061728,2.415754026164448,68009179935.157524,0.0
2026-12-31,True,42787.17085466819,433635.30572072964,0.0,310.4556232101628,54.57916351728672,32997408.23520586,837894956.1410004,2.475486329476837,67474781010.1857,0.0
2027-01-01,True,43254.37625092958,439426.9393182357,467.2053962613881,0.0,56.75871608147375,28681997.610059217,837894956.1410004,2.529425483161889,68875723485.35144,0.0
2027-01-02,False,43254.37625092958,431733.4390099675,0.0,0.0,56.75871608147375,0.0,837894956.1410004,2.7617933336146137,68408751667.26537,0.0
2027-01-03,False,43254.37625092958,432890.51243774116,0.0,0.0,56.75871608147375,0.0,837894956.1410004,2.748057905039648,68592091528.46045,0.0
2027-01-04,True,43254.37625092958,433338.4007373977,0.0,0.0,60.21463742125762,61436475.9424493,837894956.1410004,2.6917481415144184,68663060039.80889,0.0
2027-01-05,True,43603.25568318081,427450.27737171145,0.0,348.8794322512314,60.429682047003965,42842985.35838252,840362760.1246301,2.738572409483983,67730078869.68425,0.0
2027-01-06,True,43603.25568318081,429390.66841346066,0.0,0.0,62.049742505392885,72059810.01673886,840362760.1246301,2.7850645338057407,68586310937.058014,0.0
2027-01-07,True,43603.25568318081,426285.3732512301,0.0,0.0,61.1032353835487,40007773.40748122,840362760.1246301,2.7625596006148174,68090304024.90264,0.0
2027-01-08,True,44435.57291106164,426876.2778940334,476.1164606779443,356.2007672028867,61.524153553673145,87792468.09140393,842834206.6851084,2.7777394549045207,68184688864.97196,0.0
2027-01-09,False,44435.57291106164,426423.8033982596,0.0,0.0,61.524153553673145,0.0,842834206.6851084,2.474342060879223,69412573733.63132,0.0
2027-01-10,False,44435.57291106164,430155.24999789655,0.0,0.0,61.524153553673145,0.0,842834206.6851084,2.1909998726650075,70019972547.12697,0.0
2027-01-11,True,44435.57291106164,423142.2025533533,0.0,0.0,44.668137121098816,27350272.173780795,842834206.6851084,2.0022710478724273,68878400081.04404,0.0
2027-01-12,True,44435.57291106164,425753.16125476814,0.0,0.0,42.79405798963171,25284153.349832177,842834206.6851084,1.9065006552115913,69303407695.3778,0.0
2027-01-13,True,44699.80907136968,429305.6880706581,0.0,264.2361603080442,45.87620663685287,37200218.35298612,845306906.4772283,2.0268995528846085,69881682237.2386,0.0
2027-01-14,True,44699.80907136968,424659.8273285657,0.0,0.0,50.087867575671375,22956822.90108278,845306906.4772283,2.2304891396049618,69536491024.68498,0.0
2027-01-15,True,45187.89911314722,431706.57425098744,488.0900417775382,0.0,59.31519086496159,64539185.51682335,845306906.4772283,2.598280410918524,70690370018.15306,0.0
2027-01-16,False,45187.89911314722,432210.05676635646,0.0,0.0,59.31519086496159,0.0,845306906.4772283,2.6459467702776203,71545602093.61566,0.0
2027-01-17,False,45187.89911314722,431546.8359036158,0.0,0.0,59.31519086496159,0.0,845306906.4772283,2.7927579947767938,71435816272.57106,0.0
2027-01-18,True,45548.6923638656,431762.1959048274,0.0,360.79325071838093,62.96614864106342,37972083.02334062,847780884.7903345,2.728065436485791,71471465746.04431,0.0
2027-01-19,True,45548.6923638656,430710.71142341645,0.0,0.0,65.0516618474226,60144156.17387334,847780884.7903345,2.811126763857863,71866668092.9544,0.0
2027-01-20,True,45548.6923638656,429171.90872421605,0.0,0.0,63.72385428381822,22784553.552622963,847780884.7903345,2.763620813693555,71609909623.96138,0.0
2027-01-21,True,45916.817815365954,432482.4962660765,0.0,368.1254515003502,64.25758158823372,87366160.40317059,850258535.0577248,2.7654355908260984,72162301031.35701,0.0
2027-01-22,True,46418.19672483759,436623.21225074993,501.3789094716339,0.0,61.879869773011606,58131324.58710384,850258535.0577248,2.624350202546816,73442005422.13358,0.0
2027-01-23,False,46418.19672483759,431905.16030249296,0.0,0.0,61.879869773011606,0.0,850258535.0577248,2.7741254924513976,73441676486.6337,0.0
2027-01-24,False,46418.19672483759,435129.71827675885,0.0,0.0,61.879869773011606,0.0,850258535.0577248,2.7971265984074662,73989984229.45523,0.0
2027-01-25,True,46418.19672483759,433104.33859710145,0.0,0.0,66.53973167502079,37796297.34916744,850258535.0577248,2.8141759441626606,73645586216.03065,0.0
2027-01-26,True,46806.01163260478,428649.8482046299,0.0,387.81490776719227,67.05877683838472,38697686.80360039,852737506.6283895,2.8656007929667955,72888139275.39307,0.0
2027-01-27,True,46806.01163260478,432085.32542053226,0.0,0.0,68.8606217192453,58743059.959290035,852737506.6283895,2.9034553492700534,74086158703.34904,0.0
2027-01-28,True,46806.01163260478,431743.84033261205,0.0,0.0,70.93924083721292,71097229.50811504,852737506.6283895,2.9934645224232987,74027607030.9592,0.0
2027-01-29,True,47317.09990451936,434265.48094566487,511.08827191458016,0.0,68.17947113559185,39995698.04432726,852737506.6283895,2.8603030409913823,74459972250.65189,0.0
2027-01-30,False,47317.09990451936,437020.8840126848,0.0,0.0,68.17947113559185,0.0,852737506.6283895,3.1028265873204477,75750627401.06953,0.0
2027-01-31,False,47317.09990451936,433397.9100952086,0.0,0.0,68.17947113559185,0.0,852737506.6283895,2.9672227480547297,75122642429.76422,0.0
2027-02-01,True,47721.32849228209,429781.35858049925,0.0,404.22858776273114,70.07640277863169,49447928.674119115,855216656.5952413,2.9384714297833905,74495770679.9474,0.0
2027-02-02,True,47721.32849228209,431314.6198312739,0.0,0.0,72.12509083026451,73884580.34218547,855216656.5952413,2.9967866087092125,75400222764.34335,0.0
2027-02-03,True,47721.32849228209,428853.8661519406,0.0,0.0,69.02781357581118,11073529.492987385,855216656.5952413,2.884552272252445,74970046352.37177,0.0
2027-02-04,True,48128.901836928846,427199.38100357406,0.0,407.573344646757,70.1270065747027,33444173.693734493,857699510.0500109,2.9418350085269203,74680817694.19196,0.0
2027-02-05,True,48654.43512658533,431934.907811026,525.5332896564835,0.0,72.5498911864947,78161624.72666378,857699510.0500109,2.993282254392949,76153554819.41109,0.0
2027-02-06,False,48654.43512658533,428787.6257075373,0.0,0.0,72.5498911864947,0.0,857699510.0500109,2.9599422277476024,76424147492.77197,0.0
2027-02-07,False,48654.43512658533,423229.9377240784,0.0,0.0,72.5498911864947,0.0,857699510.0500109,2.6128354627662884,75433583538.25998,0.0
2027-02-08,True,48654.43512658533,423882.4632436741,0.0,0.0,60.196090486602856,72070326.28117017,857699510.0500109,2.5034306444660133,75549885184.02246,0.0
2027-02-09,True,48654.43512658533,412883.7545295921,0.0,0.0,53.489207417299845,90589761.99306248,857699510.0500109,2.283763326486482,73589551241.06404,0.0
2027-02-10,True,48978.67323069565,414416.97959151363,0.0,324.23810411031377,54.11383894030376,53407375.68920267,860182604.5486678,2.3018845117964717,73862822695.85138,0.0
2027-02-11,True,48978.67323069565,416517.54532764235,0.0,0.0,56.85592757873011,43894345.643324405,860182604.5486678,2.3973204388375846,74731937375.40872,0.0
2027-02-12,True,49513.485418041,412605.4382658308,534.8121873453476,0.0,61.70385863897867,24027127.938465677,860182604.5486678,2.62640087680536,74030023750.81168,0.0
2027-02-13,False,49513.485418041,412966.5144000745,0.0,0.0,61.70385863897867,0.0,860182604.5486678,2.5834326912245555,74903870816.0308,0.0
2027-02-14,False,49513.485418041,412538.8714571975,0.0,0.0,61.70385863897867,0.0,860182604.5486678,2.885778056388687,74826304934.46005,0.0
2027-02-15,True,49913.89862073582,409077.17254098656,0.0,400.41320269481804,65.92810894081177,33652195.725827895,862667127.5152454,2.7998355915044124,74198421947.86841,0.0
2027-02-16,True,49913.89862073582,403770.53992133815,0.0,0.0,65.41377414757333,62786026.811964914,862667127.5152454,2.7999890648669097,73828160147.34236,0.0
2027-02-17,True,49913.89862073582,413178.19666229835,0.0,0.0,62.28023315129659,28169806.80332435,862667127.5152454,2.605161135299717,75548320287.35194,0.0
2027-02-18,True,50306.548539660485,410027.62100227637,0.0,392.6499189246646,64.70276106769553,72168184.62542984,865155387.8226374,2.727290860010229,74972247539.62315,0.0
2027-02-19,True,50855.860178535775,419536.35288296733,549.3116388752901,0.0,64.33148095662654,23845556.28245488,865155387.8226374,2.637081460413651,77314338591.19388,0.0
2027-02-20,False,50855.860178535775,422542.9482372324,0.0,0.0,64.33148095662654,0.0,865155387.8226374,2.7886937696131553,78718677110.91595,0.0
2027-02-21,False,50855.860178535775,419178.1653196569,0.0,0.0,64.33148095662654,0.0,865155387.8226374,2.9999489430514967,78091826606.98033,0.0
2027-02-22,True,50855.860178535775,425061.21217893495,0.0,0.0,72.118942074027,28888415.18429533,865155387.8226374,2.8863632297890787,79187823281.58083,0.0
2027-02-23,True,51291.35695061428,425671.3814876351,0.0,435.49677207850704,74.4571315672269,63261286.56524833,867645122.6365106,2.9756713296637667,79301496272.68135,0.0
2027-02-24,True,51291.35695061428,429037.9350284429,0.0,0.0,73.81113767667291,55478891.45343428,867645122.6365106,2.9102087798815974,80613134252.38188,0.0
2027-02-25,True,51291.35695061428,433333.1682109131,0.0,0.0,80.40199637060928,52999531.31012691,867645122.6365106,3.1386496552070033,81420177594.97302,0.0
2027-02-26,True,52317.78784163708,441528.5438996874,560.0650445034405,466.3658465193584,82.58038802592702,69149484.05263941,870138618.2237872,3.163851383972707,82960029591.05368,0.0
2027-02-27,False,52317.78784163708,437893.7487729831,0.0,0.0,82.58038802592702,0.0,870138618.2237872,3.093685962716616,83923587838.54518,0.0
2027-02-28,False,52317.78784163708,441521.0656114369,0.0,0.0,82.58038802592702,0.0,870138618.2237872,3.155608793895393,84618773472.41919,0.0
2027-03-01,True,52317.78784163708,439406.7182806915,0.0,0.0,76.22135887753143,13166606.252016792,870138618.2237872,2.885021578411026,84213552766.64246,0.0
2027-03-02,True,52317.78784163708,435704.54578396934,0.0,0.0,70.2558630741596,36111048.137308046,870138618.2237872,2.68181955829938,83504020832.02882,0.0
2027-03-03,True,52654.07319446263,443439.91877056914,0.0,336.28535282555276,73.17149527793144,20379841.76410164,872176602.4001974,2.7443924471424817,84986527161.75807,0.0
2027-03-04,True,52654.07319446263,441479.4798448278,0.0,0.0,78.62021403605311,85267333.39167891,872176602.4001974,2.949824365889439,85154660035.20618,0.0
2027-03-05,True,53229.01812866155,439504.44900859566,574.9449341989175,0.0,74.35586499196273,56865834.25743062,872176602.4001974,2.8023631497200907,84773706701.93346,0.0
2027-03-06,False,53229.01812866155,444642.45506931446,0.0,0.0,74.35586499196273,0.0,872176602.4001974,3.1901944216687785,86701239639.64632,0.0
2027-03-07,False,53229.01812866155,440295.4177375439,0.0,0.0,74.35586499196273,0.0,872176602.4001974,3.186449188704155,85853606848.11368,0.0
2027-03-08,True,53707.92766247439,436132.5758173983,0.0,478.9095338128369,83.70594122320325,37337664.01599638,874671861.9422692,3.144805094600647,85041890488.63054,0.0
2027-03-09,True,53707.92766247439,440204.9918928469,0.0,0.0,89.9955314149061,74113888.95420234,874671861.9422692,3.3294518832633857,86608253887.25328,0.0
2027-03-10,True,53707.92766247439,439471.0634297735,0.0,0.0,99.57467611779914,24185546.10287556,874671861.9422692,3.689991604938088,86463856927.11972,0.0
2027-03-11,True,54339.37300485597,439937.6682574326,0.0,631.4453423815766,111.16064569626408,100956522.88602047,877170917.1593324,4.114969990933709,86555659224.05678,0.0
2027-03-12,True,54932.720211278225,445492.0063678617,593.3472064222552,0.0,110.68441197364407,41139574.73256342,877170917.1593324,4.010662778660448,88678933858.15771,0.0
2027-03-13,False,54932.720211278225,443170.4026780663,0.0,0.0,110.68441197364407,0.0,877170917.1593324,3.898375181182338,89180063644.31718,0.0
2027-03-14,False,54932.720211278225,440357.7309813559,0.0,0.0,110.68441197364407,0.0,877170917.1593324,3.7791798283152427,88614064111.3894,0.0
2027-03-15,True,54932.720211278225,448314.25914695807,0.0,0.0,98.68742336318499,9787466.29759633,877170917.1593324,3.5150570371788024,90215172136.44778,0.0
2027-03-16,True,54932.720211278225,442650.7543150218,0.0,0.0,93.75628290686866,49722343.25121636,877170917.1593324,3.382145530373349,89075493768.24034,0.0
2027-03-17,True,55463.28725015056,444494.8702445755,0.0,530.5670388723406,94.3506787017835,29263143.630864114,879670468.0936189,3.3894668754110984,89446588893.21095,0.0
2027-03-18,True,55463.28725015056,451121.7892163353,0.0,0.0,91.31866208890263,59622163.42466083,879670468.0936189,3.2105552057591336,91656935906.29437,0.0
2027-03-19,True,56068.906798722295,446969.86224956444,605.6195485717336,0.0,89.59889010109204,67441305.99580947,879670468.0936189,3.179353330561199,90813365693.15524,0.0
2027-03-20,False,56068.906798722295,449563.25470449583,0.0,0.0,89.59889010109204,0.0,879670468.0936189,2.992869198244013,92337650460.92174,0.0
2027-03-21,False,56068.906798722295,448519.36011936696,0.0,0.0,89.59889010109204,0.0,879670468.0936189,2.781663987836608,92123240648.04005,0.0
2027-03-22,True,56068.906798722295,446972.3322759318,0.0,0.0,77.74301235573061,13875897.671087181,879670468.0936189,2.7288436115858525,91805490220.7852,0.0
2027-03-23,True,56068.906798722295,447776.4987710451,0.0,0.0,77.27158849743026,23206504.193181157,879670468.0936189,2.7074252056284736,91970661292.84485,0.0
2027-03-24,True,56498.313409740396,451290.008393712,0.0,429.4066110180979,77.54571542524815,47506162.07776776,882169470.2890074,2.6958766211348033,92692315520.66234,0.0
2027-03-25,True,56498.313409740396,446749.17474659736,0.0,0.0,81.452141056574,49586624.19029416,882169470.2890074,2.846789046678192,92462401020.22652,0.0
2027-03-26,True,57115.23470594753,448894.75974298833,616.9212962071306,0.0,81.17762065682798,61389652.09156384,882169470.2890074,2.8236334795700047,92906466620.28456,0.0
2027-03-27,False,57115.23470594753,453300.92343840195,0.0,0.0,81.17762065682798,0.0,882169470.2890074,2.6313839635850704,94842827744.59741,0.0
2027-03-28,False,57115.23470594753,444817.0995085352,0.0,0.0,81.17762065682798,0.0,882169470.2890074,2.604670389781628,93067782052.00864,0.0
2027-03-29,True,57115.23470594753,452751.0762008573,0.0,0.0,69.29159373130636,50987132.929831974,882169470.2890074,2.363856545304653,94727784813.64389,0.0
2027-03-30,True,57387.51622359016,451783.1717317582,0.0,272.2815176426297,70.61254759158327,17420729.295311034,883911543.2185385,2.414081280701578,94525272989.62273,0.0
2027-03-31,True,57387.51622359016,451461.3960192051,0.0,0.0,81.90536405209723,24574935.451188512,883911543.2185385,2.794364798838269,94908251659.45947,0.0
2027-04-01,True,57387.51622359016,456301.19610799494,0.0,0.0,79.5347877215953,43990296.90289208,883911543.2185385,2.684707005330625,95925696271.24374,0.0
2027-04-02,True,58533.21410260379,453976.8017718274,626.6307568866533,519.067122126982,94.2087252757489,90351563.30223955,886412844.7839549,3.196309631334553,95437051606.25577,0.0
2027-04-03,False,58533.21410260379,452877.78609581833,0.0,0.0,94.2087252757489,0.0,886412844.7839549,3.122871596344365,97106726792.15782,0.0
2027-04-04,False,58533.21410260379,456177.9164005024,0.0,0.0,94.2087252757489,0.0,886412844.7839549,3.0290087379168296,97814345628.21986,0.0
2027-04-05,True,58533.21410260379,459904.19919871655,0.0,0.0,88.91247460605169,74738320.19002807,886412844.7839549,2.927716303597034,98613340714.192,0.0
2027-04-06,True,58533.21410260379,452379.9960618847,0.0,0.0,87.75167495782281,16485465.920996567,886412844.7839549,2.937552863498706,96999989914.55167,0.0
2027-04-07,True,59027.21665413701,459992.2223010706,0.0,494.00255153321916,90.78501823995416,32226386.89026828,888915871.5598217,2.988803513546288,98632214758.39137,0.0
2027-04-08,True,59027.21665413701,456277.86968887044,0.0,0.0,92.3610771947776,72873198.69709675,888915871.5598217,3.048371829670757,98661482013.9236,0.0
2027-04-09,True,59671.751770533796,450608.5565544593,644.5351163967896,0.0,87.89674979553604,55205438.61939902,888915871.5598217,2.9375261230690337,97435599995.53114,0.0
2027-04-10,False,59671.751770533796,454799.7516808842,0.0,0.0,87.89674979553604,0.0,888915871.5598217,2.8193277354419237,99415689941.63464,0.0
2027-04-11,False,59671.751770533796,450724.5938819673,0.0,0.0,87.89674979553604,0.0,888915871.5598217,2.882746050832159,98524892128.52452,0.0
2027-04-12,True,59671.751770533796,451576.59715259733,0.0,0.0,84.89957242201207,61613180.39279996,888915871.5598217,2.8006958602233105,98711133419.70633,0.0
2027-04-13,True,59671.751770533796,453581.1924185505,0.0,0.0,82.3377276774034,71581742.91739778,888915871.5598217,2.7041807196241723,99149322360.40369,0.0
2027-04-14,True,59671.751770533796,450028.06210236426,0.0,0.0,73.40182112337232,50431284.89445315,888915871.5598217,2.429736134508436,98372635696.59027,0.0
2027-04-15,True,60088.93730951353,445887.2165764756,0.0,417.185538979732,74.358847421847,33004556.658051074,891417493.1586118,2.484274039813263,97467479057.04399,0.0
2027-04-16,True,60745.06565840515,450174.94028802606,656.1283488916175,0.0,78.62357057649156,59179261.596351966,891417493.1586118,2.5909442968711316,99092723191.9057,0.0
2027-04-17,False,60745.06565840515,447979.7963264423,0.0,0.0,78.62357057649156,0.0,891417493.1586118,2.6505112057962297,99686272774.77461,0.0
2027-04-18,False,60745.06565840515,448956.8648936336,0.0,0.0,78.62357057649156,0.0,891417493.1586118,2.6099549175506005,99903694016.77571,0.0
2027-04-19,True,60745.06565840515,455978.540777948,0.0,0.0,83.72429269891045,28838613.27781566,891417493.1586118,2.6944940535908577,101466185681.08675,0.0
2027-04-20,True,61172.985118500386,455116.4995861178,0.0,427.91946009523605,87.73970790424922,22196701.06445538,893637163.2650573,2.8290703710504497,101274360795.01698,0.0
2027-04-21,True,61172.985118500386,456295.6596395002,0.0,0.0,86.27139362966035,81955543.8091007,893637163.2650573,2.7619895020790297,102252029314.14178,0.0
2027-04-22,True,61172.985118500386,460192.87020663294,0.0,0.0,89.10098180080055,79868851.50072308,893637163.2650573,2.8284216396178543,103125361507.28313,0.0
2027-04-23,True,61840.95049648384,455279.3031482792,667.9653779834517,0.0,85.22174562460849,29825340.132337824,893637163.2650573,2.7344756817110567,102024272351.0007,0.0
2027-04-24,False,61840.95049648384,462781.05719676876,0.0,0.0,85.22174562460849,0.0,893637163.2650573,2.6774824170157294,104837741000.63042,0.0
2027-04-25,False,61840.95049648384,468228.2476077867,0.0,0.0,85.22174562460849,0.0,893637163.2650573,2.6534618914944836,106071739515.93394,0.0
2027-04-26,True,62309.18983664605,465554.4482750244,0.0,468.2393401622098,87.07696576070217,72956851.61125736,896140591.1896011,2.7028246560029,105466020942.15793,0.0
2027-04-27,True,62309.18983664605,471220.04194438015,0.0,0.0,87.55081636846957,11767680.987841245,896140591.1896011,2.6721478952437536,107557768290.53148,0.0
2027-04-28,True,62309.18983664605,470768.196171211,0.0,0.0,86.50272520988965,22061310.744742006,896140591.1896011,2.6426930305059297,107454632772.83778,0.0
2027-04-29,True,62309.18983664605,467833.7514093996,0.0,0.0,86.46461606951587,54753828.85889526,896140591.1896011,2.6580975305746466,106784834585.88051,0.0
2027-04-30,True,62989.56175997877,465888.331187108,680.3719233327195,0.0,83.17384207992667,15130156.772078162,896140591.1896011,2.567609508459799,106340785014.82756,0.0
2027-05-01,False,62989.56175997877,471490.8125609143,0.0,0.0,83.17384207992667,0.0,896140591.1896011,2.5524049706963217,108794701710.15967,0.0
2027-05-02,False,62989.56175997877,466839.9559459774,0.0,0.0,83.17384207992667,0.0,896140591.1896011,2.463407107941076,107721534334.17096,0.0
2027-05-03,True,63429.23551485302,473585.0403191991,0.0,439.673754874243,83.18091036230744,77392177.67693743,898643844.7849568,2.498810121053291,109277936755.69153,0.0
2027-05-04,True,63429.23551485302,473817.8448164532,0.0,0.0,86.8361344200616,42721995.777485915,898643844.7849568,2.596493239558586,110094801938.0732,0.0
2027-05-05,True,63429.23551485302,465398.2268548898,0.0,0.0,84.55380718009127,58026813.09006562,898643844.7849568,2.5739883078816006,108138446384.95628,0.0
2027-05-06,True,63714.70132324942,471547.0777829643,0.0,285.4658083964046,85.24837917064565,15790396.141939538,900222884.3991507,2.561292628385801,109567173758.73288,0.0
2027-05-07,True,64410.420429813275,467812.21851977817,695.7191065638542,0.0,88.55544522070159,67961710.4429797,900222884.3991507,2.674570852851032,109188559566.63354,0.0
2027-05-08,False,64410.420429813275,470403.4021541302,0.0,0.0,88.55544522070159,0.0,900222884.3991507,2.515702290305384,110992213482.08603,0.0
2027-05-09,False,64410.420429813275,473664.5935206922,0.0,0.0,88.55544522070159,0.0,900222884.3991507,2.584542630937903,111761695264.543,0.0
2027-05-10,True,64410.420429813275,480889.3311319365,0.0,0.0,91.33206478338568,58864186.063251086,900222884.3991507,2.6544347175748855,113466380255.39801,0.0
2027-05-11,True,64894.06000700846,479204.2816743889,0.0,483.6395771951862,92.46309664255753,31397282.767664038,902729421.218646,2.6967560344622754,113068790934.69257,0.0
2027-05-12,True,64894.06000700846,481297.39499548305,0.0,0.0,93.84549545192814,62201419.14376308,902729421.218646,2.7123927278212454,114415373212.07239,0.0
2027-05-13,True,64894.06000700846,482226.71653478866,0.0,0.0,91.82717543556974,75799678.0026875,902729421.218646,2.6489429744084916,114636294147.5673,0.0
2027-05-14,True,65996.7549828319,479963.99439348734,708.5968624466045,394.0981133768307,92.83252609321649,20375714.487112615,904766992.6673573,2.690569162220285,114098393462.95079,0.0
2027-05-15,False,65996.7549828319,490934.47568916314,0.0,0.0,92.83252609321649,0.0,904766992.6673573,2.67248544568726,118689428277.88647,0.0
2027-05-16,False,65996.7549828319,490205.4413028598,0.0,0.0,92.83252609321649,0.0,904766992.6673573,3.041400782938523,118513175277.14989,0.0
2027-05-17,True,65996.7549828319,493493.1656693943,0.0,0.0,107.48220186724457,30710859.03730186,904766992.6673573,2.985860947091042,119308022949.74709,0.0
2027-05-18,True,65996.7549828319,496646.8183105868,0.0,0.0,110.02487531682516,23857789.42578475,904766992.6673573,3.037088126090192,120070457139.04443,0.0
2027-05-19,True,65996.7549828319,492891.9134453242,0.0,0.0,106.0245015029079,16196081.122931592,904766992.6673573,2.9489588508681344,119162662853.31973,0.0
2027-05-20,True,65996.7549828319,490339.65735404624,0.0,0.0,104.14019940071746,108340039.87229262,904766992.6673573,2.9116257530987286,118545623652.99203,0.0
2027-05-21,True,66717.3924881358,491582.43207641586,720.6375053038975,0.0,99.0360407250205,29519482.769300703,904766992.6673573,2.7619199191275854,118846079678.34898,0.0
2027-05-22,False,66717.3924881358,492026.42306833284,0.0,0.0,99.0360407250205,0.0,904766992.6673573,2.7457817168605145,120252306469.73573,0.0
2027-05-23,False,66717.3924881358,492437.26630600885,0.0,0.0,99.0360407250205,0.0,904766992.6673573,2.70590847427345,120352717432.66724,0.0
2027-05-24,True,66717.3924881358,495609.7685620388,0.0,0.0,94.6796674780424,46637883.973809734,904766992.6673573,2.5906846397464602,121128083745.69766,0.0
2027-05-25,True,66717.3924881358,488987.67380216776,0.0,0.0,94.29666495516679,12818854.888623552,904766992.6673573,2.6151469958158677,119509629672.50035,0.0
2027-05-26,True,66717.3924881358,485080.41956634825,0.0,0.0,91.21706161299966,40426156.928470396,904766992.6673573,2.550116478453696,118554688409.6087,0.0
2027-05-27,True,66717.3924881358,488251.6592637417,0.0,0.0,89.1573284474271,65444049.010861434,904766992.6673573,2.476344162013103,119329746150.61743,0.0
2027-05-28,True,67445.8988411457,481334.87506773754,728.5063530099054,0.0,86.95481233474011,48169525.15003477,904766992.6673573,2.4498752856635626,117639269351.14807,0.0
2027-05-29,False,67445.8988411457,482630.8588431655,0.0,0.0,86.95481233474011,0.0,904766992.6673573,2.3498394381260197,119244006074.4671,0.0
2027-05-30,False,67445.8988411457,487679.18620080495,0.0,0.0,86.95481233474011,0.0,904766992.6673573,2.308107998500798,120491300496.42589,0.0
2027-05-31,True,67445.8988411457,482875.34799825744,0.0,0.0,84.4466253222238,34015520.03766509,904766992.6673573,2.3460024771999555,119304412212.5346,0.0
2027-06-01,True,67445.8988411457,482249.32908809703,0.0,0.0,82.73767956588658,27318463.708809372,904766992.6673573,2.301510211616126,119149741201.84784,0.0
2027-06-02,True,67445.8988411457,480264.87750588235,0.0,0.0,82.4106646486503,13102889.565878138,904766992.6673573,2.3018858921758505,118659441105.63913,0.0
2027-06-03,True,67877.61306344147,476707.73310797807,0.0,431.714222295779,82.43605465095806,30632244.12507595,907263491.4279115,2.3197768122582523,117780574492.74132,0.0
2027-06-04,True,68618.78819783629,476553.2571528273,741.175134394809,0.0,78.86448031002473,8720153.116624841,907263491.4279115,2.2119580020461953,118496064965.54579,0.0
2027-06-05,False,68618.78819783629,479746.29624212446,0.0,0.0,78.86448031002473,0.0,907263491.4279115,2.878231752356696,120592583463.84361,0.0
2027-06-06,False,68618.78819783629,475946.2465617446,0.0,0.0,78.86448031002473,0.0,907263491.4279115,2.7669877417693365,119637374821.61435,0.0
2027-06-07,True,68618.78819783629,474778.74754419073,0.0,0.0,97.68962476315846,87454422.74241422,907263491.4279115,2.720492681155141,119343903618.56151,0.0
2027-06-08,True,68618.78819783629,477742.07939214574,0.0,0.0,94.65549998275824,26377140.060836658,907263491.4279115,2.619646852595269,120088788667.18985,0.0
2027-06-09,True,68618.78819783629,467965.2833253758,0.0,0.0,91.2989924656148,59475216.923055746,907263491.4279115,2.579542812761015,117631220771.56218,0.0
2027-06-10,True,69156.74886729858,469917.99428293004,0.0,537.9606694622953,101.25314243763287,68665598.62551796,909760178.3722454,2.8488975124212397,118122068665.48895,0.0
2027-06-11,True,69911.89125258135,469502.1867080097,755.1423852827695,0.0,97.62028596863485,74627957.1408928,909760178.3722454,2.7352360447914044,118942787488.00296,0.0
2027-06-12,False,69911.89125258135,468082.3830867646,0.0,0.0,97.62028596863485,0.0,909760178.3722454,2.666419568751107,119877940014.62239,0.0
2027-06-13,False,69911.89125258135,472292.74975331826,0.0,0.0,97.62028596863485,0.0,909760178.3722454,2.507484796694952,120956233282.92326,0.0
2027-06-14,True,69911.89125258135,468866.8379276053,0.0,0.0,88.16563703460918,36514264.49109119,909760178.3722454,2.446953436669408,120078842321.03766,0.0
2027-06-15,True,70413.92715707907,469462.5927075318,0.0,502.03590449771923,94.31928415505504,89406631.23146129,912259000.1081092,2.6144201099002498,120231417718.77103,0.0
2027-06-16,True,70413.92715707907,469198.6952344886,0.0,0.0,97.19851889302355,52214053.17588629,912259000.1081092,2.683875967545145,121026726522.23428,0.0
2027-06-17,True,70413.92715707907,474189.6012741369,0.0,0.0,95.85991763101183,23750585.30576096,912259000.1081092,2.6190549815258968,122314098005.7735,0.0
2027-06-18,True,71705.0648620007,469398.0293773335,768.8698757738597,522.2678291477656,97.9484984394671,42898975.40656152,914761861.2414082,2.703436111371942,121078143457.18672,0.0
2027-06-19,False,71705.0648620007,479098.81088572193,0.0,0.0,97.9484984394671,0.0,914761861.2414082,2.9367711634814233,125846415610.65813,0.0
2027-06-20,False,71705.0648620007,481443.59715633816,0.0,0.0,97.9484984394671,0.0,914761861.2414082,2.7450352941972165,126462328113.10124,0.0
2027-06-21,True,71705.0648620007,477609.81907030084,0.0,0.0,115.21436796024351,33119246.73375957,914761861.2414082,3.0774542931282878,125455297372.44351,0.0
2027-06-22,True,71705.0648620007,485756.4453616165,0.0,0.0,116.0931667852952,25712801.820695147,914761861.2414082,3.0489219201947693,127595197732.84363,0.0
2027-06-23,True,72314.64083194853,480974.73567959294,0.0,609.5759699478384,117.0398293372607,63052242.91416676,917266911.3827361,3.1043425074145787,126339170770.76256,0.0
2027-06-24,True,72314.64083194853,484784.0292137994,0.0,0.0,117.65995801331378,26790117.17558979,917266911.3827361,3.0785759979104204,128422305375.32425,0.0
2027-06-25,True,73104.26514574456,487614.6326601096,789.6243137960206,0.0,121.29528165056799,86110609.76943539,917266911.3827361,3.155271040720634,129172149838.57526,0.0
2027-06-26,False,73104.26514574456,487962.7001864241,0.0,0.0,121.29528165056799,0.0,917266911.3827361,3.238742428555681,130675829677.17793,0.0
2027-06-27,False,73104.26514574456,482363.27760486695,0.0,0.0,121.29528165056799,0.0,917266911.3827361,3.093291584804476,129176310981.83798,0.0
2027-06-28,True,73104.26514574456,486973.79683487955,0.0,0.0,112.2340670757095,62820895.481499635,917266911.3827361,2.891825741420831,130411002537.9637,0.0
2027-06-29,True,73104.26514574456,482135.62000720407,0.0,0.0,109.71152352951431,43045079.73128572,917266911.3827361,2.8551967421284274,129115344548.44965,0.0
2027-06-30,True,73689.8052384775,475680.38259689545,0.0,585.540092732928,111.17047315046473,92807603.91964197,919772342.2533958,2.9324271005911164,127386639661.7176,0.0
2027-07-01,True,73689.8052384775,481324.02901976666,0.0,0.0,110.98924273344653,31853189.121195313,919772342.2533958,2.8781689409421043,129930430235.1449,0.0
2027-07-02,True,74494.44536702927,476006.2888648328,804.6401285517846,0.0,112.574821977648,63905696.33907182,919772342.2533958,2.951899148397258,128494939329.743,0.0
2027-07-03,False,74494.44536702927,473217.55262287316,0.0,0.0,112.574821977648,0.0,919772342.2533958,2.8609645437684987,129136990365.73773,0.0
2027-07-04,False,74494.44536702927,473702.3814175965,0.0,0.0,112.574821977648,0.0,919772342.2533958,2.8871849919812873,129269295963.96883,0.0
2027-07-05,True,74494.44536702927,467145.15441121714,0.0,0.0,94.3401766419094,11981369.203377545,919772342.2533958,2.4934536046205977,127479885245.67366,0.0
2027-07-06,True,75074.1903874083,467252.1735497313,0.0,579.7450203790285,126.51930918416127,21410733.478036266,921913415.6011994,3.3431967557523294,127509089845.93132,0.0
2027-07-07,True,75074.1903874083,471856.8533326631,0.0,0.0,128.02642371310026,61781045.3257583,921913415.6011994,3.331875954875832,129767772236.46552,0.0
2027-07-08,True,75074.1903874083,467565.53810214053,0.0,0.0,134.2249581402668,67803205.77479948,921913415.6011994,3.525252754679993,128587595635.24379,0.0
2027-07-09,True,76685.79501946714,471182.36230710987,819.7566272397094,791.8480048191374,148.65331538968394,74401672.6511539,924423314.6405904,3.8742268967441644,129582277001.71089,0.0
2027-07-10,False,76685.79501946714,473645.81373060937,0.0,0.0,148.65331538968394,0.0,924423314.6405904,3.9557527021274113,133056027169.18457,0.0
2027-07-11,False,76685.79501946714,472473.18148998794,0.0,0.0,148.65331538968394,0.0,924423314.6405904,4.116166409703,132726612693.759,0.0
2027-07-12,True,76685.79501946714,472424.9834552516,0.0,0.0,147.87674682672275,109689718.44077143,924423314.6405904,3.773314436138045,132713072958.29958,0.0
2027-07-13,True,76685.79501946714,479900.446370575,0.0,0.0,162.0634547712119,134685365.66602248,924423314.6405904,4.070895035547521,134813071243.78896,0.0
2027-07-14,True,76685.79501946714,477759.37234645075,0.0,0.0,153.5138311355421,74835802.39240086,924423314.6405904,3.873417055533092,134211603236.96487,0.0
2027-07-15,True,77483.12865874139,485222.1096445208,0.0,797.3336392742497,154.05552876791097,132861022.31974608,926934642.3003854,3.8273014773934553,136308026656.96213,0.0
2027-07-16,True,78329.18917420616,488778.4820908741,846.0605154647616,0.0,161.39657109007481,85028479.6748505,926934642.3003854,3.9502464384631826,138734716608.4272,0.0
2027-07-17,False,78329.18917420616,481124.5232274257,0.0,0.0,161.39657109007481,0.0,926934642.3003854,3.738615905053631,138053381613.0142,0.0
2027-07-18,False,78329.18917420616,489988.0381278374,0.0,0.0,161.39657109007481,0.0,926934642.3003854,3.6592514326468684,140596669568.42935,0.0
2027-07-19,True,78329.18917420616,487538.03404736234,0.0,0.0,146.6934028349734,123629227.26412322,926934642.3003854,3.560635878132934,139893667888.10263,0.0
2027-07-20,True,78329.18917420616,486497.2036179467,0.0,0.0,142.72796778884705,74777172.40556471,926934642.3003854,3.4717961425542447,139595013062.73087,0.0
2027-07-21,True,79092.4058352953,490035.3475288628,0.0,763.2166610891366,148.83894532414052,89788686.31034914,929447446.5999733,3.5943027764774524,140610244479.86774,0.0
2027-07-22,True,79092.4058352953,493586.40698312444,0.0,0.0,144.34595511569304,34604158.548772596,929447446.5999733,3.436619737280851,143009175106.62027,0.0
2027-07-23,True,79956.03851002995,488282.13384950755,863.6326747346527,0.0,142.91102064445056,48279590.21649298,929447446.5999733,3.4394178400408015,141472342417.05087,0.0
2027-07-24,False,79956.03851002995,489032.9767891061,0.0,0.0,142.91102064445056,0.0,929447446.5999733,3.4262864191906965,143237040312.84296,0.0
2027-07-25,False,79956.03851002995,489216.8386758728,0.0,0.0,142.91102064445056,0.0,929447446.5999733,3.764845904695419,143290893189.30887,0.0
2027-07-26,True,80752.60026590676,480791.0238769334,0.0,796.5617558768163,152.26580745519485,103860978.16319802,931962651.7441218,3.681455955691582,140822984415.65436,0.0
2027-07-27,True,80752.60026590676,491272.1751354819,0.0,0.0,152.11581465254028,47837594.66729913,931962651.7441218,3.5735033475906266,145326430716.79492,0.0
2027-07-28,True,80752.60026590676,487871.44520093285,0.0,0.0,164.18075027042076,60404690.325736426,931962651.7441218,3.8838176300055043,144320438584.05612,0.0
2027-07-29,True,81645.14711993144,485154.3415801978,0.0,892.5468540246842,171.87666300647484,104027870.25062782,934482033.8040208,4.088641042108479,143516674416.09726,0.0
2027-07-30,True,82536.65390925741,490529.69015816326,891.5067893259684,0.0,170.4783186814653,107243557.10532312,934482033.8040208,3.9778136598380716,146710635841.17578,0.0
2027-07-31,False,82536.65390925741,484415.7145577311,0.0,0.0,170.4783186814653,0.0,934482033.8040208,3.7985105627158897,146464038889.58517,0.0
2027-08-01,False,82536.65390925741,481378.6216767604,0.0,0.0,170.4783186814653,0.0,934482033.8040208,3.5495811370830737,145545767915.99402,0.0
2027-08-02,True,82536.65390925741,481781.76295070775,0.0,0.0,146.16045239456767,18534069.135585144,934482033.8040208,3.4348171282155553,145667658468.7795,0.0
2027-08-03,True,82536.65390925741,483570.4235664307,0.0,0.0,145.20298161662473,55103911.148828655,934482033.8040208,3.3996945709118918,146208463504.8438,0.0
2027-08-04,True,82536.65390925741,480710.1385064311,0.0,0.0,141.47033480923596,65441123.166576244,934482033.8040208,3.3320092421972665,145343650721.78708,0.0
2027-08-05,True,83287.92725082544,485862.559702842,0.0,751.273341568029,144.84108492753555,116037634.24551395,937002144.6479388,3.3752226996136994,146901495349.46527,0.0
2027-08-06,True,84197.37202779335,477388.6519188722,909.4447769679099,0.0,128.71509568847773,68141456.50456235,937002144.6479388,3.0333039005296425,145653213133.62088,0.0
2027-08-07,False,84197.37202779335,472834.1352292904,0.0,0.0,128.71509568847773,0.0,937002144.6479388,3.1385821487035543,145838867398.19598,0.0
2027-08-08,False,84197.37202779335,476942.3813464604,0.0,0.0,128.71509568847773,0.0,937002144.6479388,2.964340526091181,147105996643.0644,0.0
2027-08-09,True,84197.37202779335,467307.5378728982,0.0,0.0,133.50682451431206,85349113.44269913,937002144.6479388,3.179382125044386,144134268176.24838,0.0
2027-08-10,True,84197.37202779335,471630.5983729279,0.0,0.0,132.9803832601355,80387391.81008156,937002144.6479388,3.1378173157729434,145467653818.36682,0.0
2027-08-11,True,84958.00173775911,475271.5107931296,0.0,760.6297099657647,143.35461476621262,38702044.63430558,939523902.5418102,3.3566954839000807,146590640726.66342,0.0
2027-08-12,True,84958.00173775911,470703.58959777124,0.0,0.0,156.11706267671877,59916326.420859665,939523902.5418102,3.667806414942046,146493286976.19278,0.0
2027-08-13,True,85885.68253727462,470226.2468813858,927.680799515513,0.0,156.18960446707476,97274317.05822958,939523902.5418102,3.673235753708659,146344727447.26038,0.0
2027-08-14,False,85885.68253727462,470541.04520792863,0.0,0.0,156.18960446707476,0.0,939523902.5418102,3.5849218620459844,148041749453.2704,0.0
2027-08-15,False,85885.68253727462,465478.8661400945,0.0,0.0,156.18960446707476,0.0,939523902.5418102,3.565177738706955,146449085321.45862,0.0
2027-08-16,True,85885.68253727462,472596.7059808057,0.0,0.0,146.2386250433765,47917154.031649016,939523902.5418102,3.384998394297457,148688501995.26108,0.0
2027-08-17,True,85885.68253727462,479488.54532701365,0.0,0.0,144.1924050340105,47908940.223499805,939523902.5418102,3.289661492542885,150856814333.05652,0.0
2027-08-18,True,85885.68253727462,477425.8084948841,0.0,0.0,137.87748736512364,69720625.96175043,939523902.5418102,3.1591811564145127,150207835519.41187,0.0
2027-08-19,True,85885.68253727462,483246.19530825934,0.0,0.0,135.88615026779212,86472105.42828707,939523902.5418102,3.0760529978752666,152039047174.85004,0.0
2027-08-20,True,87585.69426568199,488487.9224603085,937.8104123617068,762.201316045652,147.69374042389572,103631268.62822957,942044836.3085564,3.3074654863359827,153688200772.92386,0.0
2027-08-21,False,87585.69426568199,481215.45147908805,0.0,0.0,147.69374042389572,0.0,942044836.3085564,3.4406791171039397,154396931564.04218,0.0
2027-08-22,False,87585.69426568199,488605.40447964455,0.0,0.0,147.69374042389572,0.0,942044836.3085564,3.1187347620053396,156767981920.346,0.0
2027-08-23,True,87585.69426568199,493808.5754958887,0.0,0.0,145.73090019745624,53628219.71284559,942044836.3085564,3.1741790177739913,158437408030.50485,0.0
2027-08-24,True,87585.69426568199,493265.5357128992,0.0,0.0,156.09042192446506,35872093.33676455,942044836.3085564,3.4035636642393743,158263174896.5664,0.0
2027-08-25,True,88392.3400426127,502571.2585818263,0.0,806.6457769307121,160.64697629142114,43526259.38024134,944568363.3160388,3.4380588313653866,161248895850.72852,0.0
2027-08-26,True,88392.3400426127,498212.10149427224,0.0,0.0,178.4782605356471,38503292.418727726,944568363.3160388,3.8281576689709094,161322457055.45264,0.0
2027-08-27,True,89357.52136755592,497336.4772310331,965.1813249432118,0.0,180.10686483874628,72653805.74227844,944568363.3160388,3.869890858288573,161038927496.09537,0.0
2027-08-28,False,89357.52136755592,496381.13906151697,0.0,0.0,180.10686483874628,0.0,944568363.3160388,3.6470951265379803,162484638827.7594,0.0
2027-08-29,False,89357.52136755592,498572.7322621742,0.0,0.0,180.10686483874628,0.0,944568363.3160388,3.6624567134204113,163202031576.28207,0.0
2027-08-30,True,89357.52136755592,493154.7762841709,0.0,0.0,156.50462871013173,71108475.60052192,944568363.3160388,3.3546423455809506,161428526197.05887,0.0
2027-08-31,True,89357.52136755592,500352.2955032666,0.0,0.0,154.22125411255604,75798570.79159617,944568363.3160388,3.258146557334778,163784551071.3756,0.0
2027-09-01,True,90192.96914105077,500990.7611957637,0.0,835.4477734948462,165.79494550043174,76336117.43433833,947092877.0442418,3.4981936823170163,163993545449.4566,0.0
2027-09-02,True,90192.96914105077,494348.1985255813,0.0,0.0,151.0774707697608,110966886.85123523,947092877.0442418,3.2091250160031146,163332106939.8568,0.0
2027-09-03,True,91177.812051807,500242.3811805135,984.8429107562354,0.0,148.53159274345182,69302626.89952135,947092877.0442418,3.1178717100615674,165279538476.15,0.0
2027-09-04,False,91177.812051807,491058.90913387877,0.0,0.0,148.53159274345182,0.0,947092877.0442418,3.0008468209866375,164016932610.26163,0.0
2027-09-05,False,91177.812051807,496683.94896474754,0.0,0.0,148.53159274345182,0.0,947092877.0442418,2.9070825835456886,165895733221.97827,0.0
2027-09-06,True,91177.812051807,500428.0029529325,0.0,0.0,130.50031162686082,29477251.01046616,947092877.0442418,2.708777595517797,167146272086.55652,0.0
2027-09-07,True,91177.812051807,501522.8977851818,0.0,0.0,124.4300937347497,28029389.754067503,947092877.0442418,2.5771403222385345,167511974222.44302,0.0
2027-09-08,True,91979.6238049837,503452.23105849023,0.0,801.8117531766904,159.8349790345498,45881686.976788245,949618443.8410971,3.297744179953038,168156384332.0755,0.0
2027-09-09,True,91979.6238049837,509122.471746644,0.0,0.0,180.57494332081242,43217745.31105441,949618443.8410971,3.6617840854795602,171545693460.48944,0.0
2027-09-10,True,92983.97571069266,507102.9614358002,1004.3519057089587,0.0,179.42453844733984,91390925.83152926,949618443.8410971,3.652945585642128,170865231850.6615,0.0
2027-09-11,False,92983.97571069266,504038.8900811616,0.0,0.0,179.42453844733984,0.0,949618443.8410971,3.289311847925915,171687265010.67444,0.0
2027-09-12,False,92983.97571069266,514734.57386942895,0.0,0.0,179.42453844733984,0.0,949618443.8410971,3.2216882673404825,175330461464.68405,0.0
2027-09-13,True,92983.97571069266,511522.3818483983,0.0,0.0,161.01000959399903,24505337.68113988,949618443.8410971,3.2146172023668216,174236314815.224,0.0
2027-09-14,True,92983.97571069266,517348.0305309418,0.0,0.0,160.6487415429573,66358754.35547548,949618443.8410971,3.1712870740237133,176220665048.71072,0.0
2027-09-15,True,93765.60898444227,521245.7177037901,0.0,781.6332737496061,161.24797366816318,28019588.63118,952145129.8358943,3.1593140248457696,177548307148.83865,0.0
2027-09-16,True,93765.60898444227,514776.80687754066,0.0,0.0,163.95823588096457,71380440.04562171,952145129.8358943,3.2342518627554626,176818814593.0501,0.0
2027-09-17,True,94789.46257481087,516870.6649708623,1023.8535903685993,0.0,157.29031536145672,95898125.35281722,952145129.8358943,3.0901507778086366,177538026300.0283,0.0
2027-09-18,False,94789.46257481087,518340.0794174635,0.0,0.0,157.29031536145672,0.0,952145129.8358943,3.093052027087217,179986850005.83292,0.0
2027-09-19,False,94789.46257481087,514294.47831316246,0.0,0.0,157.29031536145672,0.0,952145129.8358943,3.041933097892104,178582067647.57578,0.0
2027-09-20,True,94789.46257481087,516368.34261168697,0.0,0.0,155.66761867716758,57814402.80998788,952145129.8358943,3.028180527741441,179302190048.39508,0.0
2027-09-21,True,94789.46257481087,520626.2628009758,0.0,0.0,147.85762244415645,68016664.27651374,952145129.8358943,2.8527304361756975,180780697447.06592,0.0
2027-09-22,True,95541.16854749547,516311.1612811411,0.0,751.7059726846084,153.53400952412713,57392444.95231724,954673000.9238813,2.9870064993225283,179282334575.17822,0.0
2027-09-23,True,95541.16854749547,514680.27334832965,0.0,0.0,148.9159273599722,58040638.15248084,954673000.9238813,2.8911306585495713,180133296215.33347,0.0
2027-09-24,True,96584.40998222657,516558.10211798106,1043.2414347310985,0.0,138.1139106415788,25932494.003038,954673000.9238813,2.671667062200814,180790518773.72818,0.0
2027-09-25,False,96584.40998222657,513168.76775403926,0.0,0.0,138.1139106415788,0.0,954673000.9238813,2.662269888911966,181565434059.34622,0.0
2027-09-26,False,96584.40998222657,517872.2508197848,0.0,0.0,138.1139106415788,0.0,954673000.9238813,2.6275173791063615,183229584331.31323,0.0
2027-09-27,True,97257.0436775166,520427.5208338516,0.0,672.6336952900341,138.32570668471513,99025507.39909545,957203673.601137,2.6271825599591963,184133670352.12354,0.0
2027-09-28,True,97257.0436775166,516093.63555086,0.0,0.0,139.58021719497668,67908803.69406453,957203673.601137,2.6618198468959315,183871954293.11606,0.0
2027-09-29,True,97257.0436775166,523250.2264727868,0.0,0.0,144.35459451723753,55642319.36233608,957203673.601137,2.715216591059785,186421678351.3996,0.0
2027-09-30,True,98092.80616777718,521262.7197932025,0.0,835.762490260571,171.85128044079113,87922320.26937018,959738724.999398,3.2447362382636373,185713576735.39008,0.0
2027-10-01,True,99163.9096658718,520577.6446164353,1071.103498094634,0.0,166.65708113980827,37492693.823128365,959738724.999398,3.1322334067371984,187063302459.89362,0.0
2027-10-02,False,99163.9096658718,524482.9578634006,0.0,0.0,166.65708113980827,0.0,959738724.999398,3.060686403674822,190524550917.2951,0.0
2027-10-03,False,99163.9096658718,526105.5670747161,0.0,0.0,166.65708113980827,0.0,959738724.999398,3.1969339346860526,191113982636.02917,0.0
2027-10-04,True,99163.9096658718,526175.2024813561,0.0,0.0,172.92202708822657,36202201.80366479,959738724.999398,3.1806751713798787,191139278509.5731,0.0
2027-10-05,True,100048.35452754884,526611.7343474855,0.0,884.4448616770352,183.52075968797655,35246736.43664199,962276634.2982389,3.3728268295909554,191297853800.7402,0.0
2027-10-06,True,100048.35452754884,527832.2113478533,0.0,0.0,175.78125116649414,29840839.059967585,962276634.2982389,3.203071636511708,193451349896.3665,0.0
2027-10-07,True,100048.35452754884,521906.60376878775,0.0,0.0,166.85529090754804,72390325.998334,962276634.2982389,3.0749437854657375,191279605238.7239,0.0
2027-10-08,True,101140.8112193248,530983.8525456445,1092.4566917759532,0.0,166.29881082905865,47792365.50832816,962276634.2982389,3.0122972110897392,194606431437.42065,0.0
2027-10-09,False,101140.8112193248,526844.2140095454,0.0,0.0,166.29881082905865,0.0,962276634.2982389,2.937489260382869,195197644189.03152,0.0
2027-10-10,False,101140.8112193248,524106.339985528,0.0,0.0,166.29881082905865,0.0,962276634.2982389,2.7345746139603953,194183252182.1282,0.0
2027-10-11,True,101140.8112193248,531477.6466523387,0.0,0.0,150.19769936489845,58191051.10380962,962276634.2982389,2.6887584299464184,196914347366.80508,0.0
2027-10-12,True,101140.8112193248,525890.4851181569,0.0,0.0,148.4117288521795,51350864.5981306,962276634.2982389,2.685013161285889,194844284262.42773,0.0
2027-10-13,True,101140.8112193248,526693.0572951296,0.0,0.0,136.87231834701595,74156545.55163178,962276634.2982389,2.4724728856880507,195141640091.85684,0.0
2027-10-14,True,101140.8112193248,527841.6036218453,0.0,0.0,131.01102092952388,58129944.65238364,962276634.2982389,2.3614443816025243,195567180567.11542,0.0
2027-10-15,True,102877.67608255145,532318.5849488869,1104.3855398718752,632.4793233547895,132.70674069946728,47242969.046222344,964813660.6515582,2.3718917349955677,197225917979.19788,0.0
2027-10-16,False,102877.67608255145,530488.8806349417,0.0,0.0,132.70674069946728,0.0,964813660.6515582,2.401886803224193,199923273883.7707,0.0
2027-10-17,False,102877.67608255145,537703.6793995502,0.0,0.0,132.70674069946728,0.0,964813660.6515582,2.3238565328421013,202642286933.97202,0.0
2027-10-18,True,102877.67608255145,535601.3239835429,0.0,0.0,127.67063619714393,73930406.37890534,964813660.6515582,2.235484583595402,201849980454.0843,0.0
2027-10-19,True,102877.67608255145,532650.7474062705,0.0,0.0,122.03259108945977,24242288.60197466,964813660.6515582,2.1486000944415298,200738008175.85852,0.0
2027-10-20,True,102877.67608255145,542462.6815203411,0.0,0.0,119.60223198150003,45950261.59856223,964813660.6515582,2.06771994318063,204435793488.28384,0.0
2027-10-21,True,103454.5651808032,536000.747297484,0.0,576.8890982517419,121.77411272562905,30647530.053097848,967352894.8192289,2.1306488367282843,202000509559.4126,0.0
2027-10-22,True,104584.21526410786,541466.7493145393,1129.6500833046628,0.0,123.88059976583739,20524311.096287467,967352894.8192289,2.139275822153715,205204734454.40942,0.0
2027-10-23,False,104584.21526410786,544696.1528748765,0.0,0.0,123.88059976583739,0.0,967352894.8192289,2.3334336586708555,208682665069.26984,0.0
2027-10-24,False,104584.21526410786,543901.311305931,0.0,0.0,123.88059976583739,0.0,967352894.8192289,2.1975643304052808,208378147300.89578,0.0
2027-10-25,True,104584.21526410786,541304.5575477442,0.0,0.0,130.55666329487426,51357134.58624878,967352894.8192289,2.230879701621364,207383285317.8857,0.0
2027-10-26,True,105202.4365931046,540187.647018313,0.0,618.2213289967435,131.36360390741984,41037641.68133304,969895117.437319,2.249309407493487,206955377272.83075,0.0
2027-10-27,True,105202.4365931046,536820.196362501,0.0,0.0,133.80078317208316,71788013.42251855,969895117.437319,2.297887609199914,206880982308.89194,0.0
2027-10-28,True,105202.4365931046,537642.7635081778,0.0,0.0,154.51696711194302,22421020.39739684,969895117.437319,2.6496062823781945,207197985097.285,0.0
2027-10-29,True,106351.17218590864,542893.8512403554,1148.73559280404,0.0,153.13448381496715,26300181.76338996,969895117.437319,2.60050115181534,209221661172.7833,0.0
2027-10-30,False,106351.17218590864,536787.6681688655,0.0,0.0,153.13448381496715,0.0,969895117.437319,2.575359549270546,209127302448.0733,0.0
2027-10-31,False,106351.17218590864,539842.358797452,0.0,0.0,153.13448381496715,0.0,969895117.437319,2.5365804819607747,210317380478.64523,0.0
2027-11-01,True,106351.17218590864,540055.6130950556,0.0,0.0,144.28499566683914,74494533.64508122,969895117.437319,2.4364930589548814,210400462297.84094,0.0
2027-11-02,True,107042.42915528946,532545.3314907028,0.0,691.2569693808132,144.7152640912963,42837531.93205735,972438910.4104772,2.478222249249475,207474528962.03714,0.0
2027-11-03,True,107042.42915528946,536302.9469546586,0.0,0.0,146.0716750961129,47161126.51661139,972438910.4104772,2.4743560789469514,210296509330.7132,0.0
2027-11-04,True,107042.42915528946,542349.6681645775,0.0,0.0,149.61756329776,42707321.451648906,972438910.4104772,2.506164480933983,212667565411.16663,0.0
2027-11-05,True,108211.25615486245,542126.5150508231,1168.8269995729868,0.0,144.48339398748197,51587511.50276662,972438910.4104772,2.4211609343593117,212580062030.59543,0.0
2027-11-06,False,108211.25615486245,551975.0405258801,0.0,0.0,144.48339398748197,0.0,972438910.4104772,2.4812933440435927,218805282629.1458,0.0
2027-11-07,False,108211.25615486245,551187.8479647152,0.0,0.0,144.48339398748197,0.0,972438910.4104772,2.5794365411812175,218493236108.5909,0.0
2027-11-08,True,108791.02782433787,549262.134172592,0.0,579.7716694754224,154.80046286139768,20571425.8615623,974496052.9966334,2.532692617234978,217729874870.1064,0.0
2027-11-09,True,108791.02782433787,553176.9599596225,0.0,0.0,151.99634873504723,34195645.82739804,974496052.9966334,2.4612519698093362,220456591047.3117,0.0
2027-11-10,True,108791.02782433787,558618.3807363319,0.0,0.0,148.0610435877447,39918818.37189542,974496052.9966334,2.374174243085857,222625150408.45166,0.0
2027-11-11,True,108791.02782433787,556655.7389459426,0.0,0.0,140.87874073396412,46550700.37902821,974496052.9966334,2.2669700091910023,221842982404.58575,0.0
2027-11-12,True,110622.1757227038,565748.2993292867,1187.9204501974693,643.2274481684551,142.78196252176443,27941450.42140203,977044728.1125659,2.26066960110112,225466623682.3248,0.0
2027-11-13,False,110622.1757227038,571777.4676868769,0.0,0.0,142.78196252176443,0.0,977044728.1125659,2.2109254527378135,231704867518.32324,0.0
2027-11-14,False,110622.1757227038,560730.2814420263,0.0,0.0,142.78196252176443,0.0,977044728.1125659,2.2180186844918413,227228148917.17136,0.0
2027-11-15,True,110622.1757227038,566863.7560429521,0.0,0.0,138.5248592251141,61351575.71235635,977044728.1125659,2.158347045627099,229713654205.7652,0.0
2027-11-16,True,110622.1757227038,557882.7372061404,0.0,0.0,128.61423724777237,34803015.051133744,977044728.1125659,2.036190342064117,226074221214.14792,0.0
2027-11-17,True,111230.26697492425,558220.099100377,0.0,608.0912522204428,133.02301794759063,50595102.48523429,979596532.7875305,2.104716360272009,226210932430.3594,0.0
2027-11-18,True,111230.26697492425,560860.8219693417,0.0,0.0,151.0816019218489,81022274.70462695,979596532.7875305,2.3723607850924693,228530414942.3985,0.0
2027-11-19,True,112444.82217734212,558586.4940853724,1214.5552024178692,0.0,157.204420870131,32368609.222499892,979596532.7875305,2.4785551335668656,227603708931.42493,0.0
2027-11-20,False,112444.82217734212,554247.5072662047,0.0,0.0,157.204420870131,0.0,979596532.7875305,2.545982226359008,228301694523.46054,0.0
2027-11-21,False,112444.82217734212,552882.6437792038,0.0,0.0,157.204420870131,0.0,979596532.7875305,3.221287549650294,227739489655.0752,0.0
2027-11-22,True,113401.98747276458,547409.7958588882,0.0,957.1652954224535,205.07568169237683,47359391.70902332,982151500.0788566,3.2636935739542423,225485153031.64114,0.0
2027-11-23,True,113401.98747276458,535590.6697986431,0.0,0.0,197.36255828336857,61762191.41988771,982151500.0788566,3.1914612922489596,222494660597.5252,0.0
2027-11-24,True,113401.98747276458,543459.0428975261,0.0,0.0,206.9568156617575,36701262.3311606,982151500.0788566,3.2981524960237647,225763334046.87567,0.0
2027-11-25,True,113401.98747276458,536815.0159617878,0.0,0.0,204.23852117893523,32743455.92900843,982151500.0788566,3.2951168498387355,223003277530.9105,0.0
2027-11-26,True,114640.25631446953,538902.4947319017,1238.268841704954,0.0,194.86149695170175,93176543.43603376,982151500.0788566,3.1316531751456305,223870456342.36298,0.0
2027-11-27,False,114640.25631446953,541846.5094921605,0.0,0.0,194.86149695170175,0.0,982151500.0788566,2.8548082125968812,227551316713.9726,0.0
2027-11-28,False,114640.25631446953,530819.5674463711,0.0,0.0,194.86149695170175,0.0,982151500.0788566,2.817608552081733,222920493892.5803,0.0
2027-11-29,True,114640.25631446953,532077.6150306982,0.0,0.0,173.52410020392162,18064725.36745695,982151500.0788566,2.7939983726294666,223448817650.85416,0.0
2027-11-30,True,114640.25631446953,531580.2345214605,0.0,0.0,171.677755573064,47875077.74087491,982151500.0788566,2.7668558812986457,223239940066.8849,0.0
2027-12-01,True,114640.25631446953,526566.0749867647,0.0,0.0,166.8323444946757,24361789.5230101,982151500.0788566,2.7143679170940103,221134217165.0186,0.0
2027-12-02,True,114640.25631446953,529291.8274113343,0.0,0.0,157.32263516379598,56614898.0277443,982151500.0788566,2.5464629391010574,222278911358.63522,0.0
2027-12-03,True,116661.09611401896,536821.8815190732,1251.789854506476,769.0499450429544,161.64196218449567,51788952.2186875,984705557.4096435,2.5796764544804676,225441197535.85794,0.0
2027-12-04,False,116661.09611401896,530036.7018081094,0.0,0.0,161.64196218449567,0.0,984705557.4096435,2.465855538834726,226515497224.6072,0.0
2027-12-05,False,116661.09611401896,527859.6651607805,0.0,0.0,161.64196218449567,0.0,984705557.4096435,2.5843309411138997,225585122899.6526,0.0
2027-12-06,True,116661.09611401896,530306.0372243833,0.0,0.0,168.01986506283106,45653294.97501112,984705557.4096435,2.67432630793109,226630599906.23166,0.0
2027-12-07,True,116661.09611401896,520368.3978125096,0.0,0.0,166.38274517561467,27170004.439371537,984705557.4096435,2.6988435407046043,222383668844.77777,0.0
2027-12-08,True,117489.55330520499,527681.8718151102,0.0,828.4571911860264,170.945615211394,50959221.857494146,987262872.7337197,2.734425701116117,225509141466.7436,0.0
2027-12-09,True,117489.55330520499,530685.0667450523,0.0,0.0,171.89254114923122,79464455.80097915,987262872.7337197,2.7217843809594062,228403126254.26398,0.0
2027-12-10,True,118772.45545115379,525814.1814463995,1282.9021459488001,0.0,172.63053536858558,35489950.55512531,987262872.7337197,2.7587914721682147,226306731425.1012,0.0
2027-12-11,False,118772.45545115379,532297.9331519812,0.0,0.0,172.63053536858558,0.0,987262872.7337197,2.7724434394525326,231598871707.524,0.0
2027-12-12,False,118772.45545115379,531473.9142259548,0.0,0.0,172.63053536858558,0.0,987262872.7337197,2.7540696273943577,231240347201.51416,0.0
2027-12-13,True,118772.45545115379,525268.8270263069,0.0,0.0,169.80685313413616,73144445.3480936,987262872.7337197,2.6871422426288314,228540559911.76166,0.0
2027-12-14,True,118772.45545115379,529732.9115650767,0.0,0.0,164.91458037314484,56609619.0942193,987262872.7337197,2.587731236983148,230482849892.60754,0.0
2027-12-15,True,118772.45545115379,534205.5411187768,0.0,0.0,159.90120990927355,42424857.86755147,987262872.7337197,2.4880576071246936,232428857745.89545,0.0
2027-12-16,True,118772.45545115379,534356.1065443512,0.0,0.0,158.87704008453363,70214134.96132919,987262872.7337197,2.4714249888260054,232494367642.72095,0.0
2027-12-17,True,120069.36597376059,539636.7298409819,1296.9105226068045,0.0,152.1464697897777,55592829.80104861,987262872.7337197,2.3435674008473044,234791927564.04218,0.0
2027-12-18,False,120069.36597376059,540488.742607111,0.0,0.0,152.1464697897777,0.0,987262872.7337197,2.1593624508835765,237730440239.76306,0.0
2027-12-19,False,120069.36597376059,535513.9095070563,0.0,0.0,152.1464697897777,0.0,987262872.7337197,1.9465453616012323,235542292421.38187,0.0
2027-12-20,True,120069.36597376059,542235.851519562,0.0,0.0,123.58106938779781,25150489.448121894,987262872.7337197,1.8739772225969462,238498894673.98557,0.0
2027-12-21,True,120069.36597376059,539065.1808601938,0.0,0.0,117.2608445373265,25615843.58867087,987262872.7337197,1.7885962859957774,237104295911.26016,0.0
2027-12-22,True,120069.36597376059,534660.1766118424,0.0,0.0,105.02074184890795,26989156.90162555,987262872.7337197,1.615094105108934,235166783588.30722,0.0
2027-12-23,True,120336.1292815636,544957.9324542596,0.0,266.7633078030084,124.48423322483245,11678168.142982703,988430689.548018,1.8782437732967026,239696184178.76318,0.0
2027-12-24,True,121650.11400741796,535488.9915953104,1313.984725854353,0.0,126.97885336793438,46006702.78528895,988430689.548018,1.9477402417107699,236054622597.47208,0.0
2027-12-25,False,121650.11400741796,534943.3384497109,0.0,0.0,126.97885336793438,0.0,988430689.548018,2.088752708662263,238389009092.36844,0.0
2027-12-26,False,121650.11400741796,532661.9703277817,0.0,0.0,126.97885336793438,0.0,988430689.548018,2.52866069342622,237372353594.72693,0.0
2027-12-27,True,121650.11400741796,528531.532292132,0.0,0.0,157.46805530255006,55512217.6816264,988430689.548018,2.420779664973081,235531689435.24878,0.0
2027-12-28,True,121650.11400741796,524410.7917250706,0.0,0.0,146.23748497765126,41999055.58542109,988430689.548018,2.265795917665611,233695346798.74573,0.0
2027-12-29,True,122346.16918174617,527173.9869973068,0.0,696.0551743282136,153.62216264512293,23886018.469116975,990819291.3949296,2.367737777771379,234926720919.20135,0.0
2027-12-30,True,122346.16918174617,520955.52835544525,0.0,0.0,153.60090383582408,17423105.522912595,990819291.3949296,2.3877958789556617,233483906545.5692,0.0
2027-12-31,True,123682.10211004784,515095.030542505,1335.9329283016655,0.0,175.49444577367547,64855065.45096413,990819291.3949296,2.7591803867404883,230857325485.9793,0.0
2028-01-01,False,123682.10211004784,526204.3820573961,0.0,0.0,175.49444577367547,0.0,990819291.3949296,2.685453922532021,238411523403.026,0.0
2028-01-02,False,123682.10211004784,512224.8238030817,0.0,0.0,175.49444577367547,0.0,990819291.3949296,2.504090246176797,232077695914.0164,0.0
2028-01-03,True,123682.10211004784,518353.27356455085,0.0,0.0,168.15550950578236,45806125.779667675,990819291.3949296,2.5987999605910987,234854360445.04532,0.0
2028-01-04,True,124555.93068954728,521621.08011017897,0.0,873.8285794994492,178.36166978301205,63460607.65644482,993374814.720228,2.7392646387464428,236334931043.26697,0.0
2028-01-05,True,124555.93068954728,519549.1535554727,0.0,0.0,183.01066374526184,35950789.31989971,993374814.720228,2.809302388206486,237059288831.93787,0.0
2028-01-06,True,124555.93068954728,522198.7943705964,0.0,0.0,165.48156124127087,9155433.153151773,993374814.720228,2.5273330615584144,238268263888.47455,0.0
2028-01-07,True,125915.99263783959,525340.7322464585,1360.0619482923091,0.0,148.9494248857488,26465021.811098114,993374814.720228,2.2612391158578946,239701863680.34964,0.0
2028-01-08,False,125915.99263783959,525436.2839637906,0.0,0.0,148.9494248857488,0.0,993374814.720228,2.345207600929927,242363311400.86533,0.0
2028-01-09,False,125915.99263783959,528381.5565882124,0.0,0.0,148.9494248857488,0.0,993374814.720228,2.501730258679765,243721851052.6157,0.0
2028-01-10,True,126701.58571901418,536912.7525732734,0.0,785.5930811745985,164.87067476361705,56872347.121927984,995933152.909968,2.4225455273293384,247656959784.64157,0.0
2028-01-11,True,126701.58571901418,530098.8380838389,0.0,0.0,161.00106425718474,63694857.95388085,995933152.909968,2.387371658046674,246039495036.7435,0.0
2028-01-12,True,126701.58571901418,536623.2693340501,0.0,0.0,210.67681422605352,32558372.946384627,995933152.909968,3.085996157059017,249067737422.64746,0.0
2028-01-13,True,126701.58571901418,537645.0231111604,0.0,0.0,206.676821566315,30033175.155970424,995933152.909968,3.0216508699722984,249541973103.45145,0.0
2028-01-14,True,128085.07669026496,530854.4445508493,1383.4909712507867,0.0,192.97868290104302,97921633.33672668,995933152.909968,2.8574722363119665,246390201396.074,0.0
2028-01-15,False,128085.07669026496,534365.8984647058,0.0,0.0,192.97868290104302,0.0,995933152.909968,2.7268893499813287,250728205365.9288,0.0
2028-01-16,False,128085.07669026496,533737.4254952274,0.0,0.0,192.97868290104302,0.0,995933152.909968,2.9308816077365036,250433321466.69226,0.0
2028-01-17,True,128085.07669026496,531034.5784584057,0.0,0.0,191.40001879596653,92720455.56245434,995933152.909968,2.8025336235752434,249165126791.7177,0.0
2028-01-18,True,129038.61231193678,534463.7915303882,0.0,953.5356216718262,199.0768695113484,50163649.86805764,998493120.147593,2.8962374936006268,250774137474.8954,0.0
2028-01-19,True,129038.61231193678,527423.0210897005,0.0,0.0,202.10064508401527,41863145.74714052,998493120.147593,2.9650635808512344,249312865579.5825,0.0
2028-01-20,True,129038.61231193678,521296.468873285,0.0,0.0,192.24496530045647,41370806.801762246,998493120.147593,2.853616349610171,246416844306.1051,0.0
2028-01-21,True,131421.78345546513,522149.1532515447,1409.0096352243522,974.1615083039829,198.3295930922152,46208327.975153826,1001057828.7155911,2.9391268865993623,246819908217.38385,0.0
2028-01-22,False,131421.78345546513,518995.63237848505,0.0,0.0,198.3295930922152,0.0,1001057828.7155911,2.6713204487266333,249860142864.84506,0.0
2028-01-23,False,131421.78345546513,514345.44875950314,0.0,0.0,198.3295930922152,0.0,1001057828.7155911,2.1818182550435727,247621404288.06403,0.0
2028-01-24,True,131421.78345546513,520619.2047529097,0.0,0.0,138.53141274077433,55077496.765807875,1001057828.7155911,2.026841969605185,250641779549.4662,0.0
2028-01-25,True,131421.78345546513,519717.01385096845,0.0,0.0,146.9944185504088,29714032.01847504,1001057828.7155911,2.154396922972988,250207437652.18018,0.0
2028-01-26,True,132177.15177868883,510187.98646278784,0.0,755.3683232237024,150.05515625071163,60031049.19896016,1003626083.3060523,2.24033263519172,245619876609.20496,0.0
2028-01-27,True,132177.15177868883,514411.8514853258,0.0,0.0,158.8206173641917,19882838.942343958,1003626083.3060523,2.344290699770897,249076801067.21127,0.0
2028-01-28,True,133620.43202694872,505358.38983119756,1443.2802482598927,0.0,157.89692074205374,21005903.462744668,1003626083.3060523,2.3724099178538074,244693139880.39423,0.0
2028-01-29,False,133620.43202694872,506402.0406848363,0.0,0.0,157.89692074205374,0.0,1003626083.3060523,2.3101368175354655,247875865231.20944,0.0
2028-01-30,False,133620.43202694872,513202.0860049389,0.0,0.0,157.89692074205374,0.0,1003626083.3060523,2.364931488132485,251204380880.65744,0.0
2028-01-31,True,133620.43202694872,509323.7154547273,0.0,0.0,149.96584861467161,54072236.75194885,1003626083.3060523,2.2115539534956934,249305979257.86612,0.0
2028-02-01,True,134409.4788268858,508633.5950040538,0.0,789.0467999370893,156.08674730868768,53873044.98115618,1006197318.3237488,2.3049422932226795,248968176109.2194,0.0
2028-02-02,True,134409.4788268858,507207.1381080256,0.0,0.0,162.7874795909236,62271221.55615391,1006197318.3237488,2.4026410928572846,249736015569.31918,0.0
2028-02-03,True,134409.4788268858,502813.7716221297,0.0,0.0,134.28148575358085,7714684.6723323455,1006197318.3237488,1.9992275695913018,247572832603.8426,0.0
2028-02-04,True,135877.13449474706,493261.92973536474,1467.655667861259,0.0,132.47726631071936,40431872.47924013,1006197318.3237488,2.010559909889623,242869746320.3038,0.0
2028-02-05,False,135877.13449474706,501217.197775093,0.0,0.0,132.47726631071936,0.0,1006197318.3237488,1.8696693644833664,249481454876.94266,0.0
2028-02-06,False,135877.13449474706,499163.91733779386,0.0,0.0,132.47726631071936,0.0,1006197318.3237488,2.014345131161607,248459432103.09995,0.0
2028-02-07,True,136577.81579263764,499960.98980211327,0.0,700.6812978905898,148.87401269069116,23530857.32679476,1008550404.0564283,2.2050556335173783,248856175867.9258,0.0
2028-02-08,True,136577.81579263764,503758.82325348584,0.0,0.0,152.67986273404776,75100880.52104387,1008550404.0564283,2.238084810196695,252039583507.13382,0.0
2028-02-09,True,136577.81579263764,492054.79278216104,0.0,0.0,171.61390248695272,59945529.99073997,1008550404.0564283,2.5754697044615926,246183846934.03333,0.0
2028-02-10,True,137531.05418317186,495907.63705949084,0.0,953.2383905342215,183.3296696235832,60558457.0313188,1011128918.4822428,2.729916754372918,248111494098.0164,0.0
2028-02-11,True,139032.79522807867,493213.03640862147,1501.7410449068013,0.0,182.2994418398567,23547926.405693505,1011128918.4822428,2.7174186478280555,248485610027.17972,0.0
2028-02-12,False,139032.79522807867,494910.57221743197,0.0,0.0,182.2994418398567,0.0,1011128918.4822428,2.6998858497677705,252063469609.96136,0.0
2028-02-13,False,139032.79522807867,499694.44440426107,0.0,0.0,182.2994418398567,0.0,1011128918.4822428,2.8626625014979035,254499949025.1818,0.0
2028-02-14,True,139032.79522807867,507669.7166712261,0.0,0.0,181.06604355957387,31105353.171616998,1011128918.4822428,2.5938510380444395,258561844065.50864,0.0
2028-02-15,True,139974.19965575082,506511.8180559996,0.0,941.404427672144,184.66223281977244,56094502.8979535,1013711105.7595491,2.651415414514251,257972113397.39447,0.0
2028-02-16,True,139974.19965575082,504646.1022049035,0.0,0.0,185.44028880972857,49247537.708559774,1013711105.7595491,2.661235960454818,258762203415.1532,0.0
2028-02-17,True,139974.19965575082,508850.4155202392,0.0,0.0,182.21531758613312,30385630.648009825,1013711105.7595491,2.593348966678796,260918006011.40942,0.0
2028-02-18,True,141502.61810712877,501970.92184134806,1528.4184513779503,0.0,150.47942753708548,25846630.55226121,1013711105.7595491,2.171024786428183,257390478631.4245,0.0
2028-02-19,False,141502.61810712877,513794.8562038302,0.0,0.0,150.47942753708548,0.0,1013711105.7595491,2.3292850044092734,266330038479.68134,0.0
2028-02-20,False,141502.61810712877,516221.72662539285,0.0,0.0,150.47942753708548,0.0,1013711105.7595491,2.076200040191009,267588027898.91278,0.0
2028-02-21,True,142284.12375579786,515642.93008047127,0.0,781.5056486690763,155.87165937251658,55286068.33075288,1016296424.1181039,2.165548029659772,267288003668.97046,0.0
2028-02-22,True,142284.12375579786,521452.56293008855,0.0,0.0,157.08008114978884,11966697.23397547,1016296424.1181039,2.151643245248367,271792316041.03357,0.0
2028-02-23,True,142284.12375579786,518832.74411513633,0.0,0.0,175.33939075016056,29906066.80539528,1016296424.1181039,2.413882187153898,270426810002.81857,0.0
2028-02-24,True,143273.7742652451,511297.703279441,0.0,989.6505094472387,195.3543597115321,75308547.62361719,1018886619.8694395,2.7290608529457323,266499384296.65326,0.0
2028-02-25,True,144838.22171859094,512456.4482910917,1564.4474533458288,0.0,203.00951339895127,15656583.513574006,1018886619.8694395,2.8172058747324615,268961171902.84924,0.0
2028-02-26,False,144838.22171859094,517763.7044046189,0.0,0.0,203.00951339895127,0.0,1018886619.8694395,2.650573518859079,274713948608.93707,0.0
2028-02-27,False,144838.22171859094,516091.8052449123,0.0,0.0,203.00951339895127,0.0,1018886619.8694395,2.8411422558840966,273826875961.8362,0.0
2028-02-28,True,144838.22171859094,521994.2160434033,0.0,0.0,215.8939378863826,43764952.39579544,1018886619.8694395,2.9094937734428776,276958564342.02124,0.0
2028-02-29,True,146072.6089087065,522423.48373294366,0.0,1234.387190115561,248.6056275958046,60670121.84213588,1021480579.0745142,3.3475798072995855,277186324266.096,0.0
2028-03-01,True,146072.6089087065,515958.14870462805,0.0,0.0,217.78230349096347,33320657.597877633,1021480579.0745142,2.951681132662662,276089052451.12476,0.0
2028-03-02,True,146072.6089087065,520267.93505671574,0.0,0.0,209.77338757018137,19893059.089867424,1021480579.0745142,2.819581543726974,278395217850.78357,0.0
2028-03-03,True,147667.6176406447,520944.76218491717,1595.0087319381898,0.0,196.93408177050185,50516891.06560202,1021480579.0745142,2.643568295251605,278757387846.4848,0.0
2028-03-04,False,147667.6176406447,519558.9528807391,0.0,0.0,196.93408177050185,0.0,1021480579.0745142,2.3904322992866174,281051576450.1843,0.0
2028-03-05,False,147667.6176406447,533673.7305198752,0.0,0.0,196.93408177050185,0.0,1021480579.0745142,2.3967751243615045,288686861117.5503,0.0
2028-03-06,True,147667.6176406447,534496.1876787695,0.0,0.0,182.93627616976588,79030374.65876444,1021480579.0745142,2.3675549528757047,289131763240.37646,0.0
2028-03-07,True,147915.08388337586,535657.5568164751,0.0,247.46624273117746,187.94385775535488,7053019.160034694,1022185880.9905176,2.4270892490300233,289759997293.8616,0.0
2028-03-08,True,147915.08388337586,537334.2286562838,0.0,0.0,210.3354285853098,40881728.23212113,1022185880.9905176,2.705112543268449,291154089807.2542,0.0
2028-03-09,True,147915.08388337586,537746.6502366423,0.0,0.0,198.94506502683927,42538622.53024892,1022185880.9905176,2.5566593754736435,291377560085.97894,0.0
2028-03-10,True,149530.21112825724,538936.6935613406,1615.127244881379,0.0,198.70781399472014,21889443.789544206,1022185880.9905176,2.5479717341959534,292022384038.2892,0.0
2028-03-11,False,149530.21112825724,544279.2510667671,0.0,0.0,198.70781399472014,0.0,1022185880.9905176,2.6521528074389997,298137530244.8655,0.0
2028-03-12,False,149530.21112825724,546550.0538046042,0.0,0.0,198.70781399472014,0.0,1022185880.9905176,2.590720343587389,299381398201.6268,0.0
2028-03-13,True,149530.21112825724,542149.3470029201,0.0,0.0,198.51750757620565,11961150.905771565,1022185880.9905176,2.5031150205711246,296970841755.43787,0.0
2028-03-14,True,150525.4399245647,552470.4849387709,0.0,995.228796307452,211.91667198928536,34288846.127042904,1024780459.9377974,2.6221466386453036,302624407581.2159,0.0
2028-03-15,True,150525.4399245647,538140.8625215859,0.0,0.0,203.18469401740003,25133123.472385373,1024780459.9377974,2.5704901826473896,296737067226.33496,0.0
2028-03-16,True,150525.4399245647,539000.9388340476,0.0,0.0,184.11830146364773,54590416.4645864,1024780459.9377974,2.325564390749028,297211323207.11084,0.0
2028-03-17,True,152169.07039609665,541237.5769474923,1643.6304715319416,0.0,164.4709844408129,66509813.17465606,1024780459.9377974,2.0688179778676146,298444631213.34607,0.0
2028-03-18,False,152169.07039609665,534611.8307530041,0.0,0.0,164.4709844408129,0.0,1024780459.9377974,1.8538599450984228,298010027291.7298,0.0
2028-03-19,False,152169.07039609665,536822.23143143,0.0,0.0,164.4709844408129,0.0,1024780459.9377974,1.9629509492018045,299242176542.1037,0.0
2028-03-20,True,152169.07039609665,534777.2782490576,0.0,0.0,162.6456575135463,51162588.12023229,1024780459.9377974,2.0482076048768154,298102253108.62726,0.0
2028-03-21,True,153053.54177071134,532226.577820924,0.0,884.4713746146824,181.23688456956964,45808890.70353088,1027377829.5295874,2.293266243503805,296680409706.6014,0.0
2028-03-22,True,153053.54177071134,528122.7002129239,0.0,0.0,191.0161396535454,21091116.31778743,1027377829.5295874,2.4278510244776723,296103910865.2193,0.0
2028-03-23,True,153053.54177071134,536055.6833454228,0.0,0.0,207.55573136211785,29743288.065366995,1027377829.5295874,2.5990320264368627,300551716894.7911,0.0
2028-03-24,True,154724.7773117355,525144.0202179617,1671.2355410241491,0.0,173.22956254213776,17779681.056715354,1027377829.5295874,2.2142690499249005,294433846701.4015,0.0
2028-03-25,False,154724.7773117355,530985.9643501204,0.0,0.0,173.22956254213776,0.0,1027377829.5295874,2.2026485733610026,300960037410.0604,0.0
2028-03-26,False,154724.7773117355,537726.6874560297,0.0,0.0,173.22956254213776,0.0,1027377829.5295874,2.904180915768251,304780643630.05396,0.0
2028-03-27,True,155406.78592521817,529963.8468779777,0.0,682.008613482681,236.5326445149495,15280762.160605421,1028905905.7456479,2.963569842760368,300380706630.517,0.0
2028-03-28,True,155406.78592521817,537036.9769269836,0.0,0.0,240.41582514145904,62969133.173080474,1028905905.7456479,2.963906800670042,305731433416.92255,0.0
2028-03-29,True,155406.78592521817,539515.5562452101,0.0,0.0,253.1623533898329,78689391.71460515,1028905905.7456479,3.1067108494514803,307142471465.2429,0.0
2028-03-30,True,155406.78592521817,539243.024172505,0.0,0.0,239.1049043614713,52972200.408879355,1028905905.7456479,2.935686190717174,306987320842.8091,0.0
2028-03-31,True,158264.75698479492,542862.6025574823,1696.9312892062517,1161.0397703704825,242.1843557423861,62003976.785490125,1031508406.9249004,2.9536691216082787,309047921761.4577,0.0
2028-04-01,False,158264.75698479492,544943.4547136276,0.0,0.0,242.1843557423861,0.0,1031508406.9249004,3.2656657767046586,315937793217.9238,0.0
2028-04-02,False,158264.75698479492,541073.9709304523,0.0,0.0,242.1843557423861,0.0,1031508406.9249004,3.1719761617778746,313694411529.8341,0.0
2028-04-03,True,158264.75698479492,545904.66711268,0.0,0.0,264.5284461809939,67270314.07077649,1031508406.9249004,3.158232732472365,316495068145.33795,0.0
2028-04-04,True,158264.75698479492,548125.5750252061,0.0,0.0,317.00782718291157,66592744.235282496,1031508406.9249004,3.7694542424505566,317782667324.215,0.0
2028-04-05,True,158264.75698479492,542006.028788758,0.0,0.0,313.59719791760335,63136331.02212585,1031508406.9249004,3.7710006985800035,314234783747.0933,0.0
2028-04-06,True,158264.75698479492,549109.5631640448,0.0,0.0,297.0577475524505,62916764.75117798,1031508406.9249004,3.525903589313266,318353146772.03345,0.0
2028-04-07,True,159992.8952800902,549484.3544742488,1728.1382952952617,0.0,288.41623820765426,102960267.82362723,1031508406.9249004,3.42099889179324,318570436728.33795,0.0
2028-04-08,False,159992.8952800902,542137.1328324383,0.0,0.0,288.41623820765426,0.0,1031508406.9249004,3.3839578168687665,317742842697.69086,0.0
2028-04-09,False,159992.8952800902,547815.1059374637,0.0,0.0,288.41623820765426,0.0,1031508406.9249004,3.485804470243325,321070663660.1214,0.0
2028-04-10,True,159992.8952800902,542021.6531565023,0.0,0.0,280.85597794900946,27044318.993055195,1031508406.9249004,3.3407125607034582,317675160854.3277,0.0
2028-04-11,True,159992.8952800902,542305.1791980602,0.0,0.0,254.82638639509963,54169165.16092309,1031508406.9249004,3.02951228436343,317841333516.12775,0.0
2028-04-12,True,159992.8952800902,550857.6311597145,0.0,0.0,244.3883613269658,82724931.78931314,1031508406.9249004,2.860310783704525,322853866754.9668,0.0
2028-04-13,True,159992.8952800902,546947.27529098,0.0,0.0,235.18263280523445,54769627.55142844,1031508406.9249004,2.7722465966356657,320562034090.416,0.0
2028-04-14,True,161739.90361331785,547113.6141873222,1747.0083332276672,0.0,226.53929567483,53324497.97546628,1031508406.9249004,2.6695502395088484,320659524172.85846,0.0
2028-04-15,False,161739.90361331785,552230.5592361917,0.0,0.0,226.53929567483,0.0,1031508406.9249004,2.6322924078469483,327192650819.65894,0.0
2028-04-16,False,161739.90361331785,547920.820033441,0.0,0.0,226.53929567483,0.0,1031508406.9249004,2.574862172508696,324639161211.91284,0.0
2028-04-17,True,161739.90361331785,542101.641662983,0.0,0.0,225.91532155414694,71757600.11654174,1031508406.9249004,2.657789339840226,321191339709.1405,0.0
2028-04-18,True,161739.90361331785,553593.7747588297,0.0,0.0,220.17253032430108,25752352.711489365,1031508406.9249004,2.536457137176316,328000346252.3553,0.0
2028-04-19,True,163065.90133060003,551984.2005442455,0.0,1325.9977172821723,281.585407144606,45264238.41217207,1034107724.1172208,3.2534121861101184,327046685059.3037,0.0
2028-04-20,True,163065.90133060003,552229.9313643968,0.0,0.0,276.8247768401457,69640663.00305614,1034107724.1172208,3.1789788834786648,329874710325.9163,0.0
2028-04-21,True,164846.46469868658,561374.5048642247,1780.5633680865674,0.0,261.2792781643242,32240749.43189847,1034107724.1172208,2.9515823812354998,335337223969.20386,0.0
2028-04-22,False,164846.46469868658,547003.769742287,0.0,0.0,261.2792781643242,0.0,1034107724.1172208,2.9865486426121985,330320769411.0604,0.0
2028-04-23,False,164846.46469868658,550340.0800074429,0.0,0.0,261.2792781643242,0.0,1034107724.1172208,2.7903732539048094,332335476867.82904,0.0
2028-04-24,True,164846.46469868658,551664.4292764225,0.0,0.0,235.99245590161192,50026259.82635375,1034107724.1172208,2.683547470914721,333135215541.8503,0.0
2028-04-25,True,164846.46469868658,548278.4630988783,0.0,0.0,226.38108135387225,33986200.79753953,1034107724.1172208,2.5901510268475776,331090522223.75275,0.0
2028-04-26,True,164846.46469868658,553909.9287936373,0.0,0.0,221.86492283383413,46955400.194771595,1034107724.1172208,2.512671070203373,334491211915.67426,0.0
2028-04-27,True,165920.60318976906,560760.1061812104,0.0,1074.1384910824768,231.49881330944083,48022851.00057118,1036709612.2465893,2.589749775886722,338627848608.93036,0.0
2028-04-28,True,167732.3378666073,558713.6326950466,1811.7346768382342,0.0,251.48068395914115,56009800.85956666,1036709612.2465893,2.81236815634632,339590482995.77783,0.0
2028-04-29,False,167732.3378666073,553572.3398544838,0.0,0.0,251.48068395914115,0.0,1036709612.2465893,2.665847893405618,340139529353.38525,0.0
2028-04-30,False,167732.3378666073,562023.6300597836,0.0,0.0,251.48068395914115,0.0,1036709612.2465893,3.3255754006429417,345332378897.8823,0.0
2028-05-01,True,167732.3378666073,553816.2506038052,0.0,0.0,286.48038912632813,36665351.372998334,1036709612.2465893,3.197197964888021,340289398993.72925,0.0
2028-05-02,True,167732.3378666073,570329.5264810695,0.0,0.0,277.31063923205556,27653302.539342716,1036709612.2465893,3.0052527343642543,350435892018.384,0.0
2028-05-03,True,167732.3378666073,575857.0100826682,0.0,0.0,273.8734520802011,37195040.03423245,1036709612.2465893,2.939514474115633,353832224413.26215,0.0
2028-05-04,True,167732.3378666073,576997.985364723,0.0,0.0,267.2954092935185,28844041.66341483,1036709612.2465893,2.8632385206152287,354533290502.55414,0.0
2028-05-05,True,170767.25517846827,589272.7711900887,1831.517527648534,1203.399784212439,272.2683651010147,57938123.61336469,1039314140.7801533,2.8557562415238658,362075466245.3866,0.0
2028-05-06,False,170767.25517846827,587157.0030869448,0.0,0.0,272.2683651010147,0.0,1039314140.7801533,2.862027298592451,367303246875.4128,0.0
2028-05-07,False,170767.25517846827,586520.4968360378,0.0,0.0,272.2683651010147,0.0,1039314140.7801533,2.733218696451152,366905072602.79834,0.0
2028-05-08,True,170767.25517846827,592088.0966920742,0.0,0.0,255.48594506093463,73560983.81604694,1039314140.7801533,2.6261705193629417,370387952809.7511,0.0
2028-05-09,True,170767.25517846827,601866.005833775,0.0,0.0,250.6106311730947,12888303.3813217,1039314140.7801533,2.534205996418896,376504643501.53815,0.0
2028-05-10,True,170767.25517846827,600726.751255763,0.0,0.0,249.83507945464595,33739596.09135921,1039314140.7801533,2.531154669320057,375791968862.0098,0.0
2028-05-11,True,171861.68042603903,612075.0613232852,0.0,1094.4252475707763,256.83357092386666,47256207.92054129,1041922329.414182,2.553814472292587,382891043066.0735,0.0
2028-05-12,True,173738.2874300012,607094.5718354096,1876.607003962153,0.0,244.49212909946286,20061485.484401647,1041922329.414182,2.441545512441978,382209368579.5753,0.0
2028-05-13,False,173738.2874300012,599296.7116741152,0.0,0.0,244.49212909946286,0.0,1041922329.414182,2.4497334332124647,381419906590.95544,0.0
2028-05-14,False,173738.2874300012,603623.684024002,0.0,0.0,244.49212909946286,0.0,1041922329.414182,2.451251130866567,384173790197.13306,0.0
2028-05-15,True,173738.2874300012,596210.7273216977,0.0,0.0,238.59304577789567,17823278.122817397,1041922329.414182,2.399925745060259,379455844648.8298,0.0
2028-05-16,True,174795.67725431253,591660.4936607738,0.0,1057.389824311322,239.48299639705144,35029743.18583626,1044534689.3514472,2.4274032050827876,376559867307.20807,0.0
2028-05-17,True,174795.67725431253,601725.0507230529,0.0,0.0,259.4633328429315,55712755.11479953,1044534689.3514472,2.57673691649549,385296181424.993,0.0
2028-05-18,True,174795.67725431253,595011.7996432186,0.0,0.0,241.89302477592523,57846853.351761594,1044534689.3514472,2.429349203518685,380997556990.2961,0.0
2028-05-19,True,176704.32141154754,587865.5107676783,1908.6441572350152,0.0,231.05261897131635,34303202.38548034,1044534689.3514472,2.3486867271151697,376421650084.3147,0.0
2028-05-20,False,176704.32141154754,586083.259072345,0.0,0.0,231.05261897131635,0.0,1044534689.3514472,2.252426894930372,379378234681.5603,0.0
2028-05-21,False,176704.32141154754,577112.9057234903,0.0,0.0,231.05261897131635,0.0,1044534689.3514472,2.2546533248337632,373571624843.6597,0.0
2028-05-22,True,176704.32141154754,575465.5537451936,0.0,0.0,219.2872132168225,49117693.39201274,1044534689.3514472,2.2525252748270046,372505275522.55035,0.0
2028-05-23,True,176704.32141154754,579604.5656067983,0.0,0.0,215.80318848364507,27085199.630696606,1044534689.3514472,2.200907327571293,375184504094.72797,0.0
2028-05-24,True,176704.32141154754,580292.5277284104,0.0,0.0,214.8774718659869,40213701.397917904,1044534689.3514472,2.1888681625655035,375629829654.1683,0.0
2028-05-25,True,177740.43032543946,577369.7711402379,0.0,1036.1089138919333,228.78990737348272,36559658.063409984,1047149393.7033905,2.342386289565725,373737896694.7116,0.0
2028-05-26,True,179681.22908644954,586446.1678849576,1940.798761010079,0.0,242.00230185332893,43338489.60058569,1047149393.7033905,2.4311612359141748,381839018023.04645,0.0
2028-05-27,False,179681.22908644954,573009.99300997,0.0,0.0,242.00230185332893,0.0,1047149393.7033905,2.371993578395028,377164518492.3123,0.0
2028-05-28,False,179681.22908644954,574813.3369559993,0.0,0.0,242.00230185332893,0.0,1047149393.7033905,2.324929582774849,378351508875.3374,0.0
2028-05-29,True,179681.22908644954,580323.3535142808,0.0,0.0,234.76771960903616,37819603.905871004,1047149393.7033905,2.3576225108071327,381978291597.1752,0.0
2028-05-30,True,180834.71103418403,578153.264757872,0.0,1153.4819477344906,254.6399293218906,41017989.013170786,1049768344.139396,2.5667847988316606,380549903801.3584,0.0
2028-05-31,True,180834.71103418403,587649.2141109966,0.0,0.0,282.0677510631881,29462222.411644083,1049768344.139396,2.7864223961010333,389283396333.44824,0.0
2028-06-01,True,180834.71103418403,585631.7303791391,0.0,0.0,268.83112245984444,25895202.574675206,1049768344.139396,2.6648122855072742,387946930802.0971,0.0
2028-06-02,True,183187.18259584744,584492.4055041823,1974.5860999669676,377.88546169644826,272.92630379763807,8092704.127037206,1050577614.5520997,2.710679659866617,387192194394.38947,0.0
2028-06-03,False,183187.18259584744,582500.1146710076,0.0,0.0,272.92630379763807,0.0,1050577614.5520997,2.6296732080563334,390892216622.4171,0.0
2028-06-04,False,183187.18259584744,585482.2350735926,0.0,0.0,272.92630379763807,0.0,1050577614.5520997,2.6634130954032473,392893396751.0421,0.0
2028-06-05,True,183187.18259584744,578266.6168091787,0.0,0.0,266.08921760861017,45121901.24859106,1050577614.5520997,2.6389563979911856,388051287802.6671,0.0
2028-06-06,True,183187.18259584744,585580.8414754499,0.0,0.0,257.03155528615207,26679476.40252334,1050577614.5520997,2.5172864850468906,392959567510.5396,0.0
2028-06-07,True,183187.18259584744,592187.5301952908,0.0,0.0,237.90303915792728,9086415.567564987,1050577614.5520997,2.3039539338938977,397393048523.1425,0.0
2028-06-08,True,184309.95531940687,581765.5985336335,0.0,1122.7727235594286,248.98160692004254,43773433.71325266,1053201063.5434484,2.4544392560073356,390399312614.5866,0.0
2028-06-09,True,186322.48860893908,589805.2944588177,2012.5332895322138,0.0,251.37826071811833,50944398.58052057,1053201063.5434484,2.4354630526016434,398220290651.0804,0.0
2028-06-10,False,186322.48860893908,585188.3655623643,0.0,0.0,251.37826071811833,0.0,1053201063.5434484,2.50842243111484,399417311184.9201,0.0
2028-06-11,False,186322.48860893908,584201.7868810516,0.0,0.0,251.37826071811833,0.0,1053201063.5434484,2.4059599131338247,398743926976.77106,0.0
2028-06-12,True,186322.48860893908,589626.2116419887,0.0,0.0,250.96771519256492,45200756.56956272,1053201063.5434484,2.4059527161974956,402446340217.0895,0.0
2028-06-13,True,187741.75172668934,589990.9284168241,0.0,1419.2631177502622,318.6548498412874,66381375.2238903,1055828835.7707542,3.0529606835819894,402695275777.19543,0.0
2028-06-14,True,187741.75172668934,589782.207814975,0.0,0.0,353.77102964721655,46450077.680052854,1055828835.7707542,3.3733643567970657,405619156014.6645,0.0
2028-06-15,True,187741.75172668934,593333.7475510109,0.0,0.0,352.14026032729686,63121937.27311101,1055828835.7707542,3.3377152521022464,408061706046.1761,0.0
2028-06-16,True,189791.75778594028,596884.5832301116,2050.006059250941,0.0,342.3460285918922,16070842.372228777,1055828835.7707542,3.2255782761686036,410503771866.7772,0.0
2028-06-17,False,189791.75778594028,586756.785874666,0.0,0.0,342.3460285918922,0.0,1055828835.7707542,3.0270524232171914,407944792348.2626,0.0
2028-06-18,False,189791.75778594028,595370.597806043,0.0,0.0,342.3460285918922,0.0,1055828835.7707542,2.87755418769972,413933576465.06555,0.0
2028-06-19,True,189791.75778594028,593927.4764516883,0.0,0.0,313.24661824862716,34541941.469443336,1055828835.7707542,2.9340610403109713,412930241087.6008,0.0
2028-06-20,True,189791.75778594028,589678.2199801449,0.0,0.0,291.2197569831055,38259068.3112887,1055828835.7707542,2.7474001565497326,409975930049.96326,0.0
2028-06-21,True,189791.75778594028,593393.7129489355,0.0,0.0,287.7202635725776,60987584.26414613,1055828835.7707542,2.6973896055258133,412559140068.3446,0.0
2028-06-22,True,191119.62548865195,588283.1927641232,0.0,1327.8677027116755,296.97665879139095,42416134.78166159,1058459218.4240533,2.8083552672182224,409006032297.3334,0.0
2028-06-23,True,193206.51552078436,587279.7279924896,2086.890032132417,0.0,293.9854349457295,65704256.958566666,1058459218.4240533,2.7723601555879105,411165077044.4524,0.0
2028-06-24,False,193206.51552078436,588388.9304492791,0.0,0.0,293.9854349457295,0.0,1058459218.4240533,2.5919527770484403,416439758668.26105,0.0
2028-06-25,False,193206.51552078436,584095.4178040103,0.0,0.0,293.9854349457295,0.0,1058459218.4240533,2.5799345709778034,413400970415.6173,0.0
2028-06-26,True,193206.51552078436,581415.5844032401,0.0,0.0,251.27617841857483,19057386.66314743,1058459218.4240533,2.3676473211905975,411504284198.4994,0.0
2028-06-27,True,193206.51552078436,585661.3455723264,0.0,0.0,241.4402522608275,35877633.89885923,1058459218.4240533,2.258475984301519,414509275735.75916,0.0
2028-06-28,True,193206.51552078436,581633.3651891302,0.0,0.0,225.34607688737674,33201843.283247717,1058459218.4240533,2.1225261599540546,411658421323.15497,0.0
2028-06-29,True,193206.51552078436,579425.999636431,0.0,0.0,215.19585857573037,41753721.73314127,1058459218.4240533,2.0346433438911258,410096130242.39526,0.0
2028-06-30,True,196285.90043357966,585656.5330936508,2109.677383222492,969.7075295728077,215.65061152531132,36851709.44540614,1061092716.8679831,2.0172515755207074,414505869642.6894,0.0
2028-07-01,False,196285.90043357966,586048.1051981916,0.0,0.0,215.65061152531132,0.0,1061092716.8679831,2.047889236663609,421393949065.38055,0.0
2028-07-02,False,196285.90043357966,587695.7827475829,0.0,0.0,215.65061152531132,0.0,1061092716.8679831,2.150473075401288,422578700527.19025,0.0
2028-07-03,True,196285.90043357966,597445.5461346755,0.0,0.0,286.2674236236336,46029417.644025944,1061092716.8679831,2.5902270270856325,429589202326.78326,0.0
2028-07-04,True,196285.90043357966,589484.0522575706,0.0,0.0,288.46890710981023,43406448.58901292,1061092716.8679831,2.645398956713391,423864543692.8329,0.0
2028-07-05,True,196285.90043357966,598100.5079940411,0.0,0.0,281.6249083487991,44251891.39127236,1061092716.8679831,2.5454297822818637,430060148247.3608,0.0
2028-07-06,True,196834.0281101283,602854.3686756702,0.0,548.12767654865,294.9817164627705,11202089.687518079,1062212925.8367349,2.6451293537048985,433478379802.3641,0.0
2028-07-07,True,198983.31534422186,600331.4490742023,2149.2872340935437,0.0,285.54586804220946,61746960.94871938,1062212925.8367349,2.56682456499178,432869712422.2143,0.0
2028-07-08,False,198983.31534422186,608357.9990455426,0.0,0.0,285.54586804220946,0.0,1062212925.8367349,2.544095245308741,443447090478.32806,0.0
2028-07-09,False,198983.31534422186,613841.7940517719,0.0,0.0,285.54586804220946,0.0,1062212925.8367349,2.429604447083027,447444363373.7403,0.0
2028-07-10,True,198983.31534422186,613633.4028352626,0.0,0.0,301.356582545215,31103966.768575538,1062212925.8367349,2.6216010929127975,447292461896.6704,0.0
2028-07-11,True,200388.51941911978,606460.6905991815,0.0,1405.2040748979161,323.02195834482274,42574280.884296305,1064851139.777552,2.8433106320559594,442064095742.33575,0.0
2028-07-12,True,200388.51941911978,613846.4190830637,0.0,0.0,306.72594644476993,28947709.46820604,1064851139.777552,2.655258771107052,450607574375.7012,0.0
2028-07-13,True,200388.51941911978,601994.5522978422,0.0,0.0,298.39058392417405,51797500.77734484,1064851139.777552,2.633956612170144,441907448777.6891,0.0
2028-07-14,True,202576.6191637709,609495.3915144779,2188.099744651106,0.0,279.1707019703234,23936961.30715675,1064851139.777552,2.433971429035898,447413606116.2611,0.0
2028-07-15,False,202576.6191637709,611294.781696044,0.0,0.0,279.1707019703234,0.0,1064851139.777552,2.4426954563647905,453634349017.94135,0.0
2028-07-16,False,202576.6191637709,603233.7858322404,0.0,0.0,279.1707019703234,0.0,1064851139.777552,2.0680385463296584,447652382999.8981,0.0
2028-07-17,True,202576.6191637709,607682.6349871578,0.0,0.0,243.87496358155857,20122216.496521033,1064851139.777552,2.1095507247267067,450953819312.94916,0.0
2028-07-18,True,204042.91084410663,599472.6911597674,0.0,1466.2916803357473,332.7173985071318,56893870.02935896,1067493026.9273676,2.9174652321170846,444861320840.6427,0.0
2028-07-19,True,204042.91084410663,594673.9328066461,0.0,0.0,332.2642118196447,33325199.784260277,1067493026.9273676,2.923130473100098,444494443946.3709,0.0
2028-07-20,True,204042.91084410663,591010.1782663437,0.0,0.0,326.02448436978295,30873961.49257314,1067493026.9273676,2.8860163872930547,441755937266.8168,0.0
2028-07-21,True,206270.913937348,600051.5954722,2228.0030932413747,0.0,325.9370086121444,33847538.66146844,1067493026.9273676,2.8417679825161546,448514026854.56226,0.0
2028-07-22,False,206270.913937348,596720.1447165398,0.0,0.0,325.9370086121444,0.0,1067493026.9273676,2.9064701840485534,450894166653.38434,0.0
2028-07-23,False,206270.913937348,601819.9822222092,0.0,0.0,325.9370086121444,0.0,1067493026.9273676,3.0836272741506154,454747710064.89233,0.0
2028-07-24,True,207155.85330418806,600719.5658508281,0.0,884.9393668400558,385.24399001782695,13799057.377322497,1068872932.6650999,3.318876933753065,453916212541.0718,0.0
2028-07-25,True,207155.85330418806,591926.6339173887,0.0,0.0,370.13185609375,16170791.327134624,1068872932.6650999,3.2263943901319476,449190967892.7587,0.0
2028-07-26,True,207155.85330418806,599788.2419664466,0.0,0.0,373.67516507500824,44384273.689762525,1068872932.6650999,3.2145868050122903,455156847997.49255,0.0
2028-07-27,True,207155.85330418806,595459.3704393953,0.0,0.0,334.19008755349023,60791911.9693741,1068872932.6650999,2.8958115808451277,451871829416.30304,0.0
2028-07-28,True,209417.84750940412,597520.9771618329,2261.9942052160654,0.0,327.5334512760338,56281826.49710119,1068872932.6650999,2.8283384345301226,453436305596.29395,0.0
2028-07-29,False,209417.84750940412,608029.4904575424,0.0,0.0,327.5334512760338,0.0,1068872932.6650999,2.566035116081796,466449100202.11816,0.0
2028-07-30,False,209417.84750940412,606643.5955560968,0.0,0.0,327.5334512760338,0.0,1068872932.6650999,2.46510328790181,465385912577.341,0.0
2028-07-31,True,209417.84750940412,600248.2715701715,0.0,0.0,270.6598445672062,16603269.789406398,1068872932.6650999,2.3014698929122765,460479747390.3678,0.0
2028-08-01,True,209417.84750940412,600945.6685847869,0.0,0.0,242.65435130929245,23234413.743870415,1068872932.6650999,2.0609395916611724,461014754680.4028,0.0
2028-08-02,True,210361.17355674523,595184.2154953022,0.0,943.3260473411033,246.60819610357692,22766995.676298827,1071149632.2327298,2.114796044513477,456594862797.4867,0.0
2028-08-03,True,210361.17355674523,592076.8451511123,0.0,0.0,270.7899209314074,49021881.763041265,1071149632.2327298,2.328836377657205,456257048270.55817,0.0
2028-08-04,True,212658.16757355965,600466.9850585996,2296.9940168144344,0.0,299.1092990982459,40859076.37792975,1071149632.2327298,2.536444355603414,462722527371.99164,0.0
2028-08-05,False,212658.16757355965,597505.3422163374,0.0,0.0,299.1092990982459,0.0,1071149632.2327298,2.427538094314728,465467951690.18243,0.0
2028-08-06,False,212658.16757355965,593273.274548709,0.0,0.0,299.1092990982459,0.0,1071149632.2327298,2.430400797763995,462171091010.4799,0.0
2028-08-07,True,212658.16757355965,600904.7626688448,0.0,0.0,273.8568693526334,17111501.686009847,1071149632.2327298,2.295546363148429,468116164456.10175,0.0
2028-08-08,True,212658.16757355965,586964.9487508184,0.0,0.0,246.47519381075446,23000655.455716882,1071149632.2327298,2.1150913289440076,457256786015.571,0.0
2028-08-09,True,212658.16757355965,582908.1332149266,0.0,0.0,217.77645807378914,38741403.64270044,1071149632.2327298,1.8818235137550163,454096450057.9508,0.0
2028-08-10,True,212658.16757355965,592979.6061555627,0.0,0.0,176.12005336468928,36201646.09111621,1071149632.2327298,1.4960190602586811,461942317783.2366,0.0
2028-08-11,True,214980.24312716184,589389.4425972716,2322.075553602201,0.0,174.60760687990137,28264423.800242048,1071149632.2327298,1.4922063488449355,459145512533.7441,0.0
2028-08-12,False,214980.24312716184,596814.8715057259,0.0,0.0,174.60760687990137,0.0,1071149632.2327298,1.276736140188103,470006766717.2528,0.0
2028-08-13,False,214980.24312716184,599620.9330962807,0.0,0.0,174.60760687990137,0.0,1071149632.2327298,1.0816927090324246,472216611006.25104,0.0
2028-08-14,True,214980.24312716184,596966.1250472792,0.0,0.0,132.06334197584366,29937000.63971835,1071149632.2327298,1.1022603586841937,470125882696.78705,0.0
2028-08-15,True,214980.24312716184,594578.8081283711,0.0,0.0,106.98848476553546,20463875.17199282,1071149632.2327298,0.8965596802583862,468245810400.0722,0.0
2028-08-16,True,215190.2317381529,600076.3900046797,0.0,209.98861099106202,130.28745897835637,9671629.841713807,1072116795.2169012,1.081801719868468,472575294811.0892,0.0
2028-08-17,True,215190.2317381529,596089.7628118146,0.0,0.0,135.35960827377926,30821875.14391205,1072116795.2169012,1.1313499754071707,469894261213.4207,0.0
2028-08-18,True,217539.95562693942,603045.5483792063,2349.723888786508,0.0,153.54541857455357,27217458.008012604,1072116795.2169012,1.268546212648241,475377468482.2904,0.0
2028-08-19,False,217539.95562693942,616141.834356096,0.0,0.0,153.54541857455357,0.0,1072116795.2169012,1.4594304829762448,491004708996.57983,0.0
2028-08-20,False,217539.95562693942,604726.9272014647,0.0,0.0,153.54541857455357,0.0,1072116795.2169012,1.4555362185367358,481908145749.02814,0.0
2028-08-21,True,218433.39263950073,612130.4915312052,0.0,893.4370125612917,206.64364965816583,36135095.63505302,1074763380.478805,1.663723359164443,487808061558.2845,0.0
2028-08-22,True,218433.39263950073,607311.7467622415,0.0,0.0,215.0604048449773,21823924.981630374,1074763380.478805,1.742378915671075,485955651305.3444,0.0
2028-08-23,True,218433.39263950073,603968.8408754851,0.0,0.0,194.2231833858408,12918799.181911023,1074763380.478805,1.5822691621034506,483280741728.65356,0.0
2028-08-24,True,218758.8518841713,612701.2944711668,0.0,325.4592446705681,213.03061212654268,9360593.696684955,1075699439.8484735,1.7107519626445287,490268232415.61456,0.0
2028-08-25,True,221147.54256034113,613158.1450834109,2388.6906761698106,0.0,220.69569785482557,23913667.153178804,1075699439.8484735,1.7698916186392475,491364822563.04913,0.0
2028-08-26,False,221147.54256034113,614896.3610752991,0.0,0.0,220.69569785482557,0.0,1075699439.8484735,1.593168199413478,498138335342.65906,0.0
2028-08-27,False,221147.54256034113,619099.8120266875,0.0,0.0,220.69569785482557,0.0,1075699439.8484735,1.415280235045364,501543624741.27814,0.0
2028-08-28,True,221147.54256034113,622396.2362664215,0.0,0.0,189.92677695110868,18628975.579447847,1075699439.8484735,1.484321797989764,504214115879.8054,0.0
2028-08-29,True,221147.54256034113,609465.833110281,0.0,0.0,184.28422345681682,20328816.868193608,1075699439.8484735,1.4707796685279817,493738969316.4962,0.0
2028-08-30,True,221147.54256034113,624198.5761011887,0.0,0.0,182.92882952847174,23949167.87437007,1075699439.8484735,1.425503233061488,505674223016.30347,0.0
2028-08-31,True,221691.61033289292,626506.2832219709,0.0,544.0677725517897,201.89368675431277,16883236.097277176,1077387763.4582012,1.567494885741635,507543737061.8811,0.0
2028-09-01,True,224112.32464011392,624499.8658730444,2420.714307220995,0.0,252.51560194233284,41828310.959747165,1077387763.4582012,1.965072815994722,507162964704.3645,0.0
2028-09-02,False,224112.32464011392,638929.3291292622,0.0,0.0,252.51560194233284,0.0,1077387763.4582012,1.919617987805897,524547098499.24603,0.0
2028-09-03,False,224112.32464011392,633146.591172011,0.0,0.0,252.51560194233284,0.0,1077387763.4582012,1.993143196640555,519799596266.10956,0.0
2028-09-04,True,224112.32464011392,634777.268395312,0.0,0.0,269.3238487981801,10049435.35992755,1077387763.4582012,2.0396692302914525,521138346840.0377,0.0
2028-09-05,True,224483.41173706957,639307.46584581,0.0,371.0870969556666,286.6664133313177,8275777.716889855,1078215341.22989,2.1556256111878085,524857540528.52563,0.0
2028-09-06,True,224483.41173706957,638326.1760861435,0.0,0.0,272.96948719620855,30873135.402750205,1078215341.22989,2.0539634088648855,524919652594.16064,0.0
2028-09-07,True,224483.41173706957,634596.9397118654,0.0,0.0,308.12049291233245,18862662.332236554,1078215341.22989,2.332082248342623,521852961088.52606,0.0
2028-09-08,True,228245.37300346073,645289.5120945298,2451.198787855432,1310.7624785357457,318.57338363235306,39374873.566894695,1080870369.3135364,2.371243395741885,530645866018.1974,0.0
2028-09-09,False,228245.37300346073,639369.0562342425,0.0,0.0,318.57338363235306,0.0,1080870369.3135364,2.336702056482394,534588387263.79535,0.0
2028-09-10,False,228245.37300346073,632332.82352267,0.0,0.0,318.57338363235306,0.0,1080870369.3135364,2.132565568967624,528705261921.6858,0.0
2028-09-11,True,228245.37300346073,637053.725235159,0.0,0.0,279.71086410492927,46778721.707037635,1080870369.3135364,2.0792413546023094,532652495852.23413,0.0
2028-09-12,True,228245.37300346073,628405.3434759586,0.0,0.0,298.63976129515765,29209891.885984518,1080870369.3135364,2.2505019293925783,525421422637.1444,0.0
2028-09-13,True,229580.55278344319,626262.5361961127,0.0,1335.1797799824483,314.3765871552006,39351942.10936965,1083530150.955853,2.3771981939851163,523629781523.4865,0.0
2028-09-14,True,229580.55278344319,629428.4872152727,0.0,0.0,300.5789068108994,29909516.669593055,1083530150.955853,2.253813673934711,529355483690.8842,0.0
2028-09-15,True,232087.40871699914,619212.6948629164,2506.8559335559485,0.0,261.6825836022517,39788019.738297984,1083530150.955853,1.9945313684886987,520763902896.8651,0.0
2028-09-16,False,232087.40871699914,622071.5257607272,0.0,0.0,261.6825836022517,0.0,1083530150.955853,2.280254833442114,528880831285.5326,0.0
2028-09-17,False,232087.40871699914,624447.5446530799,0.0,0.0,261.6825836022517,0.0,1083530150.955853,2.2154666080293985,530900905818.6032,0.0
2028-09-18,True,233300.85463069784,613870.4975387979,0.0,1213.4459136986939,279.55759766973705,41234623.176434465,1086194713.2964504,2.126101329904852,521908374833.50977,0.0
2028-09-19,True,233300.85463069784,621709.5912182429,0.0,0.0,244.8159616261096,29635031.040706724,1086194713.2964504,1.83334212471614,531336709012.5406,0.0
2028-09-20,True,233300.85463069784,624451.4538064762,0.0,0.0,304.1555111863598,18428421.079323962,1086194713.2964504,2.2677144324184217,533680009268.4394,0.0
2028-09-21,True,233300.85463069784,625078.1095757879,0.0,0.0,290.64781663497035,25962867.560264975,1086194713.2964504,2.1648316552690434,534215573169.74164,0.0
2028-09-22,True,237125.04672161586,626659.2578012036,2547.4789769598324,1276.7131139581884,299.6812195490011,50954523.684165925,1088864430.4499714,2.226483199274646,535566882698.21,0.0
2028-09-23,False,237125.04672161586,636168.9837046985,0.0,0.0,299.6812195490011,0.0,1088864430.4499714,2.1329779305050454,552606317123.3442,0.0
2028-09-24,False,237125.04672161586,629090.9887813919,0.0,0.0,299.6812195490011,0.0,1088864430.4499714,2.0071549698758298,546458037645.1328,0.0
2028-09-25,True,237125.04672161586,641792.5893843663,0.0,0.0,243.55070132787296,36438653.69801925,1088864430.4499714,1.7425733506068302,557491245661.5103,0.0
2028-09-26,True,237125.04672161586,647746.338021764,0.0,0.0,304.8725514140344,41963025.94178575,1088864430.4499714,2.16127355981022,562662951909.166,0.0
2028-09-27,True,238411.50435175595,640570.1584481674,0.0,1286.4576301400868,308.11415613074,29685988.29919945,1091538979.319534,2.208723393675257,556429384623.1794,0.0
2028-09-28,True,238411.50435175595,657698.0051303883,0.0,0.0,291.9024907150216,24688653.033698063,1091538979.319534,2.0319981919027525,574406911843.2069,0.0
2028-09-29,True,241014.7879795115,652338.5976283199,2603.2836277555184,0.0,294.76101076166526,44498653.49689962,1091538979.319534,2.0687547223905596,569726221482.9523,0.0
2028-09-30,False,241014.7879795115,650903.7657939118,0.0,0.0,294.76101076166526,0.0,1091538979.319534,1.9457630471469938,574680418098.3885,0.0
2028-10-01,False,241014.7879795115,651686.1888501201,0.0,0.0,294.76101076166526,0.0,1091538979.319534,1.944368130033814,575371216389.4741,0.0
2028-10-02,True,241014.7879795115,657818.1215622952,0.0,0.0,276.85929372393343,34493875.479095675,1091538979.319534,1.9061138286079151,580785076071.9203,0.0
2028-10-03,True,241824.76143638484,652863.268612277,0.0,809.9734568733527,290.18310045189816,18223043.234427717,1093361283.6429768,2.013007719272379,576410455560.3005,0.0
2028-10-04,True,241824.76143638484,657731.1044363844,0.0,0.0,262.34828229069154,11255537.180082608,1093361283.6429768,1.8034029176095887,582659823295.0704,0.0
2028-10-05,True,241824.76143638484,656940.1930177513,0.0,0.0,273.8198397490656,24579714.841666598,1093361283.6429768,1.8845254266898486,581959183923.8828,0.0
2028-10-06,True,245674.5334009839,645421.1555306746,2640.5539612903667,1209.2180033086872,290.94022017802337,26907356.004678674,1096043810.247605,2.0380906184998264,571754891772.4562,0.0
2028-10-07,False,245674.5334009839,654417.0504771866,0.0,0.0,290.94022017802337,0.0,1096043810.247605,1.9076711334111376,588953043550.5967,0.0
2028-10-08,False,245674.5334009839,645408.2061373276,0.0,0.0,290.94022017802337,0.0,1096043810.247605,1.7934648706455407,580845390657.1326,0.0
2028-10-09,True,245674.5334009839,646312.7342380641,0.0,0.0,271.7170862582245,15871197.009715986,1096043810.247605,1.8756077123131354,581659435122.3821,0.0
2028-10-10,True,245674.5334009839,655108.7859329672,0.0,0.0,282.07422679612034,29789608.47575275,1096043810.247605,1.9209574991834117,589575581887.1464,0.0
2028-10-11,True,245674.5334009839,651956.3877312094,0.0,0.0,250.4554732013338,30165736.78385867,1096043810.247605,1.7138774151974694,586738530936.1437,0.0
2028-10-12,True,246191.6213791709,650299.2497037791,0.0,517.0879781869801,251.26327552054397,13382852.052262748,1097382095.4528313,1.7237867493780024,585247163185.0637,0.0
2028-10-13,True,248879.8583372389,649540.6950702394,2688.236958068004,0.0,270.02159305403933,23559996.01368208,1097382095.4528313,1.8530055966027592,585794862692.67,0.0
2028-10-14,False,248879.8583372389,647691.1598643824,0.0,0.0,270.02159305403933,0.0,1097382095.4528313,2.1246004074591274,590505089198.3049,0.0
2028-10-15,False,248879.8583372389,648167.6211827801,0.0,0.0,270.02159305403933,0.0,1097382095.4528313,2.012877570653236,590939482703.6584,0.0
2028-10-16,True,248879.8583372389,658233.57298588,0.0,0.0,303.37914732352175,22372386.09284525,1097382095.4528313,2.0322344820529397,600116689582.0106,0.0
2028-10-17,True,249882.41296631825,654791.0894897522,0.0,1002.5546290793574,325.45833726705393,20170441.579722296,1099399139.6108036,2.1915973151358807,596978150491.296,0.0
2028-10-18,True,249882.41296631825,656870.1350361183,0.0,0.0,338.4374903264539,24520347.048590757,1099399139.6108036,2.2668284296318117,601286055707.0991,0.0
2028-10-19,True,249882.41296631825,664064.1276203307,0.0,0.0,359.49564432082076,57841494.04081558,1099399139.6108036,2.3817891580546515,607871295612.2584,0.0
2028-10-20,True,252610.95073679212,650745.7841633977,2728.5377704738617,0.0,349.26871144537074,64858816.648188345,1099399139.6108036,2.361391635018223,595679944873.9099,0.0
2028-10-21,False,252610.95073679212,654342.6825878016,0.0,0.0,349.26871144537074,0.0,1099399139.6108036,2.35155895213085,605512827571.5007,0.0
2028-10-22,False,252610.95073679212,661671.6550319375,0.0,0.0,349.26871144537074,0.0,1099399139.6108036,2.2901314298830004,612294880685.1564,0.0
2028-10-23,True,254073.28143252202,660380.2856746167,0.0,1462.3306957298971,358.76516607953505,30122960.96510887,1102090856.794915,2.364391495885492,611099878843.1581,0.0
2028-10-24,True,254073.28143252202,667833.4197684703,0.0,0.0,367.09482633563766,22842028.482315008,1102090856.794915,2.3843418317924483,621574328351.3944,0.0
2028-10-25,True,254073.28143252202,671299.0773345013,0.0,0.0,360.35385268282636,40750217.125103936,1102090856.794915,2.3284746925777444,624799928793.2659,0.0
2028-10-26,True,254073.28143252202,666506.6198414132,0.0,0.0,345.9545442270598,41000122.838055566,1102090856.794915,2.2515053074648184,620339432419.1078,0.0
2028-10-27,True,256847.5804983403,670168.773247763,2774.299065818269,0.0,342.68985855047794,30967183.38043515,1102090856.794915,2.2180711195407294,623747917943.3285,0.0
2028-10-28,False,256847.5804983403,675571.4256662767,0.0,0.0,342.68985855047794,0.0,1102090856.794915,2.212756304340884,635642131932.005,0.0
2028-10-29,False,256847.5804983403,675344.3750305492,0.0,0.0,342.68985855047794,0.0,1102090856.794915,2.099282960917619,635428501004.6637,0.0
2028-10-30,True,256847.5804983403,684865.5640861063,0.0,0.0,341.8866587363758,16359623.329982083,1102090856.794915,2.141996438375883,644386945189.6486,0.0
2028-10-31,True,257588.858139549,699246.9315663875,0.0,741.2776412086836,360.20153852196876,14390169.408516508,1103529873.7357666,2.210328963393939,657918309510.2279,0.0
2028-11-01,True,257588.858139549,692585.2456714311,0.0,0.0,339.9926336366832,14027318.22225984,1103529873.7357666,2.1030678908904217,653531061377.7987,0.0
2028-11-02,True,257588.858139549,699189.4680626297,0.0,0.0,335.81006049618946,49457565.18842022,1103529873.7357666,2.0575758108623026,659762878321.4456,0.0
2028-11-03,True,260401.5447962195,699708.4914147985,2812.686656670508,0.0,322.7925199175512,31901472.069706813,1103529873.7357666,1.9763476351282525,660252634469.6493,0.0
2028-11-04,False,260401.5447962195,697633.7234735554,0.0,0.0,322.7925199175512,0.0,1103529873.7357666,2.0287030623249307,665482971081.9005,0.0
2028-11-05,False,260401.5447962195,708130.395998366,0.0,0.0,322.7925199175512,0.0,1103529873.7357666,1.9850183654607496,675495899905.7886,0.0
2028-11-06,True,261733.77008637684,706228.6372965879,0.0,1332.2252901573356,348.80398810459315,44352127.85462364,1106227250.1515367,2.093035796434256,673681784577.7069,0.0
2028-11-07,True,261733.77008637684,711366.4352537211,0.0,0.0,359.990911174161,31747205.133779235,1106227250.1515367,2.1388619662212816,682054463150.9578,0.0
2028-11-08,True,261733.77008637684,706894.718956037,0.0,0.0,350.980670101019,23773467.74252689,1106227250.1515367,2.098519712622296,677767004665.947,0.0
2028-11-09,True,261733.77008637684,706320.3582051614,0.0,0.0,333.85941122503885,12322598.335099781,1106227250.1515367,1.997774615881805,677216310545.1967,0.0
2028-11-10,True,264591.71622596955,689475.4572147437,2857.9461395927115,0.0,319.67481478936054,21961147.160481058,1106227250.1515367,1.9596305540061336,661065506497.5576,0.0
2028-11-11,False,264591.71622596955,693722.2859128282,0.0,0.0,319.67481478936054,0.0,1106227250.1515367,1.9495072135089588,672400169431.9794,0.0
2028-11-12,False,264591.71622596955,691852.4987149783,0.0,0.0,319.67481478936054,0.0,1106227250.1515367,1.9275617727292613,670587851658.4749,0.0
2028-11-13,True,264591.71622596955,684322.2088396894,0.0,0.0,313.9902004758184,28136978.23769687,1106227250.1515367,1.9183311039319546,663289011343.213,0.0
2028-11-14,True,265859.42154918564,691420.1428174643,0.0,1267.7053232161159,324.4563450430735,48889256.36899259,1108928744.540596,1.9619247831918287,670168784569.7468,0.0
2028-11-15,True,265859.42154918564,675884.3022229419,0.0,0.0,321.63434301962684,47683428.23263613,1108928744.540596,1.9849137521397335,658249199701.0999,0.0
2028-11-16,True,265859.42154918564,674077.6940334917,0.0,0.0,337.72511184116854,40043605.345362306,1108928744.540596,2.0898012449187426,656489729343.5729,0.0
2028-11-17,True,270130.4431081389,669395.295186237,2902.9953117631503,1368.026247190113,338.2678514811071,29352051.81723384,1111635919.7260318,2.1078012360536227,651929503157.3015,0.0
2028-11-18,False,270130.4431081389,667363.7105041936,0.0,0.0,338.2678514811071,0.0,1111635919.7260318,2.1933303573842315,660392363437.3495,0.0
2028-11-19,False,270130.4431081389,664657.3791736122,0.0,0.0,338.2678514811071,0.0,1111635919.7260318,2.2999932014727413,657714302710.4681,0.0
2028-11-20,True,270130.4431081389,676812.1524178812,0.0,0.0,371.57870985699356,54011015.850667454,1111635919.7260318,2.25928862090179,669742105995.9712,0.0
2028-11-21,True,270130.4431081389,674654.1141879678,0.0,0.0,361.06816638776877,9774399.980074342,1111635919.7260318,2.202404409282551,667606610846.0117,0.0
2028-11-22,True,271614.8041460107,666773.4626470384,0.0,1484.36103787178,364.90933832218525,33613791.35180267,1114348189.4464803,2.252141696255601,659808281367.4598,0.0
2028-11-23,True,271614.8041460107,675752.0877405741,0.0,0.0,388.67437022587853,40502060.595850155,1114348189.4464803,2.359749931028752,672367569298.4646,0.0
2028-11-24,True,274580.644131845,669553.7871487015,2965.8399858342386,0.0,368.0474817217539,20906028.74200992,1114348189.4464803,2.255204109878028,666200313024.5356,0.0
2028-11-25,False,274580.644131845,672525.3941387751,0.0,0.0,368.0474817217539,0.0,1114348189.4464803,2.2075916412426815,676463754355.5969,0.0
2028-11-26,False,274580.644131845,682145.6555166974,0.0,0.0,368.0474817217539,0.0,1114348189.4464803,2.321863267070851,686140352720.9646,0.0
2028-11-27,True,276066.5050502234,679137.460995313,0.0,1485.8609183784188,371.3503629619432,31706271.396267526,1117065579.5775979,2.219101455942496,683114541982.0652,0.0
2028-11-28,True,276066.5050502234,681421.0737282895,0.0,0.0,377.0723663970635,10358656.996573526,1117065579.5775979,2.2391031388854867,689120551737.1567,0.0
2028-11-29,True,276066.5050502234,684682.1874559411,0.0,0.0,368.85455095673876,51988588.47056939,1117065579.5775979,2.179872383889173,692418513273.5988,0.0
2028-11-30,True,276066.5050502234,674907.5267272465,0.0,0.0,323.4954996587357,12090987.427953228,1117065579.5775979,1.9394961622607807,682533407200.2761,0.0
2028-12-01,True,279080.95443563804,674946.0447826827,3014.4493854146494,0.0,316.32177137958485,15028508.264225746,1117065579.5775979,1.8963783130484306,682572360476.9467,0.0
2028-12-02,False,279080.95443563804,679853.5504332714,0.0,0.0,316.32177137958485,0.0,1117065579.5775979,1.8894104722449399,695042712174.1305,0.0
2028-12-03,False,279080.95443563804,678035.0578708756,0.0,0.0,316.32177137958485,0.0,1117065579.5775979,1.9071809284167753,693183591188.691,0.0
2028-12-04,True,280279.0012557636,675518.6977475064,0.0,1198.0468201255494,327.53236370486104,24709101.06767385,1119536489.6843653,1.940730876489567,690611011014.8599,0.0
2028-12-05,True,280279.0012557636,680104.0463535951,0.0,0.0,338.2133330451686,25447511.691002917,1119536489.6843653,1.986383310807564,698283603513.8412,0.0
2028-12-06,True,280279.0012557636,670649.0624713447,0.0,0.0,322.9637000717466,12714224.760150537,1119536489.6843653,1.9235615272663267,688575882685.1514,0.0
2028-12-07,True,281551.728156489,673112.811469525,0.0,1272.7269007254538,325.33762428753073,26332299.691936973,1122169719.653559,1.9306081110202202,691105489056.1572,0.0
2028-12-08,True,284626.0722669756,675486.0000380693,3074.3441104865537,0.0,342.3882521420888,21174132.220140986,1122169719.653559,2.0202394656403606,696691439409.8339,0.0
2028-12-09,False,284626.0722669756,666616.582233227,0.0,0.0,342.3882521420888,0.0,1122169719.653559,2.075724886657485,695051070884.106,0.0
2028-12-10,False,284626.0722669756,680583.2721395072,0.0,0.0,342.3882521420888,0.0,1122169719.653559,2.0600105620887876,709613509075.4049,0.0
2028-12-11,True,284626.0722669756,678583.1255474796,0.0,0.0,361.6554924626781,35788688.29561222,1122169719.653559,2.1012410433479016,707528046355.5057,0.0
2028-12-12,True,285961.68180634413,675358.922217879,0.0,1335.6095393685625,368.30574917300675,24490951.36411135,1124618814.7899702,2.1500953617195275,704166314834.3973,0.0
2028-12-13,True,285961.68180634413,678078.2247889515,0.0,0.0,374.60670285555904,49346498.45550934,1124618814.7899702,2.172667401395539,710319218348.277,0.0
2028-12-14,True,285961.68180634413,680772.0714405957,0.0,0.0,377.84455535108515,14554966.776569597,1124618814.7899702,2.1827748455385407,713141150948.3715,0.0
2028-12-15,True,289084.17946616147,677435.1585370303,3122.4976598173366,0.0,335.85833160863854,29280104.06508477,1124618814.7899702,1.9497812786615205,709645575838.1478,0.0
2028-12-16,False,289084.17946616147,682102.083610188,0.0,0.0,335.85833160863854,0.0,1124618814.7899702,1.8667396452612952,722336608177.1008,0.0
2028-12-17,False,289084.17946616147,687921.8475295098,0.0,0.0,335.85833160863854,0.0,1124618814.7899702,1.9213179878690612,728499657126.6432,0.0
2028-12-18,True,290472.77761720074,675972.4393742766,0.0,1388.598151039277,343.0361163721176,39654081.14213558,1127355127.4832096,1.9742033184491579,715845400287.4165,0.0
2028-12-19,True,290472.77761720074,689501.1864212336,0.0,0.0,377.91777197868026,33655520.05415158,1127355127.4832096,2.1272454556291676,733679492247.5463,0.0
2028-12-20,True,290472.77761720074,680695.2304236591,0.0,0.0,338.2192845053692,7519244.414481156,1127355127.4832096,1.9284170637955182,724309313555.6309,0.0
2028-12-21,True,291972.69357470307,674621.799642366,0.0,1499.9159575023434,369.0119736154994,32403298.651260074,1130097249.8936245,2.1229286312384463,717846740757.2463,0.0
2028-12-22,True,295160.8271968678,686293.1050631142,3188.133622164719,0.0,364.1235506918239,48583518.11586682,1130097249.8936245,2.0535851488996903,734036738009.0322,0.0
2028-12-23,False,295160.8271968678,682094.7747207859,0.0,0.0,364.1235506918239,0.0,1130097249.8936245,2.018322092354159,737512466539.9248,0.0
2028-12-24,False,295160.8271968678,680830.9751243771,0.0,0.0,364.1235506918239,0.0,1130097249.8936245,1.8692266257288144,736145987874.3447,0.0
2028-12-25,True,295160.8271968678,681401.5942088031,0.0,0.0,357.09533037812236,18742382.81504487,1130097249.8936245,2.0064951996155664,736762967660.742,0.0
2028-12-26,True,296596.278856559,683737.7597983271,0.0,1435.4516596912244,357.238004877575,42372249.74389478,1132844640.9569926,2.000438433144433,739288938112.4005,0.0
2028-12-27,True,296596.278856559,676755.0300042572,0.0,0.0,328.97231937547167,50448728.645509094,1132844640.9569926,1.8566605980211135,735297543039.278,0.0
2028-12-28,True,296596.278856559,689393.9012080305,0.0,0.0,347.34169335320286,30427862.334467776,1132844640.9569926,1.9243946315226743,749029736419.3049,0.0
2028-12-29,True,300640.69521473406,686550.9049641064,3238.6198765865192,805.7964815885091,355.96462497120797,15541440.492752073,1134398785.0062678,1.980335411521675,745940807544.9763,0.0
2028-12-30,False,300640.69521473406,687194.3115163058,0.0,0.0,355.96462497120797,0.0,1134398785.0062678,1.979835648719926,756821127362.3956,0.0
2028-12-31,False,300640.69521473406,700492.3130014084,0.0,0.0,355.96462497120797,0.0,1134398785.0062678,2.1009416259949605,771466487935.0338,0.0
2029-01-01,True,300640.69521473406,688584.5996986732,0.0,0.0,365.84871456568516,12861900.22550387,1134398785.0062678,2.0047591931713176,758352280126.4752,0.0
2029-01-02,True,300640.69521473406,692898.0373095392,0.0,0.0,357.6623120807413,38082674.53157275,1134398785.0062678,1.9476989681394465,763102757045.0919,0.0
2029-01-03,True,300640.69521473406,699220.4935798624,0.0,0.0,343.85766173568305,26989534.428156134,1134398785.0062678,1.855592218547266,770065807236.3069,0.0
2029-01-04,True,300640.69521473406,697833.53356697,0.0,0.0,339.8043794464075,10610578.762880022,1134398785.0062678,1.8373636593411564,768538319853.2295,0.0
2029-01-05,True,305186.31970524654,701188.5627749779,3282.782019339201,1262.8424711732491,371.6343849926944,23826931.337114543,1136781478.1399791,1.999857503095768,772233282027.6625,0.0
2029-01-06,False,305186.31970524654,704296.1052883908,0.0,0.0,371.6343849926944,0.0,1136781478.1399791,1.950419715593209,787383433885.3455,0.0
2029-01-07,False,305186.31970524654,694422.3334880676,0.0,0.0,371.6343849926944,0.0,1136781478.1399791,1.7600178484182656,776344831957.6018,0.0
2029-01-08,True,305186.31970524654,694637.1961854581,0.0,0.0,380.5907014484398,16341582.499142436,1136781478.1399791,2.0408546030082935,776585042470.2185,0.0
2029-01-09,True,305186.31970524654,696140.9999831793,0.0,0.0,350.2907725014534,25719886.76411074,1136781478.1399791,1.8743185839044103,778266253241.155,0.0
2029-01-10,True,306600.1679202757,684429.0260940981,0.0,1413.8482150291497,350.66814921878614,34151915.2043562,1139541006.6543682,1.9084457924943388,765172592564.7494,0.0
2029-01-11,True,306600.1679202757,690333.4621168682,0.0,0.0,351.80638170369974,23760231.363762658,1139541006.6543682,1.8940976167950585,775349012335.3962,0.0
2029-01-12,True,309948.02313214634,695513.4016732698,3347.855211870642,0.0,339.33747376146516,18836538.891083293,1139541006.6543682,1.813359405578479,781166868834.3372,0.0
2029-01-13,False,309948.02313214634,679707.1809439348,0.0,0.0,339.33747376146516,0.0,1139541006.6543682,2.0886968119758285,771750026987.1415,0.0
2029-01-14,False,309948.02313214634,682120.6010272916,0.0,0.0,339.33747376146516,0.0,1139541006.6543682,2.280782416452623,774490261409.6693,0.0
2029-01-15,True,311459.9530211523,681041.8411818009,0.0,1511.9298890059545,372.4152492910308,42398593.474567816,1142305897.5048547,2.0104568135246867,773265420826.5319,0.0
2029-01-16,True,311459.9530211523,671082.3162085442,0.0,0.0,354.85749085568114,10951386.22164096,1142305897.5048547,1.9393597942274445,765674058178.8862,0.0
2029-01-17,True,311459.9530211523,683716.999476301,0.0,0.0,314.75878853363264,33030946.45764593,1142305897.5048547,1.6884246823118247,780089650689.3317,0.0
2029-01-18,True,311459.9530211523,681923.7111694601,0.0,0.0,278.12703078824387,28873213.978334945,1142305897.5048547,1.4958485096179606,778043591208.6688,0.0
2029-01-19,True,314860.8736210457,682206.8545320685,3400.9205998934294,0.0,275.27395347328184,27970429.594525818,1142305897.5048547,1.4798893566315976,778366644762.9923,0.0
2029-01-20,False,314860.8736210457,685784.9624268468,0.0,0.0,275.27395347328184,0.0,1142305897.5048547,1.8872300326987728,790992887565.0175,0.0
2029-01-21,False,314860.8736210457,688004.989068604,0.0,0.0,275.27395347328184,0.0,1142305897.5048547,1.559221627124828,793553493848.3932,0.0
2029-01-22,True,315734.30807379086,676534.913228717,0.0,873.4344527451599,299.13875900803595,19753672.297712673,1144281264.734626,1.6041545106482007,780323766009.1075,0.0
2029-01-23,True,315734.30807379086,686584.2577076709,0.0,0.0,347.61434099063337,39741409.90842007,1144281264.734626,1.8349103718923456,794111602461.2871,0.0
2029-01-24,True,315734.30807379086,692925.9757525054,0.0,0.0,347.23668642927584,27550651.951577336,1144281264.734626,1.816141878970082,801446509754.0281,0.0
2029-01-25,True,315734.30807379086,684813.9264906625,0.0,0.0,337.0567741273425,22670230.414590284,1144281264.734626,1.7837808131062907,792064016103.3948,0.0
2029-01-26,True,319181.9015830223,699354.765093286,3447.593509231439,0.0,330.5400070232769,14401798.833818454,1144281264.734626,1.712921677662191,808882124753.9092,0.0
2029-01-27,False,319181.9015830223,684275.1426974501,0.0,0.0,330.5400070232769,0.0,1144281264.734626,1.785306710507338,800082822062.8226,0.0
2029-01-28,False,319181.9015830223,684423.3061934423,0.0,0.0,330.5400070232769,0.0,1144281264.734626,1.801251716013055,800256060955.4891,0.0
2029-01-29,True,319181.9015830223,681761.6932471369,0.0,0.0,262.24036960023346,17077452.016138397,1144281264.734626,1.3789911606751584,797143992922.5568,0.0
2029-01-30,True,319181.9015830223,675159.8612775409,0.0,0.0,250.4618553704179,12328301.383251207,1144281264.734626,1.3299322198830592,789424857704.2338,0.0
2029-01-31,True,320179.9123594801,674154.6816304137,0.0,998.0107764578011,279.91988221209465,24035935.99531603,1146684858.3341577,1.4885681466986058,788249560051.9132,0.0
2029-02-01,True,320179.9123594801,680635.4686238001,0.0,0.0,338.23856413263326,19952714.272107854,1146684858.3341577,1.7797481144670084,798315538915.752,0.0
2029-02-02,True,323676.04869756487,675083.8846555775,3496.1363380847783,0.0,354.8903224754707,52632691.921407595,1146684858.3341577,1.8827229313803693,791804100779.287,0.0
2029-02-03,False,323676.04869756487,662214.0694983746,0.0,0.0,354.8903224754707,0.0,1146684858.3341577,2.1078922625024172,785190238510.05,0.0
2029-02-04,False,323676.04869756487,669767.6662890861,0.0,0.0,354.8903224754707,0.0,1146684858.3341577,2.0774646791222273,794146572630.526,0.0
2029-02-05,True,324732.1583575632,654182.1960773972,0.0,1056.109659998355,365.88479896511893,18882668.49648875,1148573125.1838067,1.9814319442466521,775666809610.575,0.0
2029-02-06,True,324732.1583575632,661140.9916348172,0.0,0.0,394.66458872062714,15336828.344471868,1148573125.1838067,2.111384978197165,786475699577.587,0.0
2029-02-07,True,324732.1583575632,669876.7058640728,0.0,0.0,374.20355590358344,12139673.430730727,1148573125.1838067,1.9758154870601812,796867472356.3025,0.0
2029-02-08,True,324732.1583575632,664133.9468521248,0.0,0.0,327.1957729265072,12273108.173671486,1148573125.1838067,1.742550431454649,790036039320.7268,0.0
2029-02-09,True,328278.0019759596,673031.1353367904,3545.843618396388,0.0,326.73054692719666,28535476.555217344,1148573125.1838067,1.7170697417542418,800619897569.2501,0.0
2029-02-10,False,328278.0019759596,675862.2906857714,0.0,0.0,326.73054692719666,0.0,1148573125.1838067,1.7181219316427874,812766737605.5323,0.0
2029-02-11,False,328278.0019759596,667036.34477717,0.0,0.0,326.73054692719666,0.0,1148573125.1838067,1.8925785962374064,802152984831.8153,0.0
2029-02-12,True,329522.30438532087,672970.2196069825,0.0,1244.3024093612687,427.99312454230113,19565231.72144059,1150529648.3559508,2.2251424292396482,809288840986.6139,0.0
2029-02-13,True,329522.30438532087,686510.1363855695,0.0,0.0,441.4350401929132,28736486.856089246,1150529648.3559508,2.245085309692996,828700678615.4622,0.0
2029-02-14,True,329522.30438532087,687655.1567550059,0.0,0.0,353.838706985032,8552228.968392588,1150529648.3559508,1.7965844392301076,830082856542.4719,0.0
2029-02-15,True,331115.9446312284,695644.714076913,0.0,1593.640245907539,398.26467468267583,39853715.59348724,1153313242.9945893,1.998928666249324,839727217526.5068,0.0
2029-02-16,True,334731.49464376253,703447.7980983816,3615.5500125341623,0.0,362.15761065141817,19360451.595815983,1153313242.9945893,1.7932173252065127,853253136464.8394,0.0
2029-02-17,False,334731.49464376253,695683.8355140749,0.0,0.0,362.15761065141817,0.0,1153313242.9945893,1.9015561227407127,853049855307.9869,0.0
2029-02-18,False,334731.49464376253,702714.6181810934,0.0,0.0,362.15761065141817,0.0,1153313242.9945893,1.9851262056399712,861671024624.6063,0.0
2029-02-19,True,334731.49464376253,706979.4005904265,0.0,0.0,375.3183453048202,38936230.52046724,1153313242.9945893,1.8291264725547864,866900515136.6481,0.0
2029-02-20,True,336243.10592561355,704467.2896115016,0.0,1511.611281850989,381.7999952513296,33809797.05012805,1156102349.1127567,1.8673502682766112,863820156218.2811,0.0
2029-02-21,True,336243.10592561355,721608.8209580532,0.0,0.0,500.64664230238463,19647370.497723926,1156102349.1127567,2.3854612678257543,888834997608.8066,0.0
2029-02-22,True,336243.10592561355,723025.0870983857,0.0,0.0,533.5584932189572,33851099.17522602,1156102349.1127567,2.5372985189303146,890579470340.9781,0.0
2029-02-23,True,342089.07614463835,720997.3854932998,3671.5349579369713,2174.4352610878614,560.8918701518689,36396928.113758594,1158897472.7749062,2.6747817434556693,888081867624.7101,0.0
2029-02-24,False,342089.07614463835,724341.0347382873,0.0,0.0,560.8918701518689,0.0,1158897472.7749062,2.607529143481911,907712298685.2759,0.0
2029-02-25,False,342089.07614463835,725323.237759745,0.0,0.0,560.8918701518689,0.0,1158897472.7749062,2.2341072235885093,908943152274.435,0.0
2029-02-26,True,342089.07614463835,727801.6205483027,0.0,0.0,491.2702586755697,43129631.85047927,1158897472.7749062,2.2867214430445904,912048952484.7413,0.0
2029-02-27,True,342089.07614463835,735698.4909599101,0.0,0.0,508.0752221932334,42754471.212239884,1158897472.7749062,2.3395587751002305,921944962858.2665,0.0
2029-02-28,True,342089.07614463835,742681.626914994,0.0,0.0,486.38521706415355,49549248.19323797,1158897472.7749062,2.2186229251258984,930695921434.1687,0.0
2029-03-01,True,342089.07614463835,740119.0044536678,0.0,0.0,455.5508914876393,14381256.050582523,1158897472.7749062,2.085168494974167,927484555774.2439,0.0
2029-03-02,True,345824.4449288872,752411.914426301,3735.3687842488075,0.0,393.26235603524503,15484384.609533295,1158897472.7749062,1.7706491789917622,942889489408.6083,0.0
2029-03-03,False,345824.4449288872,744444.9169004094,0.0,0.0,393.26235603524503,0.0,1158897472.7749062,1.624177204900439,943092262751.585,0.0
2029-03-04,False,345824.4449288872,739704.3331244406,0.0,0.0,393.26235603524503,0.0,1158897472.7749062,1.6345972205580162,937086703739.0303,0.0
2029-03-05,True,345824.4449288872,753960.6256638808,0.0,0.0,379.2702853812453,11734479.69892277,1158897472.7749062,1.685735681652345,955147138949.5347,0.0
2029-03-06,True,345824.4449288872,746729.4228798186,0.0,0.0,366.87963844934274,16337369.077964393,1158897472.7749062,1.646454270058809,945986365276.1359,0.0
2029-03-07,True,346334.60726103565,751926.4757258223,0.0,510.16233214846903,373.0800464704058,10282098.120487224,1159925682.5869548,1.6627079473198172,952570197359.4878,0.0
2029-03-08,True,346334.60726103565,751077.7476563649,0.0,0.0,394.62785922866345,12030108.772880675,1159925682.5869548,1.7596938673769,952898646299.6583,0.0
2029-03-09,True,350116.3342177917,748813.3510072595,3781.726956756024,0.0,393.2096050207356,9388205.228872294,1159925682.5869548,1.7586718535052235,950025787253.6395,0.0
2029-03-10,False,350116.3342177917,739853.2824427726,0.0,0.0,393.2096050207356,0.0,1159925682.5869548,1.6027352690716061,948907549861.125,0.0
2029-03-11,False,350116.3342177917,743805.6724511401,0.0,0.0,393.2096050207356,0.0,1159925682.5869548,1.5569058076514481,953976734262.8658,0.0
2029-03-12,True,350116.3342177917,738267.3302734541,0.0,0.0,362.9345964550367,21067232.254990064,1159925682.5869548,1.6286678006004984,946873468208.8599,0.0
2029-03-13,True,351044.47005196236,734024.0317430642,0.0,928.1358341707064,371.19804503876486,18353383.486490272,1161761020.9356039,1.6753794852990755,941431175652.5475,0.0
2029-03-14,True,351044.47005196236,750525.5342360424,0.0,0.0,377.48774937079685,18466110.13506647,1161761020.9356039,1.6645316396835308,965147150503.238,0.0
2029-03-15,True,351044.47005196236,734925.7033280089,0.0,0.0,306.7806892110883,31085297.301883347,1161761020.9356039,1.381462966635485,945086364210.9415,0.0
2029-03-16,True,356296.37387581123,740177.892265614,3833.155300056539,1418.7485237923074,374.5293049169388,40313191.329645194,1164564877.0777245,1.674574062816099,951840478435.9746,0.0
2029-03-17,False,356296.37387581123,741355.7344811963,0.0,0.0,374.5293049169388,0.0,1164564877.0777245,1.882137925380147,967618087859.9741,0.0
2029-03-18,False,356296.37387581123,742972.7277487514,0.0,0.0,374.5293049169388,0.0,1164564877.0777245,1.865502566953646,969728588744.8551,0.0
2029-03-19,True,356296.37387581123,747409.3840280516,0.0,0.0,377.6780447645225,13651258.682340614,1164564877.0777245,1.6516403267236928,975519316010.8588,0.0
2029-03-20,True,356296.37387581123,756231.5480275064,0.0,0.0,386.2722411100415,18950258.009947304,1164564877.0777245,1.6695175688045423,987034011403.2313,0.0
2029-03-21,True,357388.4575045686,760023.1143334483,0.0,1092.0836287573848,459.0671823433729,18080334.046181746,1166372910.4823427,1.9742481147284405,991982766728.5237,0.0
2029-03-22,True,357388.4575045686,764588.9813071276,0.0,0.0,476.4208687593123,11561824.708197942,1166372910.4823427,2.033572423972776,1001000931264.0645,0.0
2029-03-23,True,361290.8846240156,774197.5770598085,3902.4271194469725,0.0,456.1069156563866,16903860.890352163,1166372910.4823427,1.9227009980372025,1013580517854.667,0.0
2029-03-24,False,361290.8846240156,768538.0573090716,0.0,0.0,456.1069156563866,0.0,1166372910.4823427,2.0106824935016805,1017157737520.1893,0.0
2029-03-25,False,361290.8846240156,780586.5196704132,0.0,0.0,456.1069156563866,0.0,1166372910.4823427,1.9917201608394945,1033103840123.0576,0.0
2029-03-26,True,363129.8241348934,788139.4396629395,0.0,1838.93951087782,515.2804957122311,31933551.166284543,1169185632.4226017,2.1106735273135393,1043100106330.3138,0.0
2029-03-27,True,363129.8241348934,784938.7722264966,0.0,0.0,655.2352526578808,49542147.99858943,1169185632.4226017,2.6877138171133,1044151761420.7054,0.0
2029-03-28,True,363129.8241348934,789591.5371812184,0.0,0.0,630.5215656255185,69769844.75784816,1169185632.4226017,2.5711002517831494,1050341024704.4757,0.0
2029-03-29,True,363129.8241348934,790535.6506333485,0.0,0.0,595.7382117069385,45391019.567615055,1169185632.4226017,2.4263617330867624,1051596915939.4397,0.0
2029-03-30,True,367094.9428840514,783372.0534432601,3965.1187491579876,0.0,571.5213285595898,46965128.9486286,1169185632.4226017,2.349015696557871,1042067659787.4951,0.0
2029-03-31,False,367094.9428840514,790976.281713189,0.0,0.0,571.5213285595898,0.0,1169185632.4226017,2.441549876146803,1063672146846.6243,0.0
2029-04-01,False,367094.9428840514,785257.8056182363,0.0,0.0,571.5213285595898,0.0,1169185632.4226017,2.4064517190289156,1055982177014.1093,0.0
2029-04-02,True,367094.9428840514,781979.3148821346,0.0,0.0,567.3264299723342,38558695.905404806,1169185632.4226017,2.3106960370580203,1051573398444.7532,0.0
2029-04-03,True,367094.9428840514,783168.8157921102,0.0,0.0,536.3478768939415,53000968.29952339,1169185632.4226017,2.181203809986413,1053172990007.5359,0.0
2029-04-04,True,367094.9428840514,780669.7889415437,0.0,0.0,456.44042820271216,44418376.306728646,1169185632.4226017,1.8621806061714472,1049812402191.4105,0.0
2029-04-05,True,367094.9428840514,768085.06522767,0.0,0.0,449.3556575843804,32354324.991318546,1169185632.4226017,1.86331363300614,1032888986913.7557,0.0
2029-04-06,True,371103.3579026149,773561.5501772488,4008.4150185635103,0.0,424.9944560961533,24187676.52226456,1169185632.4226017,1.7498203300818116,1040253537075.5822,0.0
2029-04-07,False,371103.3579026149,778943.1327062187,0.0,0.0,424.9944560961533,0.0,1169185632.4226017,1.9668505362126938,1058928315370.3634,0.0
2029-04-08,False,371103.3579026149,767480.5367770095,0.0,0.0,424.9944560961533,0.0,1169185632.4226017,2.1590831600893843,1043345576544.5925,0.0
2029-04-09,True,372650.8184653695,781222.8924232352,0.0,1547.460562754617,558.3698143475398,21650733.719527323,1171350705.7945545,2.2518297727999195,1062027517372.7,0.0
2029-04-10,True,372650.8184653695,772521.9254709707,0.0,0.0,555.9184517357393,29917111.293034256,1171350705.7945545,2.261961137058914,1054578269662.0863,0.0
2029-04-11,True,372650.8184653695,773589.7443104571,0.0,0.0,500.0852070988693,23301487.01546522,1171350705.7945545,2.0319741025099063,1056035961032.2977,0.0
2029-04-12,True,372650.8184653695,779341.0698718145,0.0,0.0,486.56698772466626,43346394.28959847,1171350705.7945545,1.9624560559180315,1063887159501.5992,0.0
2029-04-13,True,376719.8996836536,780370.4783019482,4069.0812182841087,0.0,468.9684332607559,41072863.25834349,1171350705.7945545,1.8889812342773276,1065292416394.9413,0.0
2029-04-14,False,376719.8996836536,783806.9272618298,0.0,0.0,468.9684332607559,0.0,1171350705.7945545,1.9053293953026758,1081667008501.876,0.0
2029-04-15,False,376719.8996836536,793474.933669529,0.0,0.0,468.9684332607559,0.0,1171350705.7945545,1.845115053527875,1095009023232.1179,0.0
2029-04-16,True,378592.9110171338,798726.9553367944,0.0,1873.011333480179,530.4764144673943,40522637.51881432,1174170858.7719567,2.0650763834942487,1102256903249.2847,0.0
2029-04-17,True,378592.9110171338,787911.4865606707,0.0,0.0,551.8700352857512,57767026.21693615,1174170858.7719567,2.172291995708123,1092737466862.5543,0.0
2029-04-18,True,378592.9110171338,801365.6547793199,0.0,0.0,552.0455013493518,27705819.92373272,1174170858.7719567,2.1365003567605925,1111396762924.0508,0.0
2029-04-19,True,381119.10639665654,796745.5232940582,0.0,2526.1953795227228,712.1423320508949,29994978.967397016,1176997168.5825312,2.7720814732721424,1104989202097.8792,0.0
2029-04-20,True,385280.6552808219,801909.0088078534,4161.548884165338,0.0,669.0038387850981,42375770.5018534,1176997168.5825312,2.5764292077439643,1119571252399.5847,0.0
2029-04-21,False,385280.6552808219,815257.7938076745,0.0,0.0,669.0038387850981,0.0,1176997168.5825312,2.3644724248959528,1150636344302.5227,0.0
2029-04-22,False,385280.6552808219,809624.2969231469,0.0,0.0,669.0038387850981,0.0,1176997168.5825312,2.646881913232853,1142685354676.8022,0.0
2029-04-23,True,385280.6552808219,820219.5876791264,0.0,0.0,723.665546141975,24684673.18121846,1176997168.5825312,2.695292941809816,1157639307542.8557,0.0
2029-04-24,True,385280.6552808219,820604.463286614,0.0,0.0,713.5224817691033,22367367.065000925,1176997168.5825312,2.6562686761213627,1158182512238.8113,0.0
2029-04-25,True,385280.6552808219,816554.5802205827,0.0,0.0,686.9352414563106,60025990.747897655,1176997168.5825312,2.5699743707907334,1152466599209.4043,0.0
2029-04-26,True,385280.6552808219,819418.4238508123,0.0,0.0,671.5840357723416,13620432.115656432,1176997168.5825312,2.5037609044178906,1156508563101.526,0.0
2029-04-27,True,389487.64531140216,835376.0956533125,4206.990030580268,0.0,655.9932869335631,21548066.457583208,1176997168.5825312,2.3989188970947906,1179030858853.7085,0.0
2029-04-28,False,389487.64531140216,836268.2270833406,0.0,0.0,655.9932869335631,0.0,1176997168.5825312,2.3386397424205216,1193177918017.7183,0.0
2029-04-29,False,389487.64531140216,842609.9402976744,0.0,0.0,655.9932869335631,0.0,1176997168.5825312,2.17028208498094,1202226201719.8687,0.0
2029-04-30,True,389487.64531140216,854057.6505817313,0.0,0.0,631.3510998398921,33088108.713658202,1176997168.5825312,2.2339090410044844,1218559663497.366,0.0
2029-05-01,True,389487.64531140216,840269.8176682754,0.0,0.0,596.2695336539124,58745058.87922271,1176997168.5825312,2.1443989577186238,1198887341583.342,0.0
2029-05-02,True,391959.2412063168,849870.6229820306,0.0,2471.5958949146675,742.127782152965,55265638.4386339,1179827593.1987302,2.638806859983242,1212585660525.2358,0.0
2029-05-03,True,391959.2412063168,852575.0293463218,0.0,0.0,726.8229858408483,43119521.78967056,1179827593.1987302,2.566100643379076,1224163542369.9612,0.0
2029-05-04,True,396239.1566330254,848963.4111177593,4279.915426708582,0.0,721.1089263291002,26130423.42086827,1179827593.1987302,2.5567575026110694,1218977827081.355,0.0
2029-05-05,False,396239.1566330254,862951.5974046603,0.0,0.0,721.1089263291002,0.0,1179827593.1987302,2.5225930557802707,1252592341515.3594,0.0
2029-05-06,False,396239.1566330254,867170.553568897,0.0,0.0,721.1089263291002,0.0,1179827593.1987302,2.328041941627347,1258716244867.9988,0.0
2029-05-07,True,396239.1566330254,853455.1658606831,0.0,0.0,645.5182269543706,9032497.095906073,1179827593.1987302,2.2521066683511908,1238808071969.4363,0.0
2029-05-08,True,396239.1566330254,851463.8141473752,0.0,0.0,605.6210972981903,12521472.047847658,1179827593.1987302,2.1178537110352673,1235917583194.7996,0.0
2029-05-09,True,396239.1566330254,849274.7830892125,0.0,0.0,556.7086223626075,30173981.414210614,1179827593.1987302,1.9518250031565731,1232740158705.361,0.0
2029-05-10,True,396239.1566330254,840301.930871758,0.0,0.0,545.64524178134,45268382.81680089,1179827593.1987302,1.9334643521671633,1219715875532.4287,0.0
2029-05-11,True,402556.0964052775,845993.926758052,4326.649051366602,1990.290720885529,593.8352220610223,40482715.61144865,1182663015.888055,2.0900653545492927,1227977926934.3284,0.0
2029-05-12,False,402556.0964052775,849526.6766774817,0.0,0.0,593.8352220610223,0.0,1182663015.888055,2.1098732316508317,1252764256065.572,0.0
2029-05-13,False,402556.0964052775,839426.8007973555,0.0,0.0,593.8352220610223,0.0,1182663015.888055,2.139127070792924,1237870358274.3853,0.0
2029-05-14,True,402556.0964052775,843977.866605958,0.0,0.0,605.4370718165136,15847650.75721258,1182663015.888055,2.1075241520145886,1244581639660.295,0.0
2029-05-15,True,402556.0964052775,834432.12822622,0.0,0.0,688.1684425590298,22569305.752045978,1182663015.888055,2.4229159201050914,1230504907088.8596,0.0
2029-05-16,True,402556.0964052775,821660.6960077705,0.0,0.0,669.5133980871543,54609675.946330786,1182663015.888055,2.3938744364805555,1211671368106.1726,0.0
2029-05-17,True,402556.0964052775,838439.8666754133,0.0,0.0,664.3117789909181,8718125.339821381,1182663015.888055,2.3277409161528486,1236414964553.3826,0.0
2029-05-18,True,406951.7219346515,833928.3642782533,4395.625529373967,0.0,640.8951178012145,40508478.99724738,1182663015.888055,2.2578382455317407,1229762025805.8665,0.0
2029-05-19,False,406951.7219346515,841012.6943982097,0.0,0.0,640.8951178012145,0.0,1182663015.888055,2.3215977019218395,1253751212564.3457,0.0
2029-05-20,False,406951.7219346515,845309.1137997307,0.0,0.0,640.8951178012145,0.0,1182663015.888055,2.175462836619887,1260156158732.4844,0.0
2029-05-21,True,406951.7219346515,842904.037199121,0.0,0.0,622.6473360479092,21432043.195686538,1182663015.888055,2.1467532336574973,1256570757793.3438,0.0
2029-05-22,True,409110.27787761134,837999.9468337693,0.0,2158.555942959869,636.9073620596306,46792065.700402215,1185503098.8784425,2.208769533387485,1249259917798.8484,0.0
2029-05-23,True,409110.27787761134,844566.3468732013,0.0,0.0,604.7654021487733,46843602.21093199,1185503098.8784425,2.074987423815281,1265727123860.139,0.0
2029-05-24,True,409110.27787761134,842074.2017699308,0.0,0.0,564.9809924970587,35447981.32137351,1185503098.8784425,1.9442216649725654,1261992218170.9849,0.0
2029-05-25,True,413577.4703951919,840881.303154899,4467.192517580589,0.0,542.8464866743673,35904693.55965485,1185503098.8784425,1.8707021208928332,1260204455565.1804,0.0
2029-05-26,False,413577.4703951919,863451.6988485035,0.0,0.0,542.8464866743673,0.0,1185503098.8784425,1.885981830922306,1308159939389.0835,0.0
2029-05-27,False,413577.4703951919,842448.045969646,0.0,0.0,542.8464866743673,0.0,1185503098.8784425,1.8925714350772063,1276338660545.5793,0.0
2029-05-28,True,415234.88303888106,845232.6042426293,0.0,1657.412643689128,550.5271668760076,25446504.539993748,1188047749.3324418,1.8670172676144066,1280557365061.963,0.0
2029-05-29,True,415234.88303888106,844027.464571739,0.0,0.0,548.1743202355407,45743100.5576802,1188047749.3324418,1.8582415786883364,1283856055237.8347,0.0
2029-05-30,True,415234.88303888106,831231.3789905304,0.0,0.0,546.6759854819113,16519024.903161786,1188047749.3324418,1.881690240309216,1264391840332.0886,0.0
2029-05-31,True,417139.1649309528,833007.5250189895,0.0,1904.2818920717102,556.337443823395,31736125.633936618,1190899042.4881775,1.9108624727459838,1267093548427.3115,0.0
2029-06-01,True,421694.02717014303,835063.551572529,4554.862239190263,0.0,572.3703658634364,30696032.106246915,1190899042.4881775,1.9568232093841884,1276046263199.0632,0.0
2029-06-02,False,421694.02717014303,830938.8754878456,0.0,0.0,572.3703658634364,0.0,1190899042.4881775,1.8528703660078425,1283608109269.4785,0.0
2029-06-03,False,421694.02717014303,826821.6350923142,0.0,0.0,572.3703658634364,0.0,1190899042.4881775,1.7814151488926144,1277247926450.48,0.0
2029-06-04,True,421694.02717014303,832468.4693439346,0.0,0.0,648.8945004168502,34597695.88356781,1190899042.4881775,2.201323128587897,1285970977508.628,0.0
2029-06-05,True,421694.02717014303,811586.1567929457,0.0,0.0,589.3446029661892,15749576.838569313,1190899042.4881775,2.050747432049838,1253712641159.8657,0.0
2029-06-06,True,423754.215852264,818336.0884083338,0.0,2060.1886821210014,590.1017215919011,42036618.57897016,1193756052.8743901,2.036444947952262,1264139722157.1772,0.0
2029-06-07,True,423754.215852264,824790.2165031977,0.0,0.0,575.6227729842284,43790900.301244356,1193756052.8743901,1.966056621875578,1280334526514.8289,0.0
2029-06-08,True,428381.30973064067,817558.7803223778,4627.093878376645,0.0,581.8441536399897,34826492.42412509,1193756052.8743901,2.0048839656577977,1269109057015.6326,0.0
2029-06-09,False,428381.30973064067,828258.6146178291,0.0,0.0,581.8441536399897,0.0,1193756052.8743901,1.975037948980061,1299757704248.6333,0.0
2029-06-10,False,428381.30973064067,828775.3759042148,0.0,0.0,581.8441536399897,0.0,1193756052.8743901,1.9962361545702219,1300568639929.0876,0.0
2029-06-11,True,428381.30973064067,824743.795958037,0.0,0.0,555.0519704147898,48773640.50890908,1193756052.8743901,1.8754248392874064,1294242020437.4731,0.0
2029-06-12,True,428381.30973064067,830346.4397149668,0.0,0.0,509.0989532856003,27208903.473095573,1193756052.8743901,1.7085510064614953,1303034056232.4646,0.0
2029-06-13,True,430244.0978992132,829419.434062751,0.0,1862.7881685725013,539.7358634239931,33402021.29805116,1196618624.7604878,1.8133938626546313,1301579338204.6833,0.0
2029-06-14,True,430244.0978992132,828525.967730368,0.0,0.0,563.0544162094437,22471362.26551801,1196618624.7604878,1.8901013017636121,1305830988205.8882,0.0
2029-06-15,True,434942.0566619201,840011.9244027311,4697.958762706892,0.0,578.6401720571719,16429066.668660125,1196618624.7604878,1.9158608676170283,1323933882666.8174,0.0
2029-06-16,False,434942.0566619201,839087.2442296145,0.0,0.0,578.6401720571719,0.0,1196618624.7604878,1.897930837106309,1336917004485.5286,0.0
2029-06-17,False,434942.0566619201,830668.2469346251,0.0,0.0,578.6401720571719,0.0,1196618624.7604878,1.9468264399215884,1323503023136.3987,0.0
2029-06-18,True,436571.757273756,837472.1609617859,0.0,1629.7006118359484,580.9692836457452,23492272.853915997,1198967852.0458794,1.9085658407514996,1334343693665.624,0.0
2029-06-19,True,436571.757273756,835461.2035195372,0.0,0.0,650.609469958321,17577952.149991643,1198967852.0458794,2.138680918938925,1336127333600.486,0.0
2029-06-20,True,436571.757273756,825968.6920560717,0.0,0.0,671.6443747113708,17867837.47586374,1198967852.0458794,2.233200402386813,1320946252806.5225,0.0
2029-06-21,True,439022.62435872824,838282.0903477618,0.0,2450.8670849721852,714.9588531725442,33369774.348748922,1201841469.1415184,2.342301315111193,1340638690896.6797,0.0
2029-06-22,True,443816.43837082846,826879.6782390525,4793.814012100212,0.0,650.318479509748,38117238.07174602,1201841469.1415184,2.1530001500487637,1329826994638.0051,0.0
2029-06-23,False,443816.43837082846,825651.5458046594,0.0,0.0,650.318479509748,0.0,1201841469.1415184,1.9807771704298474,1342351049407.4287,0.0
2029-06-24,False,443816.43837082846,832560.3704257029,0.0,0.0,650.318479509748,0.0,1201841469.1415184,1.895560759672706,1353583473094.338,0.0
2029-06-25,True,443816.43837082846,821176.6128060903,0.0,0.0,586.1483676527808,40005679.195403926,1201841469.1415184,1.9329240467426927,1335075666666.1501,0.0
2029-06-26,True,445756.3543008729,823069.4995845194,0.0,1939.9159300444578,592.8560603831608,26932096.009034593,1204534678.7424219,1.950547615993619,1338153137502.7817,0.0
2029-06-27,True,445756.3543008729,829608.7659416979,0.0,0.0,561.0168869495928,41166664.55510678,1204534678.7424219,1.8273610628280643,1354680251002.3296,0.0
2029-06-28,True,445756.3543008729,828143.6495430229,0.0,0.0,535.9060234311331,24793629.51016065,1204534678.7424219,1.7486573901220313,1352287841071.063,0.0
2029-06-29,True,451680.1428260742,817962.4127751903,4867.341541569798,1056.4469836315156,548.7522215633263,15747251.486991655,1206109403.8911211,1.81286184796244,1335662751093.252,0.0
2029-06-30,False,451680.1428260742,830371.4454599655,0.0,0.0,548.7522215633263,0.0,1206109403.8911211,1.9563309174305272,1373944939896.1948,0.0
2029-07-01,False,451680.1428260742,822619.9941767382,0.0,0.0,548.7522215633263,0.0,1206109403.8911211,2.142547922941317,1361119273351.8176,0.0
2029-07-02,True,451680.1428260742,823397.5595797072,0.0,0.0,641.7491270901517,31644222.214090563,1206109403.8911211,2.0811884959911073,1362405844628.6704,0.0
2029-07-03,True,451680.1428260742,834652.6227927533,0.0,0.0,610.7678934564125,12258668.849360792,1206109403.8911211,1.954007121763166,1381028639564.9905,0.0
2029-07-04,True,451680.1428260742,820880.3682616082,0.0,0.0,551.4005815875917,13826290.753516085,1206109403.8911211,1.793672112443533,1358240862447.308,0.0
2029-07-05,True,451680.1428260742,829890.2582655391,0.0,0.0,529.586012689737,29798687.101316504,1206109403.8911211,1.7040076688269892,1373148760409.8462,0.0
2029-07-06,True,457421.9869055085,824856.0001149464,4932.025088296595,809.8189911376438,550.3636919955065,12137138.833140394,1207323117.7744353,1.7816703102787714,1364819002022.855,0.0
2029-07-07,False,457421.9869055085,817609.4966923749,0.0,0.0,550.3636919955065,0.0,1207323117.7744353,1.5379440527051178,1370026247689.6973,0.0
2029-07-08,False,457421.9869055085,817259.6997152264,0.0,0.0,550.3636919955065,0.0,1207323117.7744353,1.4802608106342623,1369440110857.8787,0.0
2029-07-09,True,457421.9869055085,822295.5389669135,0.0,0.0,458.8590010408791,12482087.488609057,1207323117.7744353,1.47284756704452,1377878408091.2988,0.0
2029-07-10,True,457421.9869055085,819792.5602099173,0.0,0.0,468.59755073249084,25189107.987242747,1207323117.7744353,1.5086987209999267,1373684295121.272,0.0
2029-07-11,True,457421.9869055085,816916.0218504635,0.0,0.0,453.2976949212085,6036615.588872177,1207323117.7744353,1.4645782402618828,1368864227508.4558,0.0
2029-07-12,True,457421.9869055085,822183.8307101841,0.0,0.0,435.51397274287484,10274493.230228314,1207323117.7744353,1.3981045277267898,1377691224301.9446,0.0
2029-07-13,True,462952.7431756878,805932.3646274132,4994.72193141144,536.0343387678777,443.73223513931123,9735768.284426246,1208296694.6028779,1.4532116252605571,1350459477133.0244,0.0
2029-07-14,False,462952.7431756878,817130.7664185463,0.0,0.0,443.73223513931123,0.0,1208296694.6028779,1.533328687284954,1385779552744.6655,0.0
2029-07-15,False,462952.7431756878,812836.460135685,0.0,0.0,443.73223513931123,0.0,1208296694.6028779,1.5664630786750817,1378496799378.1572,0.0
2029-07-16,True,462952.7431756878,811630.7263471496,0.0,0.0,459.6742981217104,36268295.96221487,1208296694.6028779,1.4781845790638204,1376451984400.098,0.0
2029-07-17,True,462952.7431756878,827304.8703161431,0.0,0.0,552.3897409153132,18409313.59006795,1208296694.6028779,1.7426771983290803,1403033908752.56,0.0
2029-07-18,True,463896.433038614,826570.82664413,0.0,943.6898629261827,589.6970344165122,13227580.682449825,1209619452.6711228,1.8620262377413541,1401789037364.403,0.0
2029-07-19,True,463896.433038614,821956.4316729781,0.0,0.0,498.54991305761797,17588443.08244002,1209619452.6711228,1.5815669318341414,1396804918791.3186,0.0
2029-07-20,True,468961.85130518314,822091.0725429928,5065.4182665691205,0.0,409.3036960453057,29292628.301477615,1209619452.6711228,1.2982354488491288,1397033722925.285,0.0
2029-07-21,False,468961.85130518314,824770.2280635878,0.0,0.0,409.3036960453057,0.0,1209619452.6711228,1.6392765824861941,1416890915217.7166,0.0
2029-07-22,False,468961.85130518314,818349.7275810824,0.0,0.0,409.3036960453057,0.0,1209619452.6711228,1.8443283020372716,1405860996222.9785,0.0
2029-07-23,True,470575.167014152,830454.504476665,0.0,1613.3157089688577,680.0319394953414,19701799.57503791,1211589632.6286266,2.1121497819348645,1426656058690.687,0.0
2029-07-24,True,470575.167014152,830596.4403391243,0.0,0.0,801.4728246916432,36379649.872911945,1211589632.6286266,2.4844215023321654,1431808693595.8987,0.0
2029-07-25,True,470575.167014152,824050.3113306384,0.0,0.0,768.0541347821443,13261117.09471055,1211589632.6286266,2.3997425227371645,1420524267166.2312,0.0
2029-07-26,True,471498.9498741754,825703.9133095789,0.0,923.7828600234346,822.3555033359536,9275442.548574435,1212517176.8834841,2.564258499477058,1423374799114.367,0.0
2029-07-27,True,476647.38220360014,812725.6573682798,5148.4323294247115,0.0,824.1162245692284,45576132.68267854,1212517176.8834841,2.607664193864147,1403752764942.4888,0.0
2029-07-28,False,476647.38220360014,796854.4581994421,0.0,0.0,824.1162245692284,0.0,1212517176.8834841,2.298667202892622,1391368424631.9998,0.0
2029-07-29,False,476647.38220360014,805488.0781502986,0.0,0.0,824.1162245692284,0.0,1212517176.8834841,2.0871497301872677,1406443381001.1187,0.0
2029-07-30,True,476647.38220360014,799821.1888998764,0.0,0.0,630.4524286929704,33133221.53068651,1212517176.8834841,2.005164948553242,1396548561830.8274,0.0
2029-07-31,True,476647.38220360014,796995.3247863004,0.0,0.0,541.2284067577305,30298574.008213773,1212517176.8834841,1.7274898187120324,1391614388394.922,0.0
2029-08-01,True,478823.70095782634,794726.4126273245,0.0,2176.318754226219,596.5983587283431,35206424.78509435,1215416242.8480074,1.909655793574,1387652695385.8926,0.0
2029-08-02,True,478823.70095782634,784365.2113763931,0.0,0.0,618.4551152415149,28143749.62957428,1215416242.8480074,2.0014247195701955,1375814514645.5881,0.0
2029-08-03,True,484052.1143461572,775427.260241043,5228.413388330826,0.0,591.68487808472,34776182.778237,1215416242.8480074,1.936862551156524,1360136916092.1934,0.0
2029-08-04,False,484052.1143461572,772269.3033883176,0.0,0.0,591.68487808472,0.0,1215416242.8480074,1.8824613765254252,1369388948108.2383,0.0
2029-08-05,False,484052.1143461572,775702.7177208369,0.0,0.0,591.68487808472,0.0,1215416242.8480074,1.8579262142972073,1375477082934.5222,0.0
2029-08-06,True,486549.743031632,774588.2479030185,0.0,2497.6286854747977,665.9225245438945,35189674.45335775,1218321436.404449,2.1586673155535676,1373500903582.5466,0.0
2029-08-07,True,486549.743031632,797141.1469608393,0.0,0.0,719.1865803579401,30307716.52223543,1218321436.404449,2.2591287686311134,1420785117041.7559,0.0
2029-08-08,True,486549.743031632,784150.693576864,0.0,0.0,742.527654683864,27818846.479622036,1218321436.404449,2.371088370270729,1397631572776.7983,0.0
2029-08-09,True,488026.8437609157,788866.4936484346,0.0,1477.100729283722,824.2846651649879,14136321.131758085,1219735068.5176249,2.616425350535762,1406036782546.9585,0.0
2029-08-10,True,493355.7489063382,792894.9384828109,5328.905145422505,0.0,800.9412852435415,49476198.62583322,1219735068.5176249,2.524682875558012,1417507223922.236,0.0
2029-08-11,False,493355.7489063382,790155.1380293446,0.0,0.0,800.9412852435415,0.0,1219735068.5176249,2.836461094703283,1428033797790.3286,0.0
2029-08-12,False,493355.7489063382,804976.899056714,0.0,0.0,800.9412852435415,0.0,1219735068.5176249,3.060065139308977,1454820911701.4565,0.0
2029-08-13,True,493355.7489063382,812973.5854326917,0.0,0.0,981.2639886502243,46073082.575273044,1219735068.5176249,2.9841094162978123,1469273185521.6409,0.0
2029-08-14,True,493355.7489063382,822544.3127364283,0.0,0.0,776.6403463752346,52142061.84344531,1219735068.5176249,2.3343499417810305,1486570196451.997,0.0
2029-08-15,True,495483.4337059314,822981.966333588,0.0,2127.6847995932617,849.3078897239208,20617331.374097444,1221796801.6550345,2.5514094328864227,1487361160274.6548,0.0
2029-08-16,True,495483.4337059314,832879.4381732882,0.0,0.0,1048.9105764075896,30402338.932540514,1221796801.6550345,3.1054616422918975,1511740344863.5227,0.0
2029-08-17,True,500893.7594966182,816429.2065717817,5410.3257906867775,0.0,1026.3575743649635,41227508.905624226,1221796801.6550345,3.0999165620855513,1481881907189.8914,0.0
2029-08-18,False,500893.7594966182,824699.4923566311,0.0,0.0,1026.3575743649635,0.0,1221796801.6550345,2.9912774378557976,1513238118459.5627,0.0
2029-08-19,False,500893.7594966182,837321.6050096484,0.0,0.0,1026.3575743649635,0.0,1221796801.6550345,2.7903568235960448,1536398387356.366,0.0
2029-08-20,True,500893.7594966182,829555.8880373004,0.0,0.0,864.3139925861458,11962090.82116677,1221796801.6550345,2.5414364634633473,1522149101345.3547,0.0
2029-08-21,True,500893.7594966182,842067.9329818815,0.0,0.0,800.7451297052919,27797001.46600096,1221796801.6550345,2.31953291482335,1545107407401.6797,0.0
2029-08-22,True,504065.2439992105,841259.0836359476,0.0,3171.484502592306,914.3590236857731,32074418.9089661,1224714736.5988617,2.6511869392531375,1543623252659.6165,0.0
2029-08-23,True,504065.2439992105,833765.3595543451,0.0,0.0,842.6765268665782,48515472.471631065,1224714736.5988617,2.4556430557311906,1539559667708.6365,0.0
2029-08-24,True,509569.2770390241,832572.9233901193,5504.033039813628,0.0,757.6893678458716,42277056.227946006,1224714736.5988617,2.2111443760379474,1537357817267.4758,0.0
2029-08-25,False,509569.2770390241,833118.6518928291,0.0,0.0,757.6893678458716,0.0,1224714736.5988617,2.3616148161444634,1555163367222.1,0.0
2029-08-26,False,509569.2770390241,830636.8491547774,0.0,0.0,757.6893678458716,0.0,1224714736.5988617,2.6527806438923567,1550530643306.8203,0.0
2029-08-27,True,511183.0719788901,839830.7555568484,0.0,1613.7949398660128,797.1282914524716,17002465.452479832,1226414983.1441097,2.2812251780782606,1567692696281.7292,0.0
2029-08-28,True,511183.0719788901,847619.244078492,0.0,0.0,783.1139003069926,46157704.42302788,1226414983.1441097,2.2165886680850906,1587242180579.283,0.0
2029-08-29,True,511183.0719788901,833524.7602060401,0.0,0.0,742.7532608776195,10867470.912972327,1226414983.1441097,2.13789831994307,1560849009975.6924,0.0
2029-08-30,True,513276.0243700361,839142.9755411827,0.0,2092.9523911460124,812.0590732885689,21627568.17752092,1228577739.9618618,2.321734975598276,1571369616276.0017,0.0
2029-08-31,True,518880.63256373507,836252.6255995946,5604.608193699005,0.0,879.1713285993317,45392911.086265184,1228577739.9618618,2.5164464093220578,1572368725850.0986,0.0
2029-09-01,False,518880.63256373507,826947.4636615576,0.0,0.0,879.1713285993317,0.0,1228577739.9618618,2.626537868650642,1571850743074.1113,0.0
2029-09-02,False,518880.63256373507,836999.5704069616,0.0,0.0,879.1713285993317,0.0,1228577739.9618618,2.8069006242218126,1590957653913.722,0.0
2029-09-03,True,518880.63256373507,834039.2899145945,0.0,0.0,914.9343722012159,24825885.02773091,1228577739.9618618,2.5973986776101725,1585330792116.4417,0.0
2029-09-04,True,518880.63256373507,832983.8644112775,0.0,0.0,911.0867257382481,47010256.648225226,1228577739.9618618,2.5897528029974493,1583324653353.6445,0.0
2029-09-05,True,518880.63256373507,836568.3042378704,0.0,0.0,826.381230179159,27992151.527409974,1228577739.9618618,2.3389138187900222,1590137908914.025,0.0
2029-09-06,True,521846.898409478,824836.10162552,0.0,2966.2658457429266,834.514073852485,29340158.4116115,1231509605.622668,2.3955276380666,1567837494190.6218,0.0
2029-09-07,True,527545.0944362101,818926.6731543175,5698.196026732069,0.0,894.4683309527977,20371480.915410392,1231509605.622668,2.57759481306658,1565503517341.5996,0.0
2029-09-08,False,527545.0944362101,826757.5645308179,0.0,0.0,894.4683309527977,0.0,1231509605.622668,2.478065172785313,1597731106501.457,0.0
2029-09-09,False,527545.0944362101,823581.1812527685,0.0,0.0,894.4683309527977,0.0,1231509605.622668,2.135110003547028,1591592660858.821,0.0
2029-09-10,True,527545.0944362101,818924.7176442054,0.0,0.0,732.0684913761282,42648578.6281216,1231509605.622668,2.0868246114053326,1582593920390.1863,0.0
2029-09-11,True,527545.0944362101,831128.1892234383,0.0,0.0,680.7495813413651,22842902.330433466,1231509605.622668,1.9120426928828884,1606177455619.7815,0.0
2029-09-12,True,527545.0944362101,825892.9420462816,0.0,0.0,568.3179320313786,13347022.527139422,1231509605.622668,1.6063708678511381,1596060200424.283,0.0
2029-09-13,True,529190.5250705297,822498.7055501775,0.0,1645.4306343195833,574.6503406066937,23551096.57416429,1233864715.2800844,1.6309725810735083,1589500747610.8992,0.0
2029-09-14,True,534968.9082640138,839865.7024381314,5778.383193484134,0.0,640.2071524932725,7574133.19773845,1233864715.2800844,1.7773221800167762,1628125320691.076,0.0
2029-09-15,False,534968.9082640138,827172.2555126356,0.0,0.0,640.2071524932725,0.0,1233864715.2800844,2.2176806176188535,1621027661148.0535,0.0
2029-09-16,False,534968.9082640138,842219.2609822139,0.0,0.0,640.2071524932725,0.0,1233864715.2800844,2.177461949388916,1650515608695.951,0.0
2029-09-17,True,534968.9082640138,851153.8607177405,0.0,0.0,719.366448635689,44465498.387883246,1233864715.2800844,1.9493108846811096,1668024940296.5361,0.0
2029-09-18,True,534968.9082640138,845986.1560669993,0.0,0.0,688.5821412878988,17598418.882191364,1233864715.2800844,1.8772905825686452,1657897675839.0217,0.0
2029-09-19,True,537391.7451999997,852378.4226997828,0.0,2422.8369359857993,717.6200596419226,28778096.406402417,1236742524.9207246,1.9417849267652203,1670424741344.5664,0.0
2029-09-20,True,537391.7451999997,862856.780592201,0.0,0.0,712.6537595885942,41674296.01801385,1236742524.9207246,1.9007638663180209,1698617647183.4946,0.0
2029-09-21,True,543259.6798694023,863380.7711126728,5867.934669402712,0.0,776.7368934688197,24110808.09162552,1236742524.9207246,2.0704267249459063,1699649173579.3574,0.0
2029-09-22,False,543259.6798694023,857787.3106043349,0.0,0.0,776.7368934688197,0.0,1236742524.9207246,2.200205476973652,1707076623354.6165,0.0
2029-09-23,False,543259.6798694023,873445.2555041689,0.0,0.0,776.7368934688197,0.0,1236742524.9207246,2.225920355204665,1738237391738.3894,0.0
2029-09-24,True,543259.6798694023,853720.9018639501,0.0,0.0,744.4311204528493,13423428.685512098,1236742524.9207246,1.9850910278619285,1698984091306.287,0.0
2029-09-25,True,544675.2110043891,864082.8365454362,0.0,1415.5311349868273,862.138321158419,14187238.037329344,1238161248.7244575,2.271398797052382,1719605306202.8215,0.0
2029-09-26,True,544675.2110043891,860378.5713568956,0.0,0.0,993.2176123392525,10912208.95833168,1238161248.7244575,2.6241848513216857,1716694912304.0308,0.0
2029-09-27,True,544675.2110043891,849566.7853887047,0.0,0.0,985.8398091170046,67608974.75854404,1238161248.7244575,2.637839842981856,1695122387624.294,0.0
2029-09-28,True,554612.78929106,858673.0266558755,5947.464922497835,3990.1133641729884,1160.8101514922978,44438284.65314733,1241112810.368461,3.0730736868730557,1713291875538.098,0.0
2029-09-29,False,554612.78929106,851141.363407181,0.0,0.0,1160.8101514922978,0.0,1241112810.368461,2.6507941105352737,1729248872769.0278,0.0
2029-09-30,False,554612.78929106,842056.8019748703,0.0,0.0,1160.8101514922978,0.0,1241112810.368461,2.48855259024497,1710791929784.2126,0.0
2029-10-01,True,554612.78929106,836931.166013739,0.0,0.0,904.4824095911756,20392070.858638227,1241112810.368461,2.4184202055547503,1700378265745.4568,0.0
2029-10-02,True,554612.78929106,840691.6559615212,0.0,0.0,906.3616727144789,8964775.314232858,1241112810.368461,2.412604721639306,1708018386743.96,0.0
2029-10-03,True,558265.6811136882,829715.0915303996,0.0,3652.8918226282285,1024.6652513623974,49740767.09333986,1244070712.4432437,2.76359499369259,1685717494688.3674,0.0
2029-10-04,True,558265.6811136882,842877.7539125002,0.0,0.0,1020.6546797814135,26072111.358285867,1244070712.4432437,2.6984748508697503,1723738758424.0144,0.0
2029-10-05,True,564361.5442790696,842333.5006370912,6095.863165381447,0.0,1009.9029778736088,36604951.86654379,1244070712.4432437,2.671773971946584,1722625725767.8943,0.0
2029-10-06,False,564361.5442790696,837195.9850851964,0.0,0.0,1009.9029778736088,0.0,1244070712.4432437,2.5424829259833004,1730814299439.7595,0.0
2029-10-07,False,564361.5442790696,851795.4272745154,0.0,0.0,1009.9029778736088,0.0,1244070712.4432437,2.412983540750102,1760997104607.5913,0.0
2029-10-08,True,564361.5442790696,843516.17399882,0.0,0.0,947.9538986677084,22338304.53794926,1244070712.4432437,2.4773162741525336,1743880622668.4207,0.0
2029-10-09,True,564361.5442790696,840179.4508676088,0.0,0.0,821.178660100254,14935264.621872813,1244070712.4432437,2.154533506814203,1736982299920.0332,0.0
2029-10-10,True,564361.5442790696,861339.5806472698,0.0,0.0,770.6538517482013,15732307.38746122,1244070712.4432437,1.972298306442409,1780728633936.3286,0.0
2029-10-11,True,565740.007550333,863342.3642801488,0.0,1378.4632712634116,775.0920142085553,15354122.063831294,1245606124.649627,1.9790549963331285,1784869177622.904,0.0
2029-10-12,True,571917.4850308204,866665.5358309286,6177.47748048727,0.0,958.9257833516557,24601055.02747389,1245606124.649627,2.4361123445081643,1796115839980.1277,0.0
2029-10-13,False,571917.4850308204,879826.3782728736,0.0,0.0,958.9257833516557,0.0,1245606124.649627,2.4919252918300936,1843301078695.2034,0.0
2029-10-14,False,571917.4850308204,873693.8954907042,0.0,0.0,958.9257833516557,0.0,1245606124.649627,2.435964704642147,1830453075490.7046,0.0
2029-10-15,True,571917.4850308204,870248.9687879215,0.0,0.0,981.3247956920023,29064773.55650748,1245606124.649627,2.4559335724505122,1823235700262.9573,0.0
2029-10-16,True,571917.4850308204,878871.5422528415,0.0,0.0,927.9129579731693,18105556.74308668,1245606124.649627,2.2994776774330554,1841300626891.1133,0.0
2029-10-17,True,571917.4850308204,877957.4238005338,0.0,0.0,915.4399175037319,16718321.582337182,1245606124.649627,2.2709300180908083,1839385481391.041,0.0
2029-10-18,True,571917.4850308204,879669.9260312804,0.0,0.0,914.710431981366,26555729.27442914,1245606124.649627,2.2647029622815706,1842973299723.335,0.0
2029-10-19,True,581233.2115126031,901916.195226401,6244.93112971241,3070.79535207037,933.6434673532882,53674161.45004315,1248572567.5768287,2.2545622872265643,1889580872554.7007,0.0
2029-10-20,False,581233.2115126031,886449.1402675743,0.0,0.0,933.6434673532882,0.0,1248572567.5768287,2.1312286843909214,1887427025945.2703,0.0
2029-10-21,False,581233.2115126031,884122.7266624735,0.0,0.0,933.6434673532882,0.0,1248572567.5768287,2.4710770383599963,1882473627366.2285,0.0
2029-10-22,True,581233.2115126031,889516.5098783438,0.0,0.0,1000.7856213468615,38699756.69165832,1248572567.5768287,2.4168539720704243,1893958067647.428,0.0
2029-10-23,True,581233.2115126031,878248.4117586982,0.0,0.0,974.3676120554121,36820625.816076815,1248572567.5768287,2.3832457845096924,1869966039277.247,0.0
2029-10-24,True,581233.2115126031,892338.6383478343,0.0,0.0,959.7122814969557,18527877.446533892,1248572567.5768287,2.3103337430385666,1899966942045.3416,0.0
2029-10-25,True,581233.2115126031,897531.5037928248,0.0,0.0,924.9746087973634,31901192.00511103,1248572567.5768287,2.2138259647665826,1911023588318.3738,0.0
2029-10-26,True,587579.8637329005,902460.520424569,6346.65222029742,0.0,919.9116881612358,44177954.87319192,1248572567.5768287,2.18968322777283,1921518447842.1584,0.0
2029-10-27,False,587579.8637329005,903891.4297649201,0.0,0.0,919.9116881612358,0.0,1248572567.5768287,2.1790767732869583,1945580018234.7842,0.0
2029-10-28,False,587579.8637329005,906030.3337756604,0.0,0.0,919.9116881612358,0.0,1248572567.5768287,2.007129191809165,1950183899593.9653,0.0
2029-10-29,True,587579.8637329005,890734.8693403432,0.0,0.0,845.4654209889393,53015336.73663272,1248572567.5768287,2.016946045368589,1917261195610.907,0.0
2029-10-30,True,587579.8637329005,898469.7621653344,0.0,0.0,835.035791187064,41076525.81980016,1248572567.5768287,1.9749154601468204,1933910156346.6055,0.0
2029-10-31,True,590173.8849197178,912579.3288719078,0.0,2594.021186817301,857.454989469144,27607864.468907245,1251333354.0237195,1.9965840126722236,1964280276193.1885,0.0
2029-11-01,True,590173.8849197178,901651.5030592219,0.0,0.0,789.2698411522774,31287140.306741223,1251333354.0237195,1.8560079403142582,1949326664981.4834,0.0
2029-11-02,True,596618.1629184572,920397.1416759201,6444.277998739346,0.0,784.439771548482,41336172.13412073,1251333354.0237195,1.8070799855043236,1989853823294.4844,0.0
2029-11-03,False,596618.1629184572,909632.2978575274,0.0,0.0,784.439771548482,0.0,1251333354.0237195,1.8457592884746767,1988054414468.479,0.0
2029-11-04,False,596618.1629184572,900253.3639309141,0.0,0.0,784.439771548482,0.0,1251333354.0237195,1.8771954592883502,1967556207621.901,0.0
2029-11-05,True,599455.5636503487,900926.4849238738,0.0,2837.4007318915465,989.7599150060331,25827369.13211822,1253916090.9369314,2.3041834716413225,1969027352791.9622,0.0
2029-11-06,True,599455.5636503487,893531.8405148677,0.0,0.0,941.3678741678548,42837399.480360225,1253916090.9369314,2.20374236365839,1962153379464.7354,0.0
2029-11-07,True,599455.5636503487,892359.4827777533,0.0,0.0,948.6122959152486,26630360.0321307,1253916090.9369314,2.2236190538813014,1959578937691.6306,0.0
2029-11-08,True,599455.5636503487,901329.339392354,0.0,0.0,926.2998231677923,13156200.881381076,1253916090.9369314,2.1497083988031704,1979276315749.8218,0.0
2029-11-09,True,608425.0910941015,904853.3957919904,6545.6273121595905,2423.900131593208,1018.2091215763445,21540508.905844808,1256070141.8275158,2.353803709537286,1987014975818.1487,0.0
2029-11-10,False,608425.0910941015,884497.9156905254,0.0,0.0,1018.2091215763445,0.0,1256070141.8275158,2.2861477100562113,1971377765902.4966,0.0
2029-11-11,False,608425.0910941015,893160.1607067502,0.0,0.0,1018.2091215763445,0.0,1256070141.8275158,2.2904677822050408,1990684263888.3665,0.0
2029-11-12,True,608425.0910941015,883851.076105776,0.0,0.0,931.2270051545556,48730063.14350621,1256070141.8275158,2.175120107073681,1969936083392.1594,0.0
2029-11-13,True,608425.0910941015,876904.7354810238,0.0,0.0,896.6719537081212,8242556.813416969,1256070141.8275158,2.110998607951744,1954454010207.927,0.0
2029-11-14,True,608425.0910941015,890715.2127346117,0.0,0.0,853.7686165712087,16215533.103825556,1256070141.8275158,1.9788282106222959,1985234939491.373,0.0
2029-11-15,True,608425.0910941015,888511.2337175307,0.0,0.0,753.0855865518434,17710544.882862404,1256070141.8275158,1.7497991000001998,1980322689101.9563,0.0
2029-11-16,True,616342.4342383067,892602.2486296064,6643.5681561071815,1273.7749880979288,788.815578725761,14413691.226294111,1257511510.9501452,1.8244177076846053,1989440783892.881,0.0
2029-11-17,False,616342.4342383067,895090.5635697426,0.0,0.0,788.815578725761,0.0,1257511510.9501452,1.8576765880605104,2020947224274.7515,0.0
2029-11-18,False,616342.4342383067,885593.7250399834,0.0,0.0,788.815578725761,0.0,1257511510.9501452,1.9064547985169356,1999505137577.3342,0.0
2029-11-19,True,616342.4342383067,878673.7757873144,0.0,0.0,789.0647446305617,30265591.810307596,1257511510.9501452,1.8322084193587382,1983881185316.5374,0.0
2029-11-20,True,616342.4342383067,887030.2085558863,0.0,0.0,802.2380187942114,44604484.079310685,1257511510.9501452,1.8452479405792859,2002748448916.2478,0.0
2029-11-21,True,616342.4342383067,884220.31746159,0.0,0.0,789.9660038148936,27026673.841704942,1257511510.9501452,1.822794929800711,1996404239918.127,0.0
2029-11-22,True,616342.4342383067,882661.5957890621,0.0,0.0,781.636679131858,20877179.28152965,1257511510.9501452,1.8067605518920256,1992884937664.566,0.0
2029-11-23,True,625283.7891304194,888134.8007248924,6730.019897765677,2211.3349943469843,791.0569833623463,24827080.80260686,1259994219.030406,1.817267170009632,2005242411615.4028,0.0
2029-11-24,False,625283.7891304194,877025.0686321915,0.0,0.0,791.0569833623463,0.0,1259994219.030406,1.8629296192173734,2008885116698.5952,0.0
2029-11-25,False,625283.7891304194,868467.9929267683,0.0,0.0,791.0569833623463,0.0,1259994219.030406,1.8931302452135965,1989284557214.1353,0.0
2029-11-26,True,625283.7891304194,869039.9136515766,0.0,0.0,797.7461491512192,12000766.310832063,1259994219.030406,1.8497642264729697,1990594580237.526,0.0
2029-11-27,True,625283.7891304194,853002.8262559178,0.0,0.0,805.086517923981,29972866.594733786,1259994219.030406,1.9018815565946603,1953860549094.5178,0.0
2029-11-28,True,625283.7891304194,862753.0756513166,0.0,0.0,799.6995094916463,14860460.470062807,1259994219.030406,1.8678057004255726,1976194153452.1038,0.0
2029-11-29,True,625283.7891304194,865493.4507740615,0.0,0.0,794.1434792021705,22124800.322561394,1259994219.030406,1.8489559791138777,1982471167639.2114,0.0
2029-11-30,True,634906.6553098009,852499.8323695132,6827.653117537848,2795.213061843689,795.5237241687705,30696716.267027047,1262989627.708065,1.8803998875160746,1952708407646.8801,0.0
2029-12-01,False,634906.6553098009,857198.9798563159,0.0,0.0,795.5237241687705,0.0,1262989627.708065,1.8575397697600313,1993689168880.3992,0.0
2029-12-02,False,634906.6553098009,855414.299703286,0.0,0.0,795.5237241687705,0.0,1262989627.708065,1.9566404945987477,1989538326923.4854,0.0
2029-12-03,True,634906.6553098009,855037.5643261098,0.0,0.0,893.0982316119806,33999400.16714035,1262989627.708065,2.07780094215565,1988662108847.332,0.0
2029-12-04,True,634906.6553098009,854252.4201064822,0.0,0.0,860.1697109288191,50354872.23861939,1262989627.708065,2.003031745180678,1986836005966.3613,0.0
2029-12-05,True,636159.0175767821,872902.3849915592,0.0,1252.362266981269,875.7969024271903,12482231.9728662,1264237850.9053516,1.9958487627021002,2030212437652.748,0.0
2029-12-06,True,636159.0175767821,864322.1950118551,0.0,0.0,820.4253151116038,18033721.970424127,1264237850.9053516,1.886368294102459,2014221732872.0833,0.0
2029-12-07,True,643105.4204343525,879730.65530135,6946.402857570301,0.0,834.6752673639052,32556570.737602223,1264237850.9053516,1.8855190313816885,2050129703029.8687,0.0
2029-12-08,False,643105.4204343525,884868.3001954088,0.0,0.0,834.6752673639052,0.0,1264237850.9053516,1.9457214733850805,2084619191070.4375,0.0
2029-12-09,False,643105.4204343525,875968.5783024505,0.0,0.0,834.6752673639052,0.0,1264237850.9053516,1.779144049971645,2063652759061.116,0.0
2029-12-10,True,643105.4204343525,896524.0862152245,0.0,0.0,809.2153549255642,27178277.09566597,1264237850.9053516,1.7743887357753585,2112078503624.1274,0.0
2029-12-11,True,643105.4204343525,895093.7122512731,0.0,0.0,803.9357116881907,12156629.053672567,1264237850.9053516,1.7656289184630847,2108708753555.1035,0.0
2029-12-12,True,644991.5519881224,899245.981141417,0.0,1886.1315537699252,825.7742268329143,20539466.65466476,1266291797.5708182,1.8052170936893788,2118490886571.9236,0.0
2029-12-13,True,644991.5519881224,896645.1828041015,0.0,0.0,797.3021466848018,10289509.22760139,1266291797.5708182,1.7457501225559864,2118559034877.9856,0.0
2029-12-14,True,652034.3998234095,906664.1402067086,7042.8478352870825,0.0,858.4261914823933,31732199.36097446,1266291797.5708182,1.858815512607491,2142231445249.9136,0.0
2029-12-15,False,652034.3998234095,896374.546184657,0.0,0.0,858.4261914823933,0.0,1266291797.5708182,1.7560890581488133,2141045756678.8315,0.0
2029-12-16,False,652034.3998234095,900721.0582742298,0.0,0.0,858.4261914823933,0.0,1266291797.5708182,1.8376549053540019,2151427668241.742,0.0
2029-12-17,True,655011.2630652238,901154.5509088977,0.0,2976.8632418143375,891.7077555245461,32718035.661553614,1269300197.8467767,1.9217042412463552,2152463092072.0566,0.0
2029-12-18,True,655011.2630652238,890146.1194437705,0.0,0.0,886.797568933762,36173266.9685689,1269300197.8467767,1.9305398507227085,2135875800344.0593,0.0
2029-12-19,True,655011.2630652238,899956.3922403676,0.0,0.0,893.9419428790969,14166011.87683864,1269300197.8467767,1.9248789726017368,2159415221348.4653,0.0
2029-12-20,True,655011.2630652238,886040.5828055652,0.0,0.0,876.1364268008198,28751487.645884164,1269300197.8467767,1.9161685288079273,2126024702685.567,0.0
2029-12-21,True,664546.4569336262,881710.136149725,7152.25593567545,2382.9379327268907,889.1800112021476,23629192.09419016,1271663117.0561957,1.9542469265084534,2115633940972.5688,0.0
2029-12-22,False,664546.4569336262,887800.722042307,0.0,0.0,889.1800112021476,0.0,1271663117.0561957,1.9861595753492818,2161258753291.504,0.0
2029-12-23,False,664546.4569336262,885544.9361660634,0.0,0.0,889.1800112021476,0.0,1271663117.0561957,2.0424366956366278,2155767276601.3662,0.0
2029-12-24,True,664546.4569336262,882734.738078976,0.0,0.0,950.3471077674428,45156684.14315349,1271663117.0561957,2.060149646876149,2148926140901.1958,0.0
2029-12-25,True,664546.4569336262,887674.846902077,0.0,0.0,918.0911227345765,12853906.14554672,1271663117.0561957,1.9791495075940262,2160952323321.4788,0.0
2029-12-26,True,666152.6061644161,883696.8424503403,0.0,1606.1492307899168,931.6521895112458,15234751.978607994,1273186592.2540565,2.0174242375406877,2151268284180.16,0.0
2029-12-27,True,666152.6061644161,880587.7050209111,0.0,0.0,936.0970239504367,18603220.035012916,1273186592.2540565,2.0317327084051255,2148880541027.387,0.0
2029-12-28,True,673426.5176223794,889429.0377222953,7273.911457963256,0.0,962.0787763262628,38142709.72151829,1273186592.2540565,2.0673673600529856,2170455868153.153,0.0
2029-12-29,False,673426.5176223794,885997.893482466,0.0,0.0,962.0787763262628,0.0,1273186592.2540565,1.9823545462963268,2185691319341.144,0.0
2029-12-30,False,673426.5176223794,887947.6161188303,0.0,0.0,962.0787763262628,0.0,1273186592.2540565,1.95768349400055,2190501140981.548,0.0
2029-12-31,True,673426.5176223794,907111.3179512246,0.0,0.0,905.7344188175134,8752941.597111242,1273186592.2540565,1.8877397849173279,2237776577017.712,0.0
2030-01-01,True,676593.4754311304,894332.6401078807,0.0,3166.9578087509954,936.8894984236765,43421314.733764924,1276209695.5581024,1.9805742687150962,2206252523247.0283,0.0
2030-01-02,True,676593.4754311304,892704.9197385946,0.0,0.0,914.734192122003,46492213.347267516,1276209695.5581024,1.9327746420964038,2212593631819.654,0.0
2030-01-03,True,676593.4754311304,901737.1302894476,0.0,0.0,807.7153251621844,19468954.217277814,1276209695.5581024,1.6895560528894684,2234980213437.154,0.0
2030-01-04,True,683981.393736605,891846.4158057306,7387.918305474568,0.0,797.8847146932048,17258023.434648998,1276209695.5581024,1.6875020465416632,2210465806271.988,0.0
2030-01-05,False,683981.393736605,898654.2378187091,0.0,0.0,797.8847146932048,0.0,1276209695.5581024,1.764730925775611,2251660135515.974,0.0
2030-01-06,False,683981.393736605,905769.0583592607,0.0,0.0,797.8847146932048,0.0,1276209695.5581024,1.8095883695221582,2269486967136.326,0.0
2030-01-07,True,686920.5034797057,905619.2309002924,0.0,2939.109743100664,1108.1901447070481,24018570.43929955,1278611552.6020324,2.2832128460792678,2269111560776.052,0.0
2030-01-08,True,686920.5034797057,904232.0759416254,0.0,0.0,960.4644706251969,17479508.67415914,1278611552.6020324,1.9771223243205946,2275371493187.687,0.0
2030-01-09,True,686920.5034797057,907997.311120003,0.0,0.0,1013.8891937578559,28238240.553847533,1278611552.6020324,2.0784427971372663,2284846172330.324,0.0
2030-01-10,True,686920.5034797057,894899.340226297,0.0,0.0,952.131865263167,25942078.221954033,1278611552.6020324,1.9804097540363084,2251886990298.3164,0.0
2030-01-11,True,697640.4967344477,895919.8648788974,7500.682088058492,3219.311166683581,954.5494782771787,30215770.801780928,1281633129.6822104,1.9831767531809965,2254454995531.048,0.0
2030-01-12,False,697640.4967344477,914578.1689335553,0.0,0.0,954.5494782771787,0.0,1281633129.6822104,2.106214978364139,2337321411887.32,0.0
2030-01-13,False,697640.4967344477,904331.329340677,0.0,0.0,954.5494782771787,0.0,1281633129.6822104,2.1710347830464403,2311134303558.9673,0.0
2030-01-14,True,697640.4967344477,917256.2367187623,0.0,0.0,959.9434543089611,23103003.209400173,1281633129.6822104,1.9225915127922393,2344165556422.4434,0.0
2030-01-15,True,697640.4967344477,914577.2224783517,0.0,0.0,994.6733974526718,9948544.968977489,1281633129.6822104,1.9979847284091075,2337318993100.0713,0.0
2030-01-16,True,697640.4967344477,903572.1467240024,0.0,0.0,911.6370569464133,26365039.857858114,1281633129.6822104,1.8534939721665606,2309194115343.503,0.0
2030-01-17,True,700767.7916138064,906443.1995267827,0.0,3127.2948793587293,932.0316345496315,33076827.613003455,1284674566.3365355,1.8889571256972306,2316531457758.337,0.0
2030-01-18,True,708419.6762144548,899267.2338714442,7651.884600648369,0.0,922.4112781940164,19269224.625787795,1284674566.3365355,1.8804198552260771,2308494407315.3877,0.0
2030-01-19,False,708419.6762144548,902806.4441705332,0.0,0.0,922.4112781940164,0.0,1284674566.3365355,2.145793276988715,2342886176456.1685,0.0
2030-01-20,False,708419.6762144548,905667.9938687049,0.0,0.0,922.4112781940164,0.0,1284674566.3365355,2.174075148632547,2350312225831.844,0.0
2030-01-21,True,708419.6762144548,910951.3535141547,0.0,0.0,1204.8959701381575,26357836.227612615,1284674566.3365355,2.3985947425163645,2364023149539.2437,0.0
2030-01-22,True,708419.6762144548,882796.1915276115,0.0,0.0,1141.5417035241437,9001102.446157457,1284674566.3365355,2.3449513780386,2290957277845.3813,0.0
2030-01-23,True,708419.6762144548,886994.6040449286,0.0,0.0,1050.398338819622,9315179.777099257,1284674566.3365355,2.1475118029374154,2301852639429.6904,0.0
2030-01-24,True,712220.2577262563,874529.5042636355,0.0,3800.5815118014775,1105.4444839502044,30066825.731060445,1287681248.9096415,2.2922658374556417,2269504277104.2866,0.0
2030-01-25,True,719997.1950906503,858277.796496734,7776.937364394104,0.0,1031.3626850850314,24249523.333328135,1287681248.9096415,2.1725890501051777,2239278571351.4526,0.0
2030-01-26,False,719997.1950906503,873985.3772609571,0.0,0.0,1031.3626850850314,0.0,1287681248.9096415,2.3146605400729006,2305159047336.0435,0.0
2030-01-27,False,719997.1950906503,861866.7872715329,0.0,0.0,1031.3626850850314,0.0,1287681248.9096415,2.38246879946958,2273195952664.339,0.0
2030-01-28,True,719997.1950906503,861136.8338445632,0.0,0.0,1014.2192821665342,26148980.679746535,1287681248.9096415,2.106382626977608,2271270681612.795,0.0
2030-01-29,True,719997.1950906503,858867.5735595354,0.0,0.0,1007.6202904810475,41484118.442232504,1287681248.9096415,2.098206678533137,2265285448892.7856,0.0
2030-01-30,True,721533.8599504357,849884.963621547,0.0,1536.6648597853791,1039.5988945282243,12562425.42514314,1288937491.4521558,2.1876771485859106,2241593582751.801,0.0
2030-01-31,True,721533.8599504357,836954.106471858,0.0,0.0,1110.2636777366117,7764201.9056252865,1288937491.4521558,2.369734151470067,2212199477185.01,0.0
2030-02-01,True,729412.4952100365,858418.993738483,7878.635259600794,0.0,1014.6812337697145,12782713.38431213,1288937491.4521558,2.1115698374551757,2268934502465.2285,0.0
2030-02-02,False,729412.4952100365,860643.4753899167,0.0,0.0,1014.6812337697145,0.0,1288937491.4521558,2.589755747108343,2299653500870.2085,0.0
2030-02-03,False,729412.4952100365,862462.2466734394,0.0,0.0,1014.6812337697145,0.0,1288937491.4521558,2.8486212788975456,2304513287610.055,0.0
2030-02-04,True,733938.4505749185,884175.3906002307,0.0,4525.955364881966,1488.1783254765617,26890180.32366678,1291626509.4845226,2.974234517619065,2362531164784.482,0.0
2030-02-05,True,733938.4505749185,879623.3440342941,0.0,0.0,1437.181957673328,62406645.7766278,1291626509.4845226,2.8753606117633033,2364951896742.078,0.0
2030-02-06,True,733938.4505749185,880845.8696237174,0.0,0.0,1488.6371989879476,37750273.00750993,1291626509.4845226,2.974173188336868,2368238774280.2095,0.0
2030-02-07,True,733938.4505749185,896145.286621348,0.0,0.0,1309.7382459630364,45825009.23906387,1291626509.4845226,2.5720736128365975,2409372727230.626,0.0
2030-02-08,True,741952.5351190224,894786.4196453308,8014.084544103777,0.0,1245.8508803061145,53269111.028962545,1291626509.4845226,2.450326678517746,2405719282771.5312,0.0
2030-02-09,False,741952.5351190224,912016.9307144444,0.0,0.0,1245.8508803061145,0.0,1291626509.4845226,2.613708013993104,2478819752517.312,0.0
2030-02-10,False,741952.5351190224,930948.4825767708,0.0,0.0,1245.8508803061145,0.0,1291626509.4845226,2.3638159436732806,2530274833143.2593,0.0
2030-02-11,True,743795.9658706659,922202.555848172,0.0,1843.4307516435508,1263.358470572731,13456327.640120335,1292972142.2485347,2.3848501840370404,2506503809603.229,0.0
2030-02-12,True,743795.9658706659,929820.9213334209,0.0,0.0,1231.3087721887123,23089683.01035375,1292972142.2485347,2.3019877547552348,2533489196826.784,0.0
2030-02-13,True,743795.9658706659,930562.3438990675,0.0,0.0,1222.700557541239,17947519.87939533,1292972142.2485347,2.284073026970221,2535509355781.323,0.0
2030-02-14,True,748726.2853479416,926362.8065898136,0.0,4930.319477275672,1489.8968053324875,34898604.04017439,1296037632.806006,2.795827861183977,2524066848777.4927,0.0
2030-02-15,True,756901.8425032737,927309.4133119802,8175.557155332159,0.0,1334.648812395631,27462604.732590236,1296037632.806006,2.491362184221967,2543394178573.5522,0.0
2030-02-16,False,756901.8425032737,942693.0141663861,0.0,0.0,1334.648812395631,0.0,1296037632.806006,2.2328636710303624,2613820595316.5176,0.0
2030-02-17,False,756901.8425032737,931206.3168713282,0.0,0.0,1334.648812395631,0.0,1296037632.806006,2.1151461931402014,2581971238727.683,0.0
2030-02-18,True,756901.8425032737,942009.9706104666,0.0,0.0,1073.777043356379,39803957.3344901,1296037632.806006,1.9518060733900053,2611926709091.489,0.0
2030-02-19,True,756901.8425032737,939171.9757955029,0.0,0.0,992.9682559349126,17111379.562085867,1296037632.806006,1.8103739406888681,2604057753678.349,0.0
2030-02-20,True,756901.8425032737,917227.2237094643,0.0,0.0,943.6603649841182,13689918.567970043,1296037632.806006,1.7616386415804544,2543211174675.8247,0.0
2030-02-21,True,759295.1115365942,937797.1939542828,0.0,2393.269033320487,967.3800039045173,23200820.51279571,1298357714.8572855,1.7663071502252343,2600245873207.562,0.0
2030-02-22,True,767586.0727377853,933179.9566059938,8290.961201191118,0.0,954.9140392844704,14405619.700768132,1298357714.8572855,1.7497767246833078,2595624892421.7695,0.0
2030-02-23,False,767586.0727377853,934011.2013826843,0.0,0.0,954.9140392844704,0.0,1298357714.8572855,1.5149497272436312,2626304605693.151,0.0
2030-02-24,False,767586.0727377853,941712.138185762,0.0,0.0,954.9140392844704,0.0,1298357714.8572855,1.3990603052145123,2647958527791.8735,0.0
2030-02-25,True,767586.0727377853,947005.1527051451,0.0,0.0,730.7536741834289,6992322.475440623,1298357714.8572855,1.305226679137278,2662841720187.9365,0.0
2030-02-26,True,770605.8866296546,935978.6201429921,0.0,3019.8138918692225,1096.5784264603221,25775459.113527115,1300935260.7686381,1.9817143108412711,2631836703106.838,0.0
2030-02-27,True,770605.8866296546,942953.047336203,0.0,0.0,1051.2512041321927,17849052.9835675,1300935260.7686381,1.8820874582965608,2661879030721.7773,0.0
2030-02-28,True,770605.8866296546,948678.2529845731,0.0,0.0,1040.7425697476585,21457114.341267772,1300935260.7686381,1.8520288030605616,2678040816194.5723,0.0
2030-03-01,True,779020.3534296927,938347.7696604127,8414.466800038164,0.0,995.7487714390245,13062185.393991338,1300935260.7686381,1.7914690764550671,2648878709962.9995,0.0
2030-03-02,False,779020.3534296927,963423.3328400964,0.0,0.0,995.7487714390245,0.0,1300935260.7686381,1.7383958404246,2749361768136.474,0.0
2030-03-03,False,779020.3534296927,952654.2854742706,0.0,0.0,995.7487714390245,0.0,1300935260.7686381,1.6518360356417556,2718629683810.085,0.0
2030-03-04,True,782153.91943659,947851.3273525151,0.0,3133.56600689735,1014.4795205873878,29277621.07277081,1303863022.8759153,1.787351388920056,2704923279798.6855,0.0
2030-03-05,True,782153.91943659,959340.4399901208,0.0,0.0,1030.2727350877228,13314926.512684915,1303863022.8759153,1.7902727363416273,2748722531800.795,0.0
2030-03-06,True,782153.91943659,952337.8543252088,0.0,0.0,1134.2915414943873,32242827.564563278,1303863022.8759153,1.9855159915830534,2728658575153.4478,0.0
2030-03-07,True,782153.91943659,953746.1353231351,0.0,0.0,1096.0001614234695,18983885.402482864,1303863022.8759153,1.9156562023489423,2732693611673.066,0.0
2030-03-08,True,790694.4825205337,958448.9202610869,8540.563083943676,0.0,1044.627962968494,33464004.931318693,1303863022.8759153,1.8169058266443954,2746168130605.36,0.0
2030-03-09,False,790694.4825205337,960908.9681138871,0.0,0.0,1044.627962968494,0.0,1303863022.8759153,2.1404294909745576,2783279875083.1,0.0
2030-03-10,False,790694.4825205337,955757.4634300487,0.0,0.0,1044.627962968494,0.0,1303863022.8759153,2.207289346363838,2768358503976.462,0.0
2030-03-11,True,793943.4528410918,967714.4852876498,0.0,3248.970320558044,1319.0751806600126,23835454.472735267,1306246568.3231888,2.2477373788294135,2802992105500.1455,0.0
2030-03-12,True,793943.4528410918,957723.9687159151,0.0,0.0,1427.5045868747836,22087427.42608797,1306246568.3231888,2.4522951920946716,2785453114384.7686,0.0
2030-03-13,True,793943.4528410918,963149.1805861426,0.0,0.0,1440.3044714575026,17618040.90104712,1306246568.3231888,2.4603468711851666,2801231850005.6216,0.0
2030-03-14,True,799022.6694240482,980851.5304106547,0.0,5079.216582956431,1610.0420843497157,59508195.98988581,1309340870.8927345,2.7006577163202103,2852717525483.419,0.0
2030-03-15,True,807747.4272295614,967667.7987357802,8724.75780551323,0.0,1448.15682069722,48231456.85620652,1309340870.8927345,2.4523526850336173,2832378666893.6636,0.0
2030-03-16,False,807747.4272295614,976486.3903793094,0.0,0.0,1448.15682069722,0.0,1309340870.8927345,2.396513211069583,2889400227247.8022,0.0
2030-03-17,False,807747.4272295614,983641.8435907555,0.0,0.0,1448.15682069722,0.0,1309340870.8927345,2.559512542169793,2910573044748.292,0.0
2030-03-18,True,807747.4272295614,975804.0000331351,0.0,0.0,1308.2632385091838,20599451.33755937,1309340870.8927345,2.1732499844736135,2887381050287.699,0.0
2030-03-19,True,807747.4272295614,983500.4823961365,0.0,0.0,1162.0957272240344,20442612.411667943,1309340870.8927345,1.915333780051964,2910154760303.2856,0.0
2030-03-20,True,809993.5568836911,988945.3407439445,0.0,2246.1296541297024,1359.1328657412314,16343504.834216079,1310975221.376156,2.2277516134179134,2926265967896.6426,0.0
2030-03-21,True,809993.5568836911,980668.4800735562,0.0,0.0,1264.3778654913335,14248793.580062307,1310975221.376156,2.086736375058709,2909843992474.4355,0.0
2030-03-22,True,818838.108957452,987149.3499207959,8844.55207376087,0.0,1222.4536896117154,33677607.14425143,1310975221.376156,2.004298819748265,2929074059081.231,0.0
2030-03-23,False,818838.108957452,986076.8344255878,0.0,0.0,1222.4536896117154,0.0,1310975221.376156,2.2668786521591593,2957840337106.8857,0.0
2030-03-24,False,818838.108957452,969167.7471475549,0.0,0.0,1222.4536896117154,0.0,1310975221.376156,2.186432903480189,2907119765779.6406,0.0
2030-03-25,True,822859.1566324228,970265.7368097967,0.0,4021.047674970785,1256.7140034636425,31414625.07405157,1314079734.2361624,2.0736821801683623,2910413300319.0635,0.0
2030-03-26,True,822859.1566324228,978533.7676577428,0.0,0.0,1120.8669583630967,8361304.885592053,1314079734.2361624,1.8292558865396635,2949628003455.365,0.0
2030-03-27,True,822859.1566324228,959998.3207704885,0.0,0.0,1154.6591674693564,33965670.11168976,1314079734.2361624,1.920788496247995,2893755968169.274,0.0
2030-03-28,True,826656.5456451607,968826.2580279671,0.0,3797.3890127378904,1251.8852625844816,29387758.586534955,1317018510.094816,2.063549244433852,2920366323180.0513,0.0
2030-03-29,True,835683.0456746218,965263.6545676701,9026.500029461053,0.0,1287.671930613153,27007547.2750539,1317018510.094816,2.125328396389145,2923055000854.3447,0.0
2030-03-30,False,835683.0456746218,951769.1836817052,0.0,0.0,1287.671930613153,0.0,1317018510.094816,2.115464804405172,2913661898950.4907,0.0
2030-03-31,False,835683.0456746218,959525.1523079454,0.0,0.0,1287.671930613153,0.0,1317018510.094816,2.171700349456453,2937405334505.228,0.0
2030-04-01,True,835683.0456746218,950249.9523887392,0.0,0.0,1157.8698415939143,34380532.551131524,1317018510.094816,1.9203136688597664,2909011058799.4307,0.0
2030-04-02,True,837133.229502219,957974.6630397036,0.0,1450.1838275971381,1167.8652628213881,11895544.869891936,1318208064.5818052,1.9212726727927778,2932658803956.5786,0.0
2030-04-03,True,837133.229502219,964730.6568350137,0.0,0.0,1246.5410478147496,23810396.621017076,1318208064.5818052,2.0346508184893666,2958466019177.5654,0.0
2030-04-04,True,837133.229502219,976768.2521672955,0.0,0.0,1214.0956574113259,29406611.15930005,1318208064.5818052,1.9572700622444992,2995380795846.943,0.0
2030-04-05,True,846274.1274489802,964863.223057953,9140.89794676126,0.0,1118.632868524785,6591040.322909026,1318208064.5818052,1.8256234509802438,2958872549915.5264,0.0
2030-04-06,False,846274.1274489802,976890.0585083077,0.0,0.0,1118.632868524785,0.0,1318208064.5818052,1.861499951052182,3028465831230.837,0.0
2030-04-07,False,846274.1274489802,978865.3202114297,0.0,0.0,1118.632868524785,0.0,1318208064.5818052,1.9161597239535668,3034589358155.431,0.0
2030-04-08,True,847720.5638452253,974594.5279041507,0.0,1446.4363962449843,1183.2510701434787,11913692.979553571,1319399433.8797605,1.8911493939021693,3021349435748.371,0.0
2030-04-09,True,847720.5638452253,999428.5413757116,0.0,0.0,1234.1100325703844,10590392.535863869,1319399433.8797605,1.9218775346826056,3103633211145.6216,0.0
2030-04-10,True,847720.5638452253,992025.1121903367,0.0,0.0,1266.6590057287037,39283741.91127001,1319399433.8797605,1.9872871495430453,3080642544234.643,0.0
2030-04-11,True,847720.5638452253,1005733.3657765012,0.0,0.0,1176.5149987583402,29557233.939602934,1319399433.8797605,1.8206991308157636,3123212262163.9136,0.0
2030-04-12,True,856977.0679336938,1003914.9615053437,9256.50408846849,0.0,1148.4477318521485,17583817.795911588,1319399433.8797605,1.7804832107836008,3117565375314.469,0.0
2030-04-13,False,856977.0679336938,995413.0888818672,0.0,0.0,1148.4477318521485,0.0,1319399433.8797605,1.7293951236006533,3124916895839.146,0.0
2030-04-14,False,856977.0679336938,989715.6860735015,0.0,0.0,1148.4477318521485,0.0,1319399433.8797605,1.81970859593591,3107030944270.7754,0.0
2030-04-15,True,857762.7125027018,1001790.7257022143,0.0,785.6445690080652,1193.0449911081569,6596997.169398802,1320059133.5967004,1.8335253028470824,3144938317375.6206,0.0
2030-04-16,True,857762.7125027018,1001796.159279096,0.0,0.0,1155.4140960861348,20804781.873506077,1320059133.5967004,1.774943456145839,3147838552722.342,0.0
2030-04-17,True,857762.7125027018,995668.6449487421,0.0,0.0,1142.8801934783614,24202906.348880675,1320059133.5967004,1.7664937233085687,3128584709849.4297,0.0
2030-04-18,True,860025.3830123985,1010363.599127771,0.0,2262.6705096966994,1220.867937652661,18725366.186722074,1321931670.2153726,1.859590078021071,3174759116555.6025,0.0
2030-04-19,True,869416.2469521983,991701.9957299097,9390.863939799876,0.0,1107.847506134016,14528715.540372517,1321931670.2153726,1.7171037441227424,3124340661663.4463,0.0
2030-04-20,False,869416.2469521983,990725.6989284608,0.0,0.0,1107.847506134016,0.0,1321931670.2153726,1.8871592409512425,3155346841401.259,0.0
2030-04-21,False,869416.2469521983,995233.5978667786,0.0,0.0,1107.847506134016,0.0,1321931670.2153726,1.9149318170758443,3169703978489.518,0.0
2030-04-22,True,869416.2469521983,990366.9433535531,0.0,0.0,1314.7351671601532,15623243.52823481,1321931670.2153726,2.0184751148578433,3154204246360.73,0.0
2030-04-23,True,869416.2469521983,1003465.2364317096,0.0,0.0,1207.9058491286144,31622416.449446466,1321931670.2153726,1.830256712652496,3195920795892.664,0.0
2030-04-24,True,869416.2469521983,1016732.5368606299,0.0,0.0,1199.7104184279144,11392484.037467342,1321931670.2153726,1.7941178379636273,3238175614302.6367,0.0
2030-04-25,True,871691.2468508001,1009321.916767823,0.0,2274.9998986018427,1229.0019867255594,18683511.362103,1323800021.3515828,1.851416529554192,3214573645838.5566,0.0
2030-04-26,True,881209.4937053495,1010802.5373744906,9518.24685454936,0.0,1296.2247557454766,28763659.57088854,1323800021.3515828,1.9474830515626889,3227713159616.9897,0.0
2030-04-27,False,881209.4937053495,1018449.8135666965,0.0,0.0,1296.2247557454766,0.0,1323800021.3515828,2.411005555904798,3287643550751.097,0.0
2030-04-28,False,881209.4937053495,1017220.5624913764,0.0,0.0,1296.2247557454766,0.0,1323800021.3515828,2.4222923099952176,3283675422605.561,0.0
2030-04-29,True,881209.4937053495,1022971.827634579,0.0,0.0,1558.8808542092768,50138069.97468089,1323800021.3515828,2.2892460106757895,3302241000903.908,0.0
2030-04-30,True,884735.79767843,1039735.6531924908,0.0,3526.3039730804676,1579.7230085697854,23209283.810618933,1326120949.7326446,2.2824497427865635,3356356070932.1235,0.0
2030-05-01,True,884735.79767843,1037886.4187521079,0.0,0.0,1464.1865386024303,27468388.521461926,1326120949.7326446,2.11454103185241,3363793703291.224,0.0
2030-05-02,True,884735.79767843,1042750.0846388537,0.0,0.0,1398.4061225264404,21732000.303199504,1326120949.7326446,2.010122936631475,3379556862331.708,0.0
2030-05-03,True,894396.4817265759,1042810.2962121523,9660.684048145898,0.0,1380.246933753904,15072774.102215946,1326120949.7326446,1.9839056610063155,3379752008262.388,0.0
2030-05-04,False,894396.4817265759,1025179.9958085689,0.0,0.0,1380.246933753904,0.0,1326120949.7326446,2.0333672346461946,3358892695134.5464,0.0
2030-05-05,False,894396.4817265759,1039506.8387199391,0.0,0.0,1380.246933753904,0.0,1326120949.7326446,2.1698683072356397,3405833064821.9077,0.0
2030-05-06,True,898296.1999626833,1036786.2995612423,0.0,3899.7182361073774,1490.6060853226143,27124365.579590343,1328833386.2906036,2.13170298850196,3396919509012.845,0.0
2030-05-07,True,898296.1999626833,1036706.7232927392,0.0,0.0,1608.4033252511545,22901702.95620448,1328833386.2906036,2.295038713534934,3411468786225.318,0.0
2030-05-08,True,898296.1999626833,1038973.5856181743,0.0,0.0,1527.7673014230995,22393545.15104296,1328833386.2906036,2.1752224295087306,3418928301912.9653,0.0
2030-05-09,True,901423.957942737,1036652.1685696113,0.0,3127.7579800537465,1639.1094733511864,19781455.390862264,1330811531.82969,2.3389765533547893,3411289264157.108,0.0
2030-05-10,True,911266.8648014455,1024608.506778602,9842.906858708484,0.0,1598.8894139453876,11986364.542310854,1330811531.82969,2.3038167357033212,3383397142844.08,0.0
2030-05-11,False,911266.8648014455,1019877.1068355192,0.0,0.0,1598.8894139453876,0.0,1330811531.82969,2.227597687431117,3404547098710.19,0.0
2030-05-12,False,911266.8648014455,1023731.7044583838,0.0,0.0,1598.8894139453876,0.0,1330811531.82969,2.052185627659645,3417414491326.0884,0.0
2030-05-13,True,911266.8648014455,1011226.5993275288,0.0,0.0,1248.3475943967214,10933008.490097407,1330811531.82969,1.8028434672398002,3375670031030.8496,0.0
2030-05-14,True,914755.2509316736,1033896.7182723074,0.0,3488.3861302280434,1298.9189149851973,27766405.820262533,1333588172.4117162,1.8347456253683674,3451347274066.8657,0.0
2030-05-15,True,914755.2509316736,1022897.2334583629,0.0,0.0,1195.4855504321556,6667940.862058581,1333588172.4117162,1.7038413398343724,3427700276961.726,0.0
2030-05-16,True,914755.2509316736,1009840.2867837284,0.0,0.0,1249.611570264113,17962846.518615022,1333588172.4117162,1.8040109493173637,3383946810563.539,0.0
2030-05-17,True,924743.726003918,1018839.1926238656,9988.475072244464,0.0,1195.9017839306264,18289393.628511135,1333588172.4117162,1.7112233382474609,3414101894604.8784,0.0
2030-05-18,False,924743.726003918,1005183.0357552445,0.0,0.0,1195.9017839306264,0.0,1333588172.4117162,1.6969303516355179,3405120367820.6235,0.0
2030-05-19,False,924743.726003918,1003214.5795159915,0.0,0.0,1195.9017839306264,0.0,1333588172.4117162,1.5884203332908018,3398452099261.5464,0.0
2030-05-20,True,924743.726003918,1006999.3714271833,0.0,0.0,1091.2719841035287,29278834.500908434,1333588172.4117162,1.5628026823279533,3411273318448.835,0.0
2030-05-21,True,929501.2413830743,1012022.7720424382,0.0,4757.515379156365,1526.8704462260926,47291757.31509923,1336741494.2367268,2.1757662999438323,3428290402046.8237,0.0
2030-05-22,True,929501.2413830743,996612.9171368777,0.0,0.0,1464.2344258943615,30953927.53054168,1336741494.2367268,2.112912716243636,3393457468171.6724,0.0
2030-05-23,True,929501.2413830743,1002231.2544843096,0.0,0.0,1509.5546508870307,9553047.426000914,1336741494.2367268,2.1660992586154006,3412587853201.3223,0.0
2030-05-24,True,939650.7321563922,986899.7846284024,10149.490773317899,0.0,1482.9035556071262,39872072.64423839,1336741494.2367268,2.160913125952679,3360384344711.745,0.0
2030-05-25,False,939650.7321563922,975205.0613263356,0.0,0.0,1482.9035556071262,0.0,1336741494.2367268,2.0668830807535423,3356822113828.4644,0.0
2030-05-26,False,939650.7321563922,995448.2570039977,0.0,0.0,1482.9035556071262,0.0,1336741494.2367268,2.3715021221111203,3426502645236.8154,0.0
2030-05-27,True,945491.1038931796,978990.9316186068,0.0,5840.371736787374,1809.2052571123807,48513116.43753069,1339901816.1212223,2.62899732931046,3369853724944.077,0.0
2030-05-28,True,945491.1038931796,984780.3262829051,0.0,0.0,1760.9840474544394,19203046.66683011,1339901816.1212223,2.5341457345449956,3410850898616.7456,0.0
2030-05-29,True,945491.1038931796,987972.5506400404,0.0,0.0,1623.2628763973166,13593083.173530638,1339901816.1212223,2.3284102737582892,3421907375910.7417,0.0
2030-05-30,True,945491.1038931796,982079.5316408642,0.0,0.0,1551.7645605262774,8918600.665207436,1339901816.1212223,2.239209347212442,3401496520197.595,0.0
2030-05-31,True,959720.3126645836,980732.6069136752,10324.088670327112,3905.1201010769305,1602.1733766766886,23904270.74118724,1342292243.1953409,2.3151248940643216,3396831358543.278,0.0
2030-06-01,False,959720.3126645836,990323.9627903369,0.0,0.0,1602.1733766766886,0.0,1342292243.1953409,2.133696124091107,3481672354089.9565,0.0
2030-06-02,False,959720.3126645836,990872.1170875381,0.0,0.0,1602.1733766766886,0.0,1342292243.1953409,2.090699615816861,3483599494837.883,0.0
2030-06-03,True,959720.3126645836,1002055.8049030454,0.0,0.0,1479.1606593302354,22632437.0246413,1342292243.1953409,2.064552033387601,3522917877657.09,0.0
2030-06-04,True,959720.3126645836,1016159.8637178317,0.0,0.0,1507.747925156647,24886212.197328996,1342292243.1953409,2.075243661395913,3572503380483.397,0.0
2030-06-05,True,959720.3126645836,1004101.0459120572,0.0,0.0,1395.830538805721,22769887.105235524,1342292243.1953409,1.9442749020949166,3530108311642.412,0.0
2030-06-06,True,959720.3126645836,1015859.0191558308,0.0,0.0,1374.7259810969133,13804899.094014488,1342292243.1953409,1.8927144310632615,3571445704173.672,0.0
2030-06-07,True,972259.1872105859,1026120.300081624,10479.46148394712,2059.4130620552764,1379.710308313119,15316298.910688384,1343823873.0864098,1.8805809101990911,3607521190034.0986,0.0
2030-06-08,False,972259.1872105859,1015394.1760916897,0.0,0.0,1379.710308313119,0.0,1343823873.0864098,1.9063652999567828,3616451525216.309,0.0
2030-06-09,False,972259.1872105859,1027147.2618489745,0.0,0.0,1379.710308313119,0.0,1343823873.0864098,1.7723834855248677,3658311588937.1123,0.0
2030-06-10,True,972259.1872105859,1033773.0523559076,0.0,0.0,1384.50261807008,19173718.513506886,1343823873.0864098,1.8510956944282277,3681910158585.0024,0.0
2030-06-11,True,972259.1872105859,1017676.2905347169,0.0,0.0,1404.2516305352656,18812130.75170016,1343823873.0864098,1.9071970955417814,3624579557120.107,0.0
2030-06-12,True,972259.1872105859,1028060.2356429846,0.0,0.0,1388.2013059892795,18283410.865023818,1343823873.0864098,1.8663546954412682,3661563257646.242,0.0
2030-06-13,True,972259.1872105859,1014291.369943906,0.0,0.0,1387.8025582315104,33788370.32024137,1343823873.0864098,1.8911468332675208,3612523745178.687,0.0
2030-06-14,True,982875.5642637076,1004740.3148579763,10616.377053121696,0.0,1365.0759854415448,30352257.952272438,1343823873.0864098,1.877860360130606,3578506485136.99,0.0
2030-06-15,False,982875.5642637076,1006258.8713769681,0.0,0.0,1365.0759854415448,0.0,1343823873.0864098,1.9015200521700246,3623048807777.904,0.0
2030-06-16,False,982875.5642637076,1006981.7157597835,0.0,0.0,1365.0759854415448,0.0,1343823873.0864098,2.0072957810813783,3625651418849.3315,0.0
2030-06-17,True,984437.2296574687,984076.6470388642,0.0,1561.6653937611075,1469.7963811214222,10455859.493384484,1344869459.0357482,2.04207675638281,3543181406130.001,0.0
2030-06-18,True,984437.2296574687,988653.4525864845,0.0,0.0,1501.112520757667,17647273.49802424,1344869459.0357482,2.074250778136612,3565316108507.173,0.0
2030-06-19,True,984437.2296574687,988165.8114774593,0.0,0.0,1450.1267668470398,48634359.687671624,1344869459.0357482,2.0047870414106406,3563557560356.0186,0.0
2030-06-20,True,984437.2296574687,963380.9634183359,0.0,0.0,1449.366644304465,22978412.7209116,1344869459.0357482,2.055286187309968,3474177588232.4043,0.0
2030-06-21,True,997494.5717878029,984031.1097252092,10749.352593065889,2307.9895372681335,1461.5058557490956,15539681.190179447,1346423427.154766,2.0290083425434386,3548646856587.5713,0.0
2030-06-22,False,997494.5717878029,970126.4642398317,0.0,0.0,1461.5058557490956,0.0,1346423427.154766,2.191842512213109,3544906766117.722,0.0
2030-06-23,False,997494.5717878029,977307.8178014194,0.0,0.0,1461.5058557490956,0.0,1346423427.154766,2.1388277482706135,3571147910719.734,0.0
2030-06-24,True,997494.5717878029,982464.313318419,0.0,0.0,1488.0877769797607,41489880.96368983,1346423427.154766,2.044480081791273,3589990089055.721,0.0
2030-06-25,True,997494.5717878029,978361.1714319579,0.0,0.0,1516.3622038616772,12260929.154111225,1346423427.154766,2.0920634932711883,3574996935099.186,0.0
2030-06-26,True,997494.5717878029,976131.2348716892,0.0,0.0,1505.0652211842996,32346965.625730272,1346423427.154766,2.0812211418793107,3566848598266.9326,0.0
2030-06-27,True,999795.1447345924,990727.0033967553,0.0,2300.5729467895035,1549.8949839758575,14705768.876169942,1347894004.0423832,2.111637621707305,3620182509368.654,0.0
2030-06-28,True,1010712.1948093106,996333.9090333609,10917.050074718232,0.0,1577.6887240645476,24044010.42544797,1347894004.0423832,2.134819339000454,3649067181644.916,0.0
2030-06-29,False,1010712.1948093106,990646.153549314,0.0,0.0,1577.6887240645476,0.0,1347894004.0423832,2.0461898310499875,3667853557993.359,0.0
2030-06-30,False,1010712.1948093106,1015412.6491674357,0.0,0.0,1577.6887240645476,0.0,1347894004.0423832,1.9521881221086839,3759551162376.61,0.0
2030-07-01,True,1010712.1948093106,999962.3672380638,0.0,0.0,1536.9651596714787,17849287.33965514,1347894004.0423832,2.0497863776009764,3702346709158.2627,0.0
2030-07-02,True,1013875.6012583789,1004605.3277454053,0.0,3163.4064490683227,1567.8924208656276,20269088.173815284,1349920912.8597648,2.0813687005413444,3719537205639.232,0.0
2030-07-03,True,1013875.6012583789,1013155.6805579235,0.0,0.0,1520.3191453779473,39721660.53163917,1349920912.8597648,1.9979390454351975,3762935551750.77,0.0
2030-07-04,True,1013875.6012583789,999967.4862425285,0.0,0.0,1460.6207180827516,34442997.83291611,1349920912.8597648,1.944801276250223,3713953617182.265,0.0
2030-07-05,True,1028581.6807010482,1016284.1063732862,11070.798619862326,3635.280822807025,1577.6229429940342,23418004.529085707,1352262713.3126733,2.0668632020734163,3774554757907.874,0.0
2030-07-06,False,1028581.6807010482,1023118.141914862,0.0,0.0,1577.6229429940342,0.0,1352262713.3126733,1.9150436143998184,3855054260864.655,0.0
2030-07-07,False,1028581.6807010482,1008407.3076358384,0.0,0.0,1577.6229429940342,0.0,1352262713.3126733,1.6767946128941975,3799624626646.5737,0.0
2030-07-08,True,1028581.6807010482,1006488.9289267411,0.0,0.0,1253.099966520458,16698878.41861358,1352262713.3126733,1.6368127684885452,3792396278605.9297,0.0
2030-07-09,True,1028581.6807010482,1012763.8936205615,0.0,0.0,1370.8272451408695,32425809.30162421,1352262713.3126733,1.7794951376233108,3816040008873.8857,0.0
2030-07-10,True,1030153.1799945547,998205.3399187241,0.0,1571.4992935064402,1437.273910810371,10914266.060615893,1353354139.918735,1.8929621993036578,3761184159699.6606,0.0
2030-07-11,True,1030153.1799945547,1003597.6787092433,0.0,0.0,1409.9968529451778,21389606.624949474,1353354139.918735,1.8457298822827075,3787279700376.2383,0.0
2030-07-12,True,1041401.7181674583,1017239.4150581155,11248.538172903634,0.0,1374.7765648297568,16550039.675771596,1353354139.918735,1.7754914657888772,3838759563520.617,0.0
2030-07-13,False,1041401.7181674583,1000670.7892002328,0.0,0.0,1374.7765648297568,0.0,1353354139.918735,1.7062996364743028,3817468276238.908,0.0
2030-07-14,False,1041401.7181674583,1009024.0194046106,0.0,0.0,1374.7765648297568,0.0,1353354139.918735,1.6567620920763342,3849335091632.629,0.0
2030-07-15,True,1041401.7181674583,1002350.9029605923,0.0,0.0,1153.6816954493086,28642717.152237,1353354139.918735,1.4957512761971434,3823877757808.537,0.0
2030-07-16,True,1041401.7181674583,982278.2638487944,0.0,0.0,1103.455386077536,27342563.23264505,1353354139.918735,1.4598674009491108,3747302460661.187,0.0
2030-07-17,True,1041401.7181674583,995477.1353708538,0.0,0.0,1097.617725220545,28207173.40199308,1353354139.918735,1.432890450412039,3797654958067.3374,0.0
2030-07-18,True,1045191.7554185269,995973.5799555208,0.0,3790.037251068658,1181.1256889040071,32120798.25138031,1356550054.6334631,1.5411377661410959,3799548849118.5503,0.0
2030-07-19,True,1056604.5041117761,986593.5509018843,11412.748693249294,0.0,1284.4565094865325,23559432.69370481,1356550054.6334631,1.6897442593261887,3777462590056.9707,0.0
2030-07-20,False,1056604.5041117761,990451.1397279256,0.0,0.0,1284.4565094865325,0.0,1356550054.6334631,1.7262823968589291,3833640974412.2446,0.0
2030-07-21,False,1056604.5041117761,982146.463345335,0.0,0.0,1284.4565094865325,0.0,1356550054.6334631,1.609228970086308,3801496887356.846,0.0
2030-07-22,True,1056604.5041117761,967144.9885750712,0.0,0.0,1086.9873713298464,7514990.105338637,1356550054.6334631,1.4429665983413325,3743432167100.4863,0.0
2030-07-23,True,1056604.5041117761,963423.7765169095,0.0,0.0,984.3944911430476,16388471.610726364,1356550054.6334631,1.311822815653428,3729028840728.865,0.0
2030-07-24,True,1056604.5041117761,961486.581996088,0.0,0.0,867.1205433764692,16842522.60006246,1356550054.6334631,1.157869497343299,3721530734065.6045,0.0
2030-07-25,True,1056604.5041117761,953666.6885815986,0.0,0.0,852.6145717150031,8911887.797540179,1356550054.6334631,1.1478351057122689,3691263048354.6685,0.0
2030-07-26,True,1069741.3413212108,971543.4417006487,11537.36777109794,1599.4694383367357,907.4016232842057,17125316.983590677,1358262586.3318222,1.199114605774081,3760456823289.8647,0.0
2030-07-27,False,1069741.3413212108,960478.9211123467,0.0,0.0,907.4016232842057,0.0,1358262586.3318222,1.1865655356203124,3763852039103.2046,0.0
2030-07-28,False,1069741.3413212108,947713.480868205,0.0,0.0,907.4016232842057,0.0,1358262586.3318222,1.57147438552803,3713827798865.5127,0.0
2030-07-29,True,1069741.3413212108,964270.8067307392,0.0,0.0,1483.9235188167502,11159770.769926613,1358262586.3318222,1.953968047293664,3778711393226.5664,0.0
2030-07-30,True,1069741.3413212108,947380.7399729276,0.0,0.0,1567.8185595323268,21906802.884751134,1358262586.3318222,2.1012426535735678,3712523879050.4565,0.0
2030-07-31,True,1074229.2945096076,962108.2695917387,0.0,4487.953188396736,1603.9270683570016,26920780.634497233,1360954664.3952718,2.116730791384479,3770237006499.956,0.0
2030-08-01,True,1074229.2945096076,974125.5587855033,0.0,0.0,1534.815074073866,15296989.634563785,1360954664.3952718,1.9961252322743106,3833344531609.185,0.0
2030-08-02,True,1085959.1124244602,985505.6533570909,11729.817914852756,0.0,1744.0329235099248,12997835.727509242,1360954664.3952718,2.2420341642426243,3878127078275.53,0.0
2030-08-03,False,1085959.1124244602,988760.742419278,0.0,0.0,1744.0329235099248,0.0,1360954664.3952718,2.42982921214611,3933422640851.36,0.0
2030-08-04,False,1085959.1124244602,1002552.5960710541,0.0,0.0,1744.0329235099248,0.0,1360954664.3952718,2.124066248789668,3988288481580.9067,0.0
2030-08-05,True,1091727.373787468,995440.4447703642,0.0,5768.261363007725,1787.2661726728536,32947028.771825243,1364167370.339433,2.2501120112342665,3959995391300.193,0.0
2030-08-06,True,1091727.373787468,995525.902811635,0.0,0.0,1762.4096974821541,34693823.845018014,1364167370.339433,2.21211533701299,3981371367284.744,0.0
2030-08-07,True,1091727.373787468,1030177.0810737662,0.0,0.0,2167.678803227498,33398103.410768624,1364167370.339433,2.629277982797803,4119950593185.24,0.0
2030-08-08,True,1091727.373787468,1016305.7922662976,0.0,0.0,2122.974763223227,53029783.669133015,1364167370.339433,2.6102006187235753,4064475640771.2275,0.0
2030-08-09,True,1105923.0926524657,1036090.9596524996,11920.884463529088,2274.8344014686236,2129.0816628212933,11070197.06771096,1365274390.046204,2.5677213532340786,4143601757636.582,0.0
2030-08-10,False,1105923.0926524657,1039740.314004485,0.0,0.0,2129.0816628212933,0.0,1365274390.046204,2.590764790314672,4212265473409.834,0.0
2030-08-11,False,1105923.0926524657,1030322.6426117922,0.0,0.0,2129.0816628212933,0.0,1365274390.046204,2.175017140620031,4174111973431.965,0.0
2030-08-12,True,1105923.0926524657,1025912.5306725898,0.0,0.0,1560.1095327861594,11234383.034610536,1365274390.046204,1.8773263386978027,4156245433099.5737,0.0
2030-08-13,True,1105923.0926524657,1027111.7213325843,0.0,0.0,1519.869150707044,9704728.505556636,1365274390.046204,1.8267685741134487,4161103674474.9365,0.0
2030-08-14,True,1108525.6289140244,1026562.0853516927,0.0,2602.5362615588783,1755.6404366156405,15217609.461191647,1366796150.9923232,2.1112777562158778,4158876952442.455,0.0
2030-08-15,True,1108525.6289140244,1031024.8210751822,0.0,0.0,2239.408678405114,34887240.81874096,1366796150.9923232,2.6780719759960268,4186786194989.6465,0.0
2030-08-16,True,1120629.9383455086,1041193.5844110791,12104.309431484087,0.0,1970.4959154483977,35075307.59164005,1366796150.9923232,2.3334691537128847,4228079515077.18,0.0
2030-08-17,False,1120629.9383455086,1020756.4600167946,0.0,0.0,1970.4959154483977,0.0,1366796150.9923232,2.4116515696547958,4190349838387.7783,0.0
2030-08-18,False,1120629.9383455086,1024071.1143093887,0.0,0.0,1970.4959154483977,0.0,1366796150.9923232,2.4694615406773295,4203956963714.278,0.0
2030-08-19,True,1120629.9383455086,1023451.6476458281,0.0,0.0,1855.2215401840242,16706558.018330388,1366796150.9923232,2.2109044557357285,4201413965325.128,0.0
2030-08-20,True,1120629.9383455086,1015361.3082768767,0.0,0.0,1811.6399593842116,34012311.95496653,1366796150.9923232,2.176169943775782,4168201976378.5874,0.0
2030-08-21,True,1120629.9383455086,1029376.9795775973,0.0,0.0,1648.0413812832512,9428777.354397567,1366796150.9923232,1.9526984747701956,4225738292111.4355,0.0
2030-08-22,True,1125980.2386506523,1037358.3796031683,0.0,5350.300305143775,1720.744379446602,37261133.99256089,1370021603.2566037,2.0231545804731534,4258503069624.29,0.0
2030-08-23,True,1138275.1399744186,1037331.6686137728,12294.901323766198,0.0,1816.098756545792,40901965.18221638,1370021603.2566037,2.130190636061605,4278724556725.496,0.0
2030-08-24,False,1138275.1399744186,1048302.8100061228,0.0,0.0,1816.098756545792,0.0,1370021603.2566037,1.9395857082412407,4371192427407.0303,0.0
2030-08-25,False,1138275.1399744186,1041268.9366050155,0.0,0.0,1816.098756545792,0.0,1370021603.2566037,1.836175532352263,4341862720520.068,0.0
2030-08-26,True,1138275.1399744186,1041931.3343350159,0.0,0.0,1385.919525360709,25688252.059205744,1370021603.2566037,1.6009548306024133,4344624773539.1675,0.0
2030-08-27,True,1139264.7958001057,1056625.4993192912,0.0,989.6558256870946,1415.0557450733272,7389783.650655293,1370760581.6216693,1.611879701303515,4405896213521.246,0.0
2030-08-28,True,1139264.7958001057,1064322.3869474002,0.0,0.0,1452.9452395723363,6853802.908108346,1370760581.6216693,1.642528745398926,4441849086753.062,0.0
2030-08-29,True,1139264.7958001057,1060868.7814445707,0.0,0.0,1693.2631640488848,33241509.166297853,1370760581.6216693,1.9204354792021465,4427435789957.956,0.0
2030-08-30,True,1151704.7550153658,1073677.2305547972,12439.959215260096,0.0,1422.2728822632862,18254054.59191561,1370760581.6216693,1.5938451164465186,4480890644126.869,0.0
2030-08-31,False,1151704.7550153658,1076339.1884469406,0.0,0.0,1422.2728822632862,0.0,1370760581.6216693,1.3047155460140354,4541049512075.433,0.0
2030-09-01,False,1151704.7550153658,1058364.4046168672,0.0,0.0,1422.2728822632862,0.0,1370760581.6216693,1.4239383173907139,4465214325344.943,0.0
2030-09-02,True,1151704.7550153658,1075435.8161585801,0.0,0.0,1253.475230267104,6853802.908108346,1370760581.6216693,1.387240334255084,4537238205813.137,0.0
2030-09-03,True,1154029.9100695397,1064312.3281087398,0.0,2325.155054173821,1427.385613354025,17337229.447805576,1372494304.5664499,1.5962197120870252,4490308473509.895,0.0
2030-09-04,True,1154029.9100695397,1068466.990182527,0.0,0.0,1372.9692229006992,13336313.187136758,1372494304.5664499,1.5282456862509972,4516937681342.65,0.0
2030-09-05,True,1154029.9100695397,1078486.193192503,0.0,0.0,1409.125531853671,9453791.739816433,1372494304.5664499,1.553919727606256,4559293800931.38,0.0
2030-09-06,True,1166631.0938043299,1068915.052583663,12601.18373479018,0.0,1394.2275716377815,7603355.029768665,1372494304.5664499,1.5512577347736642,4518831862409.43,0.0
2030-09-07,False,1166631.0938043299,1065659.1802598583,0.0,0.0,1394.2275716377815,0.0,1372494304.5664499,1.5267640322517573,4554259808768.347,0.0
2030-09-08,False,1166631.0938043299,1068857.6482081835,0.0,0.0,1394.2275716377815,0.0,1372494304.5664499,1.5891818912066067,4567928957682.485,0.0
2030-09-09,True,1166631.0938043299,1073099.243312961,0.0,0.0,1286.8773694170663,13007297.461829005,1372494304.5664499,1.4108286764996953,4586056072306.549,0.0
2030-09-10,True,1166631.0938043299,1059149.348974927,0.0,0.0,1228.1298460284274,25081673.222703543,1372494304.5664499,1.364156151362142,4526439034986.249,0.0
2030-09-11,True,1168314.540645075,1082421.4278512972,0.0,1683.446840745136,1299.0941323479651,14026688.965007389,1373896973.4629507,1.4119562616064447,4625895873961.064,0.0
2030-09-12,True,1168314.540645075,1076306.2657622497,0.0,0.0,1126.6368449595227,16270487.112741422,1373896973.4629507,1.2309558212764073,4606399229250.475,0.0
2030-09-13,True,1181071.7023600677,1076932.1775374473,12757.161714992686,0.0,1014.8231907494401,9998215.343935259,1373896973.4629507,1.1081445495973257,4609078020232.712,0.0
2030-09-14,False,1181071.7023600677,1087611.8791947446,0.0,0.0,1014.8231907494401,0.0,1373896973.4629507,1.3002855097385404,4705612178024.993,0.0
2030-09-15,False,1181071.7023600677,1073575.902062368,0.0,0.0,1014.8231907494401,0.0,1373896973.4629507,1.4954725652281338,4644884756609.283,0.0
2030-09-16,True,1182905.2965879692,1089563.8792552913,0.0,1833.5942279014114,1604.8447513669737,12448668.559564233,1375141840.318907,1.7133979049721841,4714057612864.501,0.0
2030-09-17,True,1182905.2965879692,1091400.2888455987,0.0,0.0,1640.5315479235758,10629593.920097664,1375141840.318907,1.7474229763760283,4729333770464.353,0.0
2030-09-18,True,1182905.2965879692,1090806.707952706,0.0,0.0,1757.226181706986,7335489.518261366,1375141840.318907,1.872739562255681,4726761623296.214,0.0
2030-09-19,True,1182905.2965879692,1089198.0665098366,0.0,0.0,1510.8513712909867,33471674.066920865,1375141840.318907,1.6125470725194655,4719790943172.629,0.0
2030-09-20,True,1199873.4357872845,1098463.344290522,12916.482365923486,4051.6568333919768,1771.1646324305336,25128079.195087764,1377654648.2384157,1.87443714575724,4759939907350.819,0.0
2030-09-21,False,1199873.4357872845,1089440.7823141355,0.0,0.0,1771.1646324305336,0.0,1377654648.2384157,1.7759907419916712,4788560641820.144,0.0
2030-09-22,False,1199873.4357872845,1089287.799265967,0.0,0.0,1771.1646324305336,0.0,1377654648.2384157,1.9639175665260589,4787888215548.595,0.0
2030-09-23,True,1199873.4357872845,1103624.5647053467,0.0,0.0,2045.013649965257,29819135.91268802,1377654648.2384157,2.1275500032257106,4850904463727.034,0.0
2030-09-24,True,1199873.4357872845,1089707.8394054216,0.0,0.0,2129.834177780286,13789493.45607168,1377654648.2384157,2.2440919097623984,4789734472557.172,0.0
2030-09-25,True,1199873.4357872845,1105738.076457887,0.0,0.0,1911.991183530843,36483973.08808694,1377654648.2384157,1.9853566906443616,4860194256580.888,0.0
2030-09-26,True,1203378.0005408938,1103172.8912543308,0.0,3504.5647536092815,2127.7571477236925,18170028.64242862,1379471651.1026585,2.214539342985904,4848919164713.447,0.0
2030-09-27,True,1216518.0302358835,1092877.8930561452,13140.029694989873,0.0,2038.2551800266333,40230395.2273323,1379471651.1026585,2.1379504020516213,4817698673053.53,0.0
2030-09-28,False,1216518.0302358835,1109924.269837903,0.0,0.0,2038.2551800266333,0.0,1379471651.1026585,2.2245920238158843,4946270034825.527,0.0
2030-09-29,False,1216518.0302358835,1119694.534158787,0.0,0.0,2038.2551800266333,0.0,1379471651.1026585,1.931432146620134,4989810271719.14,0.0
2030-09-30,True,1216518.0302358835,1117328.8988332083,0.0,0.0,1865.7342461803219,10380292.420667976,1379471651.1026585,1.8934898501615982,4979268046954.613,0.0
2030-10-01,True,1216518.0302358835,1129864.3698157626,0.0,0.0,1531.9375186166278,12588123.592492882,1379471651.1026585,1.5374782085393774,5035131159581.647,0.0
2030-10-02,True,1216518.0302358835,1140776.554826946,0.0,0.0,1487.8342140175853,11400451.269888802,1379471651.1026585,1.4789319261871996,5083760255459.667,0.0
2030-10-03,True,1216518.0302358835,1131804.871311127,0.0,0.0,1468.4522567554313,20259703.03208323,1379471651.1026585,1.4712365381422199,5043778816597.433,0.0
2030-10-04,True,1232751.465184292,1143330.1783651179,13283.509449736597,2949.925498671927,1613.5322905586218,20902828.324512217,1381561933.9351096,1.600295647395017,5095140231490.761,0.0
2030-10-05,False,1232751.465184292,1154029.6796824865,0.0,0.0,1613.5322905586218,0.0,1381561933.9351096,1.5169828499771492,5211448256570.946,0.0
2030-10-06,False,1232751.465184292,1151852.5657584881,0.0,0.0,1613.5322905586218,0.0,1381561933.9351096,1.5545269733695077,5201616692649.038,0.0
2030-10-07,True,1232751.465184292,1172074.3054426883,0.0,0.0,1566.4589939019513,8993746.042523997,1381561933.9351096,1.4978168657580424,5292935444564.545,0.0
2030-10-08,True,1232751.465184292,1171567.3212445772,0.0,0.0,1512.6446589721638,9562262.921526743,1381561933.9351096,1.4469865696876887,5290645969725.316,0.0
2030-10-09,True,1236173.5462046303,1153993.330138783,0.0,3422.0810203381943,1881.3513111920033,20990543.601145484,1383660988.2952242,1.827096278385444,5211284106749.242,0.0
2030-10-10,True,1236173.5462046303,1169621.9097023357,0.0,0.0,2064.796285769531,29954568.318666,1383660988.2952242,1.975977368181812,5296523030380.13,0.0
2030-10-11,True,1249671.6798733436,1159482.9696220895,13498.133668713172,0.0,1954.9058849756002,12713306.129320571,1383660988.2952242,1.8871730705692322,5250609791928.283,0.0
2030-10-12,False,1249671.6798733436,1161604.0327034518,0.0,0.0,1954.9058849756002,0.0,1383660988.2952242,1.7770923432708572,5317652622101.425,0.0
2030-10-13,False,1249671.6798733436,1170230.3872520078,0.0,0.0,1954.9058849756002,0.0,1383660988.2952242,1.5802465445933633,5357142806013.361,0.0
2030-10-14,True,1249671.6798733436,1172495.013512743,0.0,0.0,1592.1474549923817,14851117.570918925,1383660988.2952242,1.503509065427548,5367509932361.442,0.0
2030-10-15,True,1249671.6798733436,1167749.7215590314,0.0,0.0,1447.595240792657,20398686.08994987,1383660988.2952242,1.372559381828406,5345786682880.668,0.0
2030-10-16,True,1249671.6798733436,1170253.7165137818,0.0,0.0,1392.7513442623522,16021953.137188066,1383660988.2952242,1.3177327074813123,5357249603946.694,0.0
2030-10-17,True,1249671.6798733436,1165893.012061052,0.0,0.0,1275.4692106413524,17679898.78562205,1383660988.2952242,1.21128140027109,5337286939549.516,0.0
2030-10-18,True,1264944.1703004143,1158801.844544759,13645.523663506256,1626.9667635645794,1282.8969105336855,14695897.005842445,1385130577.9958084,1.2257907785272555,5304824616352.328,0.0
2030-10-19,False,1264944.1703004143,1197646.955481582,0.0,0.0,1282.8969105336855,0.0,1385130577.9958084,1.2755269713298016,5549656425086.109,0.0
2030-10-20,False,1264944.1703004143,1183889.688091628,0.0,0.0,1282.8969105336855,0.0,1385130577.9958084,1.3042051208671035,5485907999882.135,0.0
2030-10-21,True,1264944.1703004143,1204870.9113279486,0.0,0.0,1355.048474886466,8235286.720109579,1385130577.9958084,1.2314978874162665,5583130791462.473,0.0
2030-10-22,True,1264944.1703004143,1219737.0746327366,0.0,0.0,1297.0991357626046,17192529.31912113,1385130577.9958084,1.1644646371124274,5652017618522.14,0.0
2030-10-23,True,1266050.579952217,1211208.2991382047,0.0,1106.4096518025312,1545.8447344479378,8668998.397102408,1385997477.8355186,1.3975469025389544,5612496978900.663,0.0
2030-10-24,True,1266050.579952217,1222103.6505768925,0.0,0.0,1779.5992316199533,28986349.757358443,1385997477.8355186,1.5941366686416913,5667937104332.7705,0.0
2030-10-25,True,1279874.9495255793,1233473.3490166648,13824.369573362454,0.0,2010.9800469470779,6929987.389177593,1385997477.8355186,1.7847992493328897,5720668094557.241,0.0
2030-10-26,False,1279874.9495255793,1244100.0328176992,0.0,0.0,2010.9800469470779,0.0,1385997477.8355186,1.696460528594259,5832956865586.841,0.0
2030-10-27,False,1279874.9495255793,1254860.4060956687,0.0,0.0,2010.9800469470779,0.0,1385997477.8355186,1.6676403642659254,5883406822609.876,0.0
2030-10-28,True,1285988.8962989831,1282334.1612498327,0.0,6113.946773403721,2547.0400397683284,30781309.618956354,1389075608.7974143,2.150945771316425,6012217388097.108,0.0
2030-10-29,True,1285988.8962989831,1256341.7465477043,0.0,0.0,2517.0275453505296,32831501.030449074,1389075608.7974143,2.1640577392783653,5918490218902.169,0.0
2030-10-30,True,1285988.8962989831,1263738.9841011362,0.0,0.0,2517.666346871991,24845507.44465313,1389075608.7974143,2.15193653339424,5953337805736.871,0.0
2030-10-31,True,1289288.7542589956,1267979.8613451181,0.0,3299.8579600125026,2604.8223588572464,16063104.742508639,1390681919.271665,2.2189852829054466,5973316120201.898,0.0
2030-11-01,True,1303366.868125765,1248708.252111752,14078.113866769158,0.0,2472.982820178169,33314076.106928237,1390681919.271665,2.136179442204282,5897624270318.605,0.0
2030-11-02,False,1303366.868125765,1263654.6631757617,0.0,0.0,2472.982820178169,0.0,1390681919.271665,2.134597649144618,6033384534562.062,0.0
2030-11-03,False,1303366.868125765,1268494.0049507904,0.0,0.0,2472.982820178169,0.0,1390681919.271665,2.3177560471059544,6056490222115.606,0.0
2030-11-04,True,1303366.868125765,1257850.3557712892,0.0,0.0,2748.551986891586,53518115.36038747,1390681919.271665,2.331503706197525,6005671568711.108,0.0
2030-11-05,True,1303366.868125765,1254529.9968346257,0.0,0.0,2572.7347830515355,31900906.786589835,1390681919.271665,2.1881399703950826,5989818343267.921,0.0
2030-11-06,True,1306348.6342101884,1240173.6824414276,0.0,2981.766084423528,2656.7093658124163,13919128.19928525,1392073832.0915935,2.28571809876267,5921273377813.87,0.0
2030-11-07,True,1306348.6342101884,1221296.6101092899,0.0,0.0,2584.4178998634175,31438344.48456149,1392073832.0915935,2.254990740472357,5844483967772.462,0.0
2030-11-08,True,1320613.0298014455,1230053.6753132618,14264.395591257124,0.0,2583.0375745256633,33006181.85051711,1392073832.0915935,2.2377410818528247,5886390681314.206,0.0
2030-11-09,False,1320613.0298014455,1233532.5701598036,0.0,0.0,2583.0375745256633,0.0,1392073832.0915935,2.232628395698594,5967495819420.422,0.0
2030-11-10,False,1320613.0298014455,1222969.9216766786,0.0,0.0,2583.0375745256633,0.0,1392073832.0915935,2.1652539757323517,5916396592541.564,0.0
2030-11-11,True,1328041.394978348,1234318.0397281505,0.0,7428.365176902322,2794.8166159800608,36831598.75885468,1395354535.7667875,2.3867829793485553,5971295708032.024,0.0
2030-11-12,True,1328041.394978348,1226382.8868130753,0.0,0.0,2561.7039506036385,11380790.781539649,1395354535.7667875,2.1947032797085972,5966279823466.213,0.0
2030-11-13,True,1328041.394978348,1204169.4768626168,0.0,0.0,2552.301322802227,19036418.92519518,1395354535.7667875,2.2269849765787395,5858212904869.358,0.0
2030-11-14,True,1328041.394978348,1217574.9496638824,0.0,0.0,2413.384701512675,33380469.205072988,1395354535.7667875,2.0825901371802904,5923429732956.432,0.0
2030-11-15,True,1342542.66004913,1205974.299902404,14501.265070782096,0.0,2353.6321613268474,9663713.000731764,1395354535.7667875,2.0505647779157137,5866993261642.92,0.0
2030-11-16,False,1342542.66004913,1213511.3336548998,0.0,0.0,2353.6321613268474,0.0,1395354535.7667875,2.0612721661176403,5968124245550.82,0.0
2030-11-17,False,1342542.66004913,1231605.7370623387,0.0,0.0,2353.6321613268474,0.0,1395354535.7667875,1.9952154261633634,6057113647371.622,0.0
2030-11-18,True,1344808.3705222441,1215896.3894282111,0.0,2265.7104731142067,2377.489999268711,11587300.828170106,1396513265.8496046,2.0322568863794994,5979854098245.989,0.0
2030-11-19,True,1344808.3705222441,1211573.8348383503,0.0,0.0,2236.422776098959,11098625.055088375,1396513265.8496046,1.916852443049022,5968651389062.984,0.0
2030-11-20,True,1344808.3705222441,1217537.081302975,0.0,0.0,2447.914661725457,10589793.832007794,1396513265.8496046,2.0878473298540663,5998028500280.606,0.0
2030-11-21,True,1344808.3705222441,1209800.564037558,0.0,0.0,2343.2076508102505,29464834.476834115,1396513265.8496046,2.0113222406856077,5959915615044.105,0.0
2030-11-22,True,1364782.2103103362,1202961.9853848922,14684.348487998417,5289.491300093626,2395.467701616367,26562900.2292254,1399169555.8725271,2.0678692636729745,5926226300533.698,0.0
2030-11-23,False,1364782.2103103362,1229515.4721535395,0.0,0.0,2395.467701616367,0.0,1399169555.8725271,1.980700082466185,6147000884251.619,0.0
2030-11-24,False,1364782.2103103362,1223687.462392421,0.0,0.0,2395.467701616367,0.0,1399169555.8725271,1.9469379050479818,6117863567994.61,0.0
2030-11-25,True,1364782.2103103362,1223948.5417673844,0.0,0.0,2302.6783207349195,36977587.339411736,1399169555.8725271,1.9287551865815316,6119168842458.501,0.0
2030-11-26,True,1364782.2103103362,1241902.6158183,0.0,0.0,2257.280888149883,22073023.668252833,1399169555.8725271,1.8633955613947766,6208930794679.884,0.0
2030-11-27,True,1364782.2103103362,1218265.6790729475,0.0,0.0,2140.211454824213,13750882.289336693,1399169555.8725271,1.801032992877092,6090757193480.551,0.0
2030-11-28,True,1364782.2103103362,1238572.607316204,0.0,0.0,2094.966166320645,8655768.470075091,1399169555.8725271,1.734053676714266,6192282313493.148,0.0
2030-11-29,True,1379684.658886437,1248043.4752796164,14902.44857610085,0.0,2061.3618976026355,8686160.552867549,1399169555.8725271,1.6932907037024325,6239632212753.672,0.0
2030-11-30,False,1379684.658886437,1248706.4757140668,0.0,0.0,2061.3618976026355,0.0,1399169555.8725271,1.6391917038930084,6311115432715.913,0.0
2030-12-01,False,1379684.658886437,1260628.7350376286,0.0,0.0,2061.3618976026355,0.0,1399169555.8725271,1.6635281963080166,6371371991221.182,0.0
2030-12-02,True,1379684.658886437,1272784.210946707,0.0,0.0,2001.8608175897616,12632831.464648984,1399169555.8725271,1.5950327756894622,6432807254907.087,0.0
2030-12-03,True,1382945.481470974,1269811.7900326147,0.0,3260.82258453688,2055.8367854916705,20140854.528290223,1401183641.3253562,1.6418738623044178,6417784275633.492,0.0
2030-12-04,True,1382945.481470974,1263973.6582092487,0.0,0.0,2187.5213939093123,8274882.028942069,1401183641.3253562,1.7534940017845346,6403376049156.004,0.0
2030-12-05,True,1382945.481470974,1281123.3581495553,0.0,0.0,2092.3082489369745,7005918.206626781,1401183641.3253562,1.6547207630606382,6490257589079.514,0.0
2030-12-06,True,1398046.2600167948,1261918.0855214836,15100.778545820798,0.0,2025.001383239076,7005918.206626781,1401183641.3253562,1.6258637876424946,6392962378878.427,0.0
2030-12-07,False,1398046.2600167948,1284680.0082092464,0.0,0.0,2025.001383239076,0.0,1401183641.3253562,1.6487039054422046,6579341550061.688,0.0
2030-12-08,False,1398046.2600167948,1274747.936525997,0.0,0.0,2025.001383239076,0.0,1401183641.3253562,1.6450007142603078,6528475582282.769,0.0
2030-12-09,True,1398046.2600167948,1261537.1490466609,0.0,0.0,1957.4598471157935,31028112.54305825,1401183641.3253562,1.5551286937684694,6460818047008.293,0.0
2030-12-10,True,1398046.2600167948,1270370.769746503,0.0,0.0,1894.401986701785,7495794.803004239,1401183641.3253562,1.494566227620789,6506058423862.114,0.0
2030-12-11,True,1402011.7433749984,1257186.2962975441,0.0,3965.4833582036335,1957.9183111320947,25462509.37939784,1403729892.2632961,1.5608761544571672,6438535652880.929,0.0
2030-12-12,True,1402011.7433749984,1247302.2156126031,0.0,0.0,1941.4753203981356,23276727.350972015,1403729892.2632961,1.5584471439388012,6406034445681.485,0.0
2030-12-13,True,1417320.7119055777,1247830.151835076,15308.968530579315,0.0,1990.9927566809222,25501703.781649526,1403729892.2632961,1.5975192552740511,6408745879673.947,0.0
2030-12-14,False,1417320.7119055777,1249729.13616944,0.0,0.0,1990.9927566809222,0.0,1403729892.2632961,1.4913321826353871,6488584327371.995,0.0
2030-12-15,False,1417320.7119055777,1233356.6182620015,0.0,0.0,1990.9927566809222,0.0,1403729892.2632961,1.5700694143447125,6403578336858.368,0.0
2030-12-16,True,1417320.7119055777,1245300.5164095126,0.0,0.0,1917.3057089032607,14091272.162622677,1403729892.2632961,1.5248692679167553,6465590966703.272,0.0
2030-12-17,True,1421519.4628941978,1237693.5829557814,0.0,4198.750988620207,1935.9784505132914,26843104.341717437,1406414202.6974678,1.5491832551762197,6426095825109.206,0.0
2030-12-18,True,1421519.4628941978,1235107.0484773482,0.0,0.0,2004.6429191247107,10905306.231898908,1406414202.6974678,1.6058051905611115,6431663803318.696,0.0
2030-12-19,True,1421519.4628941978,1256427.5490686016,0.0,0.0,2135.965732981913,7032071.013487339,1406414202.6974678,1.6819661989978585,6542687614647.804,0.0
2030-12-20,True,1440945.0799949158,1254012.0355732,15521.97891771336,3903.6381830046466,2149.7878002850443,22770662.589869846,1408691268.9564548,1.69611120213594,6530109133508.088,0.0
2030-12-21,False,1440945.0799949158,1248398.1799121082,0.0,0.0,2149.7878002850443,0.0,1408691268.9564548,1.6276906681407948,6589712688102.767,0.0
2030-12-22,False,1440945.0799949158,1273860.794942244,0.0,0.0,2149.7878002850443,0.0,1408691268.9564548,1.6327159552470507,6724117976444.483,0.0
2030-12-23,True,1440945.0799949158,1270849.0141047386,0.0,0.0,1948.1508413511,32081410.866580226,1408691268.9564548,1.4986389589082507,6708220187807.775,0.0
2030-12-24,True,1440945.0799949158,1278759.0201801488,0.0,0.0,2027.2878538995435,7768372.887551462,1408691268.9564548,1.5498693956296759,6749973426667.648,0.0
2030-12-25,True,1442631.7176126468,1297004.6580902124,0.0,1686.6376177310153,2151.0193855973866,10169954.122006977,1409708264.3686554,1.6213291199922892,6846283653302.982,0.0
2030-12-26,True,1442631.7176126468,1301104.222336657,0.0,0.0,2123.7481472915706,18044534.46048912,1409708264.3686554,1.595014722994329,6875962302657.64,0.0
2030-12-27,True,1458384.227297753,1304742.3507175401,15752.509685106414,0.0,2168.1858006858406,14358769.603280727,1409708264.3686554,1.6238484906587227,6895188766740.782,0.0
2030-12-28,False,1458384.227297753,1308165.9019759037,0.0,0.0,2168.1858006858406,0.0,1409708264.3686554,1.760907544757211,6988769354078.214,0.0
2030-12-29,False,1458384.227297753,1305302.8363964222,0.0,0.0,2168.1858006858406,0.0,1409708264.3686554,1.796474830177077,6973473660351.315,0.0
2030-12-30,True,1463333.9612499117,1297163.3148159534,0.0,4949.733952158513,2378.557335020731,26993729.376647737,1412407637.3063202,1.7724592276050182,6929988931929.241,0.0
2030-12-31,True,1463333.9612499117,1323093.74661916,0.0,0.0,2356.119937891333,28093347.008029312,1412407637.3063202,1.7187922346816848,7092510593515.679,0.0
