,is_trading_day,btc_holdings,btc_price,preferred_shares,dividend_reserve,quarterly_dividend,shares_outstanding,btc_purchased,stock_price,volume,mnav,market_cap,weekly_revenue,dividend_dilution
2025-09-04,True,20000.0,110723.6015625,0,0.0,0.0,751210000.0,0.0,6.198520414182869,38053998.294665284,2.1027091128849915,7292407896.503331,0.0,
2025-09-05,True,20000.0,110650.984375,0,0.0,0.0,751210000.0,0.0,6.3429082494167535,39881634.0843436,2.1531015439935435,7287625229.176096,0.0,
2025-09-06,False,20000.0,110224.6953125,0,0.0,0.0,751210000.0,0.0,6.3429082494167535,0.0,2.09011086168414,7259549248.249723,0.0,
2025-09-07,False,20000.0,111167.6171875,0,0.0,0.0,751210000.0,0.0,6.3429082494167535,0.0,2.1674224956891472,7321651373.090327,0.0,
2025-09-08,True,20367.002038490537,111868.625,0,0.0,0.0,757396619.4453251,367.00203849053656,6.636259718408364,41244129.63550121,2.2281603367635685,7367820706.775702,0.0,
2025-09-09,True,20367.002038490537,111868.625,0,0.0,0.0,757396619.4453251,0.0,6.651143599169433,42291415.683507785,2.210977280081053,7503020967.706676,0.0,
2025-09-10,True,20754.709337097207,128648.91875,0,0.0,0.0,763871795.2670647,387.70729860667086,7.702976124566758,43167838.81159691,2.2266331308604057,8628474112.862677,829660.9723906419,
2025-09-11,True,21182.381777052036,129909.4470634769,0,0.0,0.0,770832486.6646216,427.67243995483,7.981777531226283,46404609.31704621,2.261323540261397,8878879112.385454,853738.3761909091,
2025-09-12,True,21182.381777052036,132359.41964608256,0,0.0,0.0,770832486.6646216,0.0,8.009188788447453,45637555.6948269,2.20200801274558,9232735596.83149,887763.038156874,
2025-09-13,False,21182.381777052036,113684.25403306405,0,0.0,0.0,770832486.6646216,0.0,8.009188788447453,0.0,2.1559226236910534,7930048815.6935625,762504.6938166887,
2025-09-14,False,21182.381777052036,114934.65699724722,0,0.0,0.0,770832486.6646216,0.0,8.009188788447453,0.0,2.184860639398403,8017270714.887944,770891.4148930715,
2025-09-15,True,21182.381777052036,123396.75110171355,0,0.0,0.0,770832486.6646216,0.0,7.521088039378233,43631759.49678709,2.2180031853622304,8607544362.739775,827648.496417286,
2025-09-16,True,21182.381777052036,104887.23843645652,0,0.0,0.0,770832486.6646216,0.0,6.444633610844063,44186608.88724284,2.235943367033545,7316412708.328807,703501.221954693,
2025-09-17,True,21566.57675594267,109650.66806462877,0,0.0,0.0,777031463.0610075,384.19497889063393,6.795837475199144,41326509.30923906,2.2553654358342787,7648685896.052243,735450.5669281003,
2025-09-18,True,21566.57675594267,99968.6935545725,0,0.0,0.0,777031463.0610075,0.0,6.009036287145937,45042118.58806429,2.1656995137309045,7099797877.691085,682672.872854912,
2025-09-19,True,21916.796979980132,113449.67589940547,0,0.0,0.0,783012353.2649572,350.2202240374624,6.643220249090826,39872601.35966434,2.1097586718817043,8057220110.970418,774732.7029779248,
2025-09-20,False,21916.796979980132,126546.67104375802,0,0.0,0.0,783012353.2649572,0.0,6.643220249090826,0.0,2.02775300128643,9133317660.666203,878203.6212179041,
2025-09-21,False,21916.796979980132,141950.8568738645,0,0.0,0.0,783012353.2649572,0.0,6.643220249090826,0.0,2.00883612231556,10245091849.033802,985104.9854840194,
2025-09-22,True,22226.70752031526,142249.39476767895,0,0.0,0.0,788634004.4615145,309.91054033512876,7.841928510576025,37477674.643715255,1.9695362595504116,10266638377.24718,987176.7670429982,
2025-09-23,True,22226.70752031526,120911.98555252711,0,0.0,0.0,788634004.4615145,0.0,6.4922780462614655,39274441.298874855,1.905145383180533,8850040146.87485,850965.3987379663,
2025-09-24,True,22541.990294856187,128876.48899264226,0,0.0,0.0,794594804.2363939,315.28277454092733,6.816625043158,39738665.16586272,1.876705272776592,9432994556.83548,907018.7073880269,
2025-09-25,True,22541.990294856187,131281.6165237204,0,0.0,0.0,794594804.2363939,0.0,6.9708713575654,37531734.4829235,1.8717016144534275,9745338468.401888,937051.7758078738,
2025-09-26,True,22541.990294856187,116303.05716788639,0,0.0,0.0,794594804.2363939,0.0,6.277674072439043,39620064.59773823,1.9026595953071717,8633445314.151493,830138.9725145666,
2025-09-27,False,22541.990294856187,131433.1839275429,0,0.0,0.0,794594804.2363939,0.0,6.277674072439043,0.0,1.8259075614340756,9756589667.84732,938133.6219083962,
2025-09-28,False,22541.990294856187,122153.48514416843,0,0.0,0.0,794594804.2363939,0.0,6.277674072439043,0.0,1.8319981605417628,9067736133.56393,871897.7051503779,
2025-09-29,True,22834.263852404336,131097.76238751007,0,0.0,0.0,800365181.9706465,292.2735575481501,6.640190844380282,38469184.89501702,1.785413214736641,9731690550.028933,935739.4759643205,
2025-09-30,True,22834.263852404336,128684.97452341739,0,0.0,0.0,800365181.9706465,0.0,6.494681274799239,35413928.239218734,1.7690136110518393,9676440023.473293,930426.9253339705,
2025-10-01,True,23138.69989122601,124639.68378253528,0,0.0,0.0,805999555.1817757,304.436038821672,6.734522224369329,37562488.07419472,1.8938763653045951,9372255223.525772,901178.3868774781,
2025-10-02,True,23138.69989122601,128286.54113319037,0,0.0,0.0,805999555.1817757,0.0,6.930448898194395,35126407.5286822,1.8818115014353698,9775090846.868916,939912.5814297034,
2025-10-03,True,23138.69989122601,129587.16195584029,0,0.0,0.0,805999555.1817757,0.0,6.586788798965683,39276264.52230783,1.7705476061022425,9874194670.126045,949441.7952044274,
2025-10-04,False,23138.69989122601,119611.09250294934,0,0.0,0.0,805999555.1817757,0.0,6.586788798965683,0.0,1.8079319023711289,9114044896.53882,876350.4708210404,
2025-10-05,False,23138.69989122601,137552.75637839173,0,0.0,0.0,805999555.1817757,0.0,6.586788798965683,0.0,1.786708738749934,10481151631.019642,1007803.0414441964,
2025-10-06,True,23138.69989122601,121181.46641682679,0,0.0,0.0,805999555.1817757,0.0,6.368406474985317,39563800.15841675,1.8305871963335072,9233703182.872753,887856.0752762263,
2025-10-07,True,23432.323200701245,131268.6205857843,0,0.0,0.0,811485415.8485247,293.6233094752334,7.025976259343914,36572404.444993034,1.8644107794746965,10002317314.3081,961761.2802219327,
2025-10-08,True,23432.323200701245,128575.86595139904,0,0.0,0.0,811485415.8485247,0.0,7.2254761431976515,38999881.79077289,1.9461324025454854,9921459411.014605,953986.4818283274,
2025-10-09,True,23818.48710950523,127320.74529101996,0,0.0,0.0,817954603.328777,386.16390880398393,7.600131673954712,43127916.53501526,2.0672229343907875,9824608974.92589,944673.9398967202,
2025-10-10,True,24257.672539332958,139437.58177287425,0,0.0,0.0,824941687.7135649,439.18542982772937,8.764593486002138,46580562.5652524,2.1585741087558965,10936913270.724686,1051626.2760312199,
2025-10-11,False,24257.672539332958,131092.1545858445,0,0.0,0.0,824941687.7135649,0.0,8.764593486002138,0.0,2.2648013299934897,10471926460.019941,1006916.0057711483,
2025-10-12,False,24257.672539332958,150755.97777372116,0,0.0,0.0,824941687.7135649,0.0,8.764593486002138,0.0,2.3424847437990466,12042715429.02293,1157953.4066368202,
2025-10-13,True,24751.93545715403,156815.70969732243,0,0.0,0.0,831972094.5582322,494.2629178210736,11.024709088347088,46869378.96444858,2.390846491326141,12526779996.211302,1204498.076558779,
2025-10-14,True,24751.93545715403,133293.35324272406,0,0.0,0.0,831972094.5582322,0.0,9.705114116871226,54329346.551076286,2.447325574643122,10864716803.807962,1044684.3080584579,
2025-10-15,True,24751.93545715403,133902.03636745363,0,0.0,0.0,831972094.5582322,0.0,9.954437614088546,54016248.36225048,2.498786455514877,10914330453.795458,1049454.8513264863,
2025-10-16,True,25410.917227065656,140523.327871581,0,0.0,0.0,840381685.8848794,658.981769911623,11.011511465635637,56063942.17764806,2.633892859778658,11454030711.292955,1101349.1068550919,
2025-10-17,True,26174.189604051815,141001.43726184667,0,0.0,0.0,849546806.9762489,763.2723769861574,11.742616502760528,61100807.27579677,2.754213330826639,11798984598.24628,1134517.749831373,
2025-10-18,False,26174.189604051815,132568.22269428836,0,0.0,0.0,849546806.9762489,0.0,11.742616502760528,0.0,2.8776015944506494,11426505449.364847,1098702.4470543123,
2025-10-19,False,26174.189604051815,129040.61464876885,0,0.0,0.0,849546806.9762489,0.0,11.742616502760528,0.0,2.956510144367378,11122448928.60794,1069466.243135379,
2025-10-20,True,27042.296620152134,134534.62168493314,0,0.0,0.0,858945920.2002445,868.1070161003192,12.42568806330898,62660754.82663782,2.9977847972776783,11595996058.242086,1114999.620984816,
2025-10-21,True,27042.296620152134,129026.52474992188,0,0.0,0.0,858945920.2002445,0.0,12.313750599991687,61379599.776445754,3.031332685538565,11490087216.963568,1104816.0785541893,
2025-10-22,True,28058.74033246371,145140.8332582934,0,0.0,0.0,869274239.1448941,1016.4437123115738,14.283785014354063,68855459.63099723,3.125906201033836,12925100758.257595,1242798.149832461,
2025-10-23,True,28058.74033246371,134078.1299428389,0,0.0,0.0,869274239.1448941,0.0,13.88168588279344,65237389.269866094,3.2075461115617325,12388732254.871809,1191224.2552761354,
2025-10-24,True,28058.74033246371,137381.66484047848,0,0.0,0.0,869274239.1448941,0.0,14.251082804425385,71590683.2211444,3.2137177250267235,12693976737.017632,1220574.6862516953,
2025-10-25,False,28058.74033246371,150900.48573464574,0,0.0,0.0,869274239.1448941,0.0,14.251082804425385,0.0,3.262925565479088,13943107020.46361,1340683.36735227,
2025-10-26,False,28058.74033246371,128265.41287444888,0,0.0,0.0,869274239.1448941,0.0,14.251082804425385,0.0,3.3218579801213832,11851640967.394068,1139580.8622494296,
2025-10-27,True,28058.74033246371,126996.49019458875,0,0.0,0.0,869274239.1448941,0.0,13.937119924716104,70267468.19297893,3.399929863225281,11734393334.691977,1128307.05141269,
2025-10-28,True,28058.74033246371,130920.95737818467,0,0.0,0.0,869274239.1448941,0.0,14.352734932045465,75963627.28645262,3.3963632378589583,12097011557.375483,1163174.188209181,
2025-10-29,True,29190.74232319377,150559.10098491237,0,0.0,0.0,879591287.7089069,1132.0019907300596,16.51956962109716,68780323.76008491,3.3992284689378,13911563290.981806,1337650.3164405583,
2025-10-30,True,29190.74232319377,127975.23583717551,0,0.0,0.0,879591287.7089069,0.0,14.160061019746456,69406100.65413633,3.3340719370656675,12301889762.296589,1182874.0156054413,
2025-10-31,True,29190.74232319377,123397.67359509521,0,0.0,0.0,879591287.7089069,0.0,13.273097763445616,68384049.61915602,3.2411647047496723,11861861926.334867,1140563.646762968,
2025-11-01,False,29190.74232319377,129861.13431216641,0,0.0,0.0,879591287.7089069,0.0,13.273097763445616,0.0,3.19596318376948,12483175735.246378,1200305.3591583057,
2025-11-02,False,29190.74232319377,138956.06880907144,0,0.0,0.0,879591287.7089069,0.0,13.273097763445616,0.0,3.105658920837754,13357445517.554781,1284369.7613033443,
2025-11-03,True,30177.00987770612,138984.64233285727,0,0.0,0.0,889582592.3656738,986.2675545123511,13.719533936497674,66608697.71177943,2.974461310153396,13360192207.861185,1284633.8661404985,
2025-11-04,True,30177.00987770612,118679.6781134481,0,0.0,0.0,889582592.3656738,0.0,11.84942786295249,68803761.98549818,2.9432767008733958,11793788029.44585,1134018.0797544087,
2025-11-05,True,31118.37593440492,136481.6298304653,0,0.0,0.0,899160233.4320066,941.3660566988004,13.41449035263577,63850940.44221915,2.8974106242786872,13562856233.862728,1304120.79171757,
2025-11-06,True,31118.37593440492,116009.3853558955,0,0.0,0.0,899160233.4320066,0.0,11.161456183555158,61863286.412260294,2.7800198773123075,11888054901.032932,1143082.2020223974,
2025-11-07,True,31118.37593440492,114266.34847146728,0,0.0,0.0,899160233.4320066,0.0,10.58595909626458,59213422.72850666,2.6768992786698043,11709437299.422176,1125907.4326367478,
2025-11-08,False,31118.37593440492,131406.30074218736,0,0.0,0.0,899160233.4320066,0.0,10.58595909626458,0.0,2.542469066223487,13465852894.335503,1294793.54753226,
2025-11-09,False,31118.37593440492,149309.3189375265,0,0.0,0.0,899160233.4320066,0.0,10.58595909626458,0.0,2.4197337860264443,15300463624.729887,1471198.4254547968,
2025-11-10,True,31118.37593440492,126912.92109689751,0,0.0,0.0,899160233.4320066,0.0,10.212655848035624,53119419.03170729,2.3251609744857578,13005394081.020403,1250518.6616365772,
2025-11-11,True,31705.93289204754,145949.85926143214,0,0.0,0.0,906704198.11575,587.5569576426157,11.367213245418203,50293097.891622595,2.250455838511122,14956203193.173464,1438096.4608820637,
2025-11-12,True,31705.93289204754,137634.18356313728,0,0.0,0.0,906704198.11575,0.0,10.54074161052046,51882292.70539546,2.190130266238017,14370358418.01741,1381765.232501674,
2025-11-13,True,31705.93289204754,141676.9995162613,0,0.0,0.0,906704198.11575,0.0,10.468438287463238,48200623.80994734,2.113039604246454,14792468047.76517,1422352.696900497,
2025-11-14,True,31705.93289204754,134527.57285209562,0,0.0,0.0,906704198.11575,0.0,9.359634902827626,43517432.308551565,1.9896317012665585,14045997796.061592,1350576.7111597685,
2025-11-15,False,31705.93289204754,133166.49283556023,0,0.0,0.0,906704198.11575,0.0,9.359634902827626,0.0,1.9493661545540821,13903887695.453901,1336912.278409029,
2025-11-16,False,31705.93289204754,142920.01047997913,0,0.0,0.0,906704198.11575,0.0,9.359634902827626,0.0,1.869258637101642,14922250581.46223,1434831.7866790607,
2025-11-17,True,31705.93289204754,143556.2283102447,0,0.0,0.0,906704198.11575,0.0,8.899382870816499,39425910.659663245,1.7728130601502752,14988677961.755117,1441219.034784146,
2025-11-18,True,32090.460014209086,159386.43386692536,0,0.0,0.0,912902753.2969809,384.52712216154634,9.887531034977357,41323701.20820615,1.7740326004904954,16641506654.388998,1600144.8706143268,
2025-11-19,True,32501.13246728231,169450.0752111684,0,0.0,0.0,919500006.9345568,410.6724530732263,10.548098024313878,43981690.917173505,1.7708466952675608,17906819740.590473,1721809.5904413916,
2025-11-20,True,32501.13246728231,144032.56392949316,0,0.0,0.0,919500006.9345568,0.0,8.867305975342887,41296933.95196275,1.7417436903042016,15415582455.631176,1482267.54381069,
2025-11-21,True,32501.13246728231,141758.640517443,0,0.0,0.0,919500006.9345568,0.0,9.097295857400418,40364095.35676995,1.8155826432441284,15172207951.283611,1458866.1491618857,
2025-11-22,False,32501.13246728231,139300.53221581006,0,0.0,0.0,919500006.9345568,0.0,9.097295857400418,0.0,1.785862808126384,14909120423.19348,1433569.2714609115,
2025-11-23,False,32501.13246728231,140815.0502847945,0,0.0,0.0,919500006.9345568,0.0,9.097295857400418,0.0,1.7666097822551527,15071216948.701433,1449155.4758366763,
2025-11-24,True,32501.13246728231,137742.2065940537,0,0.0,0.0,919500006.9345568,0.0,8.604810840776477,43148662.064835355,1.7673702276369663,14742335243.095823,1417532.23491306,
2025-11-25,True,32501.13246728231,135361.95528807267,0,0.0,0.0,919500006.9345568,0.0,8.477084992183258,38437460.701939315,1.77175293745674,14487580628.7821,1393036.5989213558,
2025-11-26,True,32936.67794179862,155666.24858128355,0,0.0,0.0,926184109.4205054,435.5454745163056,10.143430662087912,44560683.23965685,1.8435021501330513,16660717723.099413,1601992.088759559,
2025-11-27,True,32936.67794179862,132316.31129409102,0,0.0,0.0,926184109.4205054,0.0,8.50941402626156,41411279.72676721,1.8084387404249684,14351388841.780968,1379941.2347866315,
2025-11-28,True,33343.78401319112,150710.0632696587,0,0.0,0.0,932596083.4840412,407.106071392505,9.568813156301701,42746493.756905325,1.785391055077634,16346425464.846483,1571771.6793121619,
2025-11-29,False,33343.78401319112,130015.439773025,0,0.0,0.0,932596083.4840412,0.0,9.568813156301701,0.0,1.8033325386868653,14276132384.36025,1372705.0369577163,
2025-11-30,False,33343.78401319112,141535.16759969888,0,0.0,0.0,932596083.4840412,0.0,9.568813156301701,0.0,1.8587063607128276,15541037227.758053,1494330.5026690436,
2025-12-01,True,33343.78401319112,120304.89245974405,0,0.0,0.0,932596083.4840412,0.0,7.923911712054702,42087779.46587236,1.8421926360086451,13209881643.594347,1270180.9272686872,
2025-12-02,True,33343.78401319112,122156.20263572581,0,0.0,0.0,932596083.4840412,0.0,8.141072955258077,45491621.83276782,1.863995356244918,13413161724.813688,1289727.088924393,
2025-12-03,True,33788.94168920818,119726.9459465046,0,0.0,0.0,938947382.1212316,445.15767601706096,8.391570300612386,42341990.914602175,1.9603338355204891,13146421173.449493,1264078.9589855282,
2025-12-04,True,34322.85493981453,130056.05948211621,0,0.0,0.0,946325813.3898021,533.9132506063542,9.411032094983952,49189541.790469915,2.0108206161815776,14471246253.10876,1391465.9858758424,
2025-12-05,True,34322.85493981453,123342.26944503926,0,0.0,0.0,946325813.3898021,0.0,9.170766976490338,49003821.666406505,2.0499865200320766,13941069522.76449,1340487.4541119703,
2025-12-06,False,34322.85493981453,126216.41861466135,0,0.0,0.0,946325813.3898021,0.0,9.170766976490338,0.0,2.0191465286887245,14265927445.135958,1371723.7928015343,
2025-12-07,False,34322.85493981453,127716.06976643653,0,0.0,0.0,946325813.3898021,0.0,9.170766976490338,0.0,2.060805755760791,14435429279.834301,1388022.0461379136,
2025-12-08,True,34322.85493981453,130241.30783232482,0,0.0,0.0,946325813.3898021,0.0,9.40190293523615,45373600.24088412,1.9903263676102274,14720850649.138414,1415466.4085710014,
2025-12-09,True,34816.40082951952,147651.8163727788,0,0.0,0.0,953190459.4616339,493.5458897049928,10.615688895788184,45764307.14554566,1.9822876284886917,16688717067.368294,1604684.3334007976,
2025-12-10,True,34816.40082951952,154196.4958065259,0,0.0,0.0,953190459.4616339,0.0,10.823218800053512,45317450.77926522,1.9216652958257234,17679058423.003735,1699909.4637503591,
2025-12-11,True,34816.40082951952,146825.47411362268,0,0.0,0.0,953190459.4616339,0.0,10.317211974987776,43067378.22461838,1.9237859776624706,16833950222.169064,1618649.0598239484,
2025-12-12,True,34816.40082951952,134924.83915946755,0,0.0,0.0,953190459.4616339,0.0,9.19274614475735,44357018.143608205,1.8653020672816196,15469509224.175617,1487452.8100168863,
2025-12-13,False,34816.40082951952,120394.3449355485,0,0.0,0.0,953190459.4616339,0.0,9.19274614475735,0.0,1.8634967754284748,13803547524.09844,1327264.1850094653,
2025-12-14,False,34816.40082951952,138453.49667588077,0,0.0,0.0,953190459.4616339,0.0,9.19274614475735,0.0,1.9115914218849557,15874079652.713205,1526353.812760885,
2025-12-15,True,35271.35573183924,146915.68453812224,0,0.0,0.0,959945862.6916137,454.9549023197176,9.894303660756618,45036021.533198416,1.8437960707902907,16844293099.007801,1619643.5672122885,
2025-12-16,True,35271.35573183924,137473.64039259867,0,0.0,0.0,959945862.6916137,0.0,9.133331945856863,44435322.55871286,1.808149755634809,15967699076.789654,1535355.6804605436,
2025-12-17,True,35271.35573183924,144335.98689982528,0,0.0,0.0,959945862.6916137,0.0,9.150567230227887,43913909.19640935,1.725432516490952,16764767399.670498,1611996.8653529326,
2025-12-18,True,35669.459961029504,153200.16044636464,0,0.0,0.0,966342329.8604851,398.10422919026206,9.534893274076762,42643114.45914248,1.6938743992120497,17794349909.82566,1710995.1836370828,
2025-12-19,True,35669.459961029504,143916.8187731382,0,0.0,0.0,966342329.8604851,0.0,8.791262738037423,42207484.39892866,1.6549092328083923,16904753321.094852,1625457.0501052742,
2025-12-20,False,35669.459961029504,156987.21763158476,0,0.0,0.0,966342329.8604851,0.0,8.791262738037423,0.0,1.6264909043700129,18440028144.384647,1773079.6292677545,
2025-12-21,False,35669.459961029504,142007.72848307423,0,0.0,0.0,966342329.8604851,0.0,8.791262738037423,0.0,1.5925526774843215,16680507811.109663,1603894.9818374675,
2025-12-22,True,35669.459961029504,131370.6047428938,0,0.0,0.0,966342329.8604851,0.0,7.737064171908996,39575245.38597685,1.595557536219466,15431050281.360022,1483754.834746156,
2025-12-23,True,35669.459961029504,130065.69793384412,0,0.0,0.0,966342329.8604851,0.0,7.5056275915082695,40140103.2476,1.563358956854361,15277773354.43757,1469016.6686959201,
2025-12-24,True,35669.459961029504,125236.5546175447,0,0.0,0.0,966342329.8604851,0.0,6.812430817878339,38359758.61086137,1.473687715978083,14710532657.970114,1414474.294035588,
2025-12-25,True,35983.181702765214,144022.03781017638,0,0.0,0.0,972195072.0351439,313.7217417357062,7.719944463941572,39018281.16439174,1.4521774690348357,16917112556.665627,1626645.4381409257,
2025-12-26,True,35983.181702765214,123892.77351526539,0,0.0,0.0,972195072.0351439,0.0,6.405059360033998,39233440.49951262,1.3967897426626779,14680683991.055738,1411604.2299092056,
2025-12-27,False,35983.181702765214,140684.4570941326,0,0.0,0.0,972195072.0351439,0.0,6.405059360033998,0.0,1.324259471167862,16670415864.067492,1602924.6023141819,
2025-12-28,False,35983.181702765214,125038.26607611131,0,0.0,0.0,972195072.0351439,0.0,6.405059360033998,0.0,1.2481626791386973,14816419222.601042,1424655.6944808695,
2025-12-29,True,35983.181702765214,123749.95852883963,0,0.0,0.0,972195072.0351439,0.0,5.818596618066036,32549110.731742114,1.2703606757034025,14663761117.95011,1409977.030572126,
2025-12-30,True,36207.96347591292,137844.83726698183,0,0.0,0.0,977234283.3527495,224.781773147705,6.148781026879371,33594742.117370576,1.2051812752932418,16333934888.185547,1570570.6623255333,
2025-12-31,True,36207.96347591292,132734.11664131694,0,0.0,0.0,977234283.3527495,0.0,5.474385220185029,28834260.465362772,1.113133841957445,15826592324.67543,1521787.7235264836,
2026-01-01,True,37048.668474128746,112823.9991451194,948517,0.0,0.0,977234283.3527495,0.0,4.5313441309181615,29484937.955787934,1.083977211473184,13452603475.974115,1293519.564997511,
2026-01-02,True,37050.961387463976,129747.5990168873,951492,0.0,0.0,977234283.3527495,0.0,5.237581073390975,29778642.302053947,1.0647741989211124,15829700105.084888,1522086.5485658546,
2026-01-03,False,37050.961387463976,126259.75051706553,954476,0.0,0.0,977234283.3527495,0.0,5.237581073390975,0.0,1.0105157957631883,15405122686.79209,1481261.7968069317,
2026-01-04,False,37050.961387463976,142275.70327632446,957468,0.0,0.0,977234283.3527495,0.0,5.237581073390975,0.0,1.0143212744467798,17359250714.067905,1669158.7225065294,
2026-01-05,True,37053.31327898513,127641.94151804078,960470,0.0,0.0,977234283.3527495,0.0,4.975852384892085,30127868.00417813,1.028189819833293,15573765677.605898,1497477.4690005672,
2026-01-06,True,37055.49456412212,138037.8910093376,963481,0.0,0.0,977234283.3527495,0.0,5.49059293829835,29828596.907296468,1.049041279644182,16843258610.929914,1619544.0972047995,
2026-01-07,True,37057.65531036375,139720.24765513247,966500,0.0,0.0,977234283.3527495,0.0,5.522064196151861,28967396.4729151,1.0422890733158945,17049541874.69279,1639379.0264127683,
2026-01-08,True,37059.61553765061,154522.8974368594,969529,0.0,0.0,977234283.3527495,0.0,6.205873513207679,28678043.5216011,1.0590850406417052,18856953647.24095,1813168.6199270145,
2026-01-09,True,37243.7826038036,155905.58680941377,972566,0.0,0.0,981513216.7684518,182.21909234259704,6.639265386859962,28526222.771349262,1.1229389229212379,19026694320.32792,1829489.8384930692,
2026-01-10,False,37243.7826038036,141242.3538924765,975613,0.0,0.0,981513216.7684518,0.0,6.639265386859962,0.0,1.0925426807048155,17322855505.801006,1665659.1832500969,
2026-01-11,False,37243.7826038036,137355.63748692974,978668,0.0,0.0,981513216.7684518,0.0,6.639265386859962,0.0,1.1009170643405508,16846164026.016068,1619823.4640400065,
2026-01-12,True,37245.72298094433,157958.98310996918,981733,0.0,0.0,981513216.7684518,0.0,6.723848037260978,33246816.12447089,1.1218012754615774,19373088629.918472,1862796.983646007,
2026-01-13,True,37247.903219333464,140947.8897039713,984806,0.0,0.0,981513216.7684518,0.0,6.263589618505643,34308281.13137508,1.1710743289172267,17287641183.589428,1662273.1907297526,
2026-01-14,True,37510.49444297195,147930.1301573962,987889,0.0,0.0,986981612.879045,260.5071316440248,7.047195029705049,36455974.07062106,1.2553186270437486,18145094014.088207,1744720.5782777122,
2026-01-15,True,37512.63527539085,144429.8008892904,990981,0.0,0.0,986981612.879045,0.0,6.65532478007205,34478304.84854854,1.2124636146899965,17840636905.269222,1715445.8562758868,
2026-01-16,True,37514.99306519852,131521.47786518684,994082,0.0,0.0,986981612.879045,0.0,5.922051763479825,34095000.12320448,1.1846962297489647,16247068366.507471,1562218.1121641798,
2026-01-17,False,37514.99306519852,151249.69954496485,997193,0.0,0.0,986981612.879045,0.0,5.922051763479825,0.0,1.210548926404038,18685302979.07552,1796663.7479880308,
2026-01-18,False,37514.99306519852,161991.93211169323,1000312,0.0,0.0,986981612.879045,0.0,5.922051763479825,0.0,1.2741847354450366,20012392360.309887,1924268.496183643,
2026-01-19,True,37789.30049878947,168627.03914355146,1003441,0.0,0.0,992454401.3845958,272.45185929165615,8.394760786920601,36485256.70367186,1.3097406362339914,20832089758.465763,2003085.553698631,
2026-01-20,True,37791.46157787815,145205.2364224187,1006579,0.0,0.0,992454401.3845958,0.0,7.151755833957362,38337879.144166805,1.2935169076920239,18069739196.6884,1737474.9227585,
2026-01-21,True,37793.85812577565,131355.60542233693,1009727,0.0,0.0,992454401.3845958,0.0,6.368714465747158,34701001.91092243,1.2732686359632963,16347187806.417788,1571844.9813863258,
2026-01-22,True,37796.419050641955,123275.775933151,1012884,0.0,0.0,992454401.3845958,0.0,5.7535615618650535,33132357.45615961,1.2255988737219001,15342626981.869627,1475252.594410541,
2026-01-23,True,38050.428512458544,130002.16913576655,1016050,0.0,0.0,997695920.6595883,251.57411783652586,6.2396376510914955,34943461.833283655,1.2602847408981275,16180875162.704021,1555853.3810292329,
2026-01-24,False,38050.428512458544,129835.07503642656,1019225,0.0,0.0,997695920.6595883,0.0,6.2396376510914955,0.0,1.2235417632990082,16268680810.87434,1564296.2318148403,
2026-01-25,False,38050.428512458544,144164.34707752973,1022410,0.0,0.0,997695920.6595883,0.0,6.2396376510914955,0.0,1.2686958602922993,18064176773.914295,1736940.074414836,
2026-01-26,True,38052.98984459746,124700.7348818938,1025604,0.0,0.0,997695920.6595883,0.0,5.930602177945491,31329288.97187077,1.2470056590232312,15625334310.515223,1502435.9913956944,
2026-01-27,True,38306.91701521695,137033.34362236597,1028808,0.0,0.0,1003053855.2219138,251.58905354862927,6.434585720582513,35719563.74883664,1.2311295271966163,17171798869.631987,1651134.5066953832,
2026-01-28,True,38309.56538371612,121319.97495854065,1032021,0.0,0.0,1003053855.2219138,0.0,5.656419007772721,34823408.86273669,1.2208331448611716,15304187083.409348,1471556.4503278218,
2026-01-29,True,38598.93365343627,125620.43117809758,1035243,0.0,0.0,1008929859.3261185,286.80340031969257,6.131440035197349,39173360.694697656,1.2779658008406884,15847773585.681252,1523824.383238582,
2026-01-30,True,38601.75538520867,114575.02912272413,1038476,0.0,0.0,1008929859.3261185,0.0,5.2952525294769766,34779419.42538538,1.208042930980686,14563509261.50543,1400337.4289909068,
2026-01-31,False,38601.75538520867,129571.94065077136,1041717,0.0,0.0,1008929859.3261185,0.0,5.2952525294769766,0.0,1.167274982655092,16470954629.360823,1583745.6374385406,
2026-02-01,False,38601.75538520867,117662.80286575215,1044968,0.0,0.0,1008929859.3261185,0.0,5.2952525294769766,0.0,1.1768841742017924,14957086216.595871,1438181.3669803722,
2026-02-02,True,38604.49382596113,119082.36455627791,1048229,0.0,0.0,1008929859.3261185,0.0,5.447744286677814,34626875.37874613,1.195702631787815,15137538373.758875,1455532.5359383533,
2026-02-03,True,38876.408257711366,120929.18037338945,1051500,0.0,0.0,1014661769.6916875,269.209542831032,5.679657790674491,38212735.7704597,1.2274792884124375,15373392839.507248,1478210.84995262,
2026-02-04,True,38879.03003127558,125106.1512241647,1054780,0.0,0.0,1014661769.6916875,0.0,5.79403118455819,31707995.507659014,1.2087523401797813,16016423766.53594,1540040.746782302,
2026-02-05,True,39105.8386614214,143872.0739077894,1058069,0.0,0.0,1019871448.4302547,224.5225714892246,6.2004836805251005,34731191.59044815,1.1247472519534327,18420129476.92153,1771166.2958578395,
2026-02-06,True,39108.49780644946,124100.03836516557,1061369,0.0,0.0,1019871448.4302547,0.0,5.142881774554704,32577543.177793987,1.0807828748891075,15981379813.85592,1536671.1359476848,
2026-02-07,False,39108.49780644946,127412.85707285785,1064678,0.0,0.0,1019871448.4302547,0.0,5.142881774554704,0.0,1.0866096433640005,16409114372.809282,1577799.4589239694,
2026-02-08,False,39108.49780644946,146524.78563378652,1067997,0.0,0.0,1019871448.4302547,0.0,5.142881774554704,0.0,1.0973719810058427,18870481528.730675,1814469.377762565,
2026-02-09,True,39111.09558498403,128109.45797369814,1071325,0.0,0.0,1019871448.4302547,0.0,5.365953968180275,31949460.216546293,1.0922952578611782,16498827484.316967,1586425.7196458622,
2026-02-10,True,39113.55838642997,135577.31198774627,1074664,0.0,0.0,1019871448.4302547,0.0,5.66564425695792,33303135.361777812,1.0897019671078136,17461749509.591354,1679014.3759222457,
2026-02-11,True,39115.816992517706,148233.0193910605,1078012,0.0,0.0,1019871448.4302547,0.0,5.8328351061307435,31542657.963888858,1.0260129679362147,19092950038.197937,1835860.5805959555,
2026-02-12,True,39118.48211278006,125998.06648240141,1081370,0.0,0.0,1019871448.4302547,0.0,5.072179661285323,31241967.962789495,1.0495998882714663,16229944673.877079,1560571.6032574114,
2026-02-13,True,39120.940877163775,136979.37152133032,1084738,0.0,0.0,1019871448.4302547,0.0,5.6039908691055205,31988474.98473513,1.0666100922717234,17645660420.09896,1696698.1173172079,
2026-02-14,False,39120.940877163775,125411.53862133741,1088116,0.0,0.0,1019871448.4302547,0.0,5.6039908691055205,0.0,1.0130844537948864,16156509504.422083,1553510.5292713542,
2026-02-15,False,39120.940877163775,127905.64033231976,1091503,0.0,0.0,1019871448.4302547,0.0,5.6039908691055205,0.0,1.0187344598558536,16477819476.70581,1584405.7189140203,
2026-02-16,True,39123.56230132701,129624.1961777713,1094901,0.0,0.0,1019871448.4302547,0.0,4.8762477634356305,27355827.11165819,0.9806992211463932,16699217476.891048,1605693.988162601,
2026-02-17,True,39125.8485089551,149067.82560443698,1098309,0.0,0.0,1019871448.4302547,0.0,5.5821341186013775,29844309.862956647,0.9761653602126638,19205386930.768265,1846671.8202661793,
2026-02-18,True,39128.186301348,146163.5348963469,1101726,0.0,0.0,1019871448.4302547,0.0,5.46413500325144,30009163.701089084,0.9744600701984153,18832308498.149788,1810798.8940528643,
2026-02-19,True,39130.9424017881,124378.63113121245,1105154,0.0,0.0,1019871448.4302547,0.0,4.601302539609408,28887889.93828421,0.9642524095116292,16026409799.792429,1541000.9422877335,
2026-02-20,True,39133.71861672974,123837.67367711736,1108592,0.0,0.0,1019871448.4302547,0.0,4.649016567558084,32468123.187742982,0.9784382794935703,15957830415.27359,1534406.7706993837,
2026-02-21,False,39133.71861672974,133142.17370952357,1112039,0.0,0.0,1019871448.4302547,0.0,4.649016567558084,0.0,0.9766347341560444,17158033608.987558,1649810.9239411114,
2026-02-22,False,39133.71861672974,142397.00065684508,1115497,0.0,0.0,1019871448.4302547,0.0,4.649016567558084,0.0,0.9602566377551305,18350703274.678528,1764490.69948832,
2026-02-23,True,39136.54900176403,122527.49919118173,1118965,0.0,0.0,1019871448.4302547,0.0,5.114997541302564,30942986.707243595,1.0879430834282147,15790120369.62946,1518280.8047720634,
2026-02-24,True,39363.56906030768,127592.00063251119,1122443,0.0,0.0,1025125964.3790845,224.29418232667527,5.44639006370652,35030106.325531594,1.112367267166322,16443971974.972286,1581151.151439643,
2026-02-25,True,39366.397355060755,123325.19431384958,1125931,0.0,0.0,1025125964.3790845,0.0,5.2655135995228655,30419929.637378983,1.1119152718358172,15986265821.999376,1537140.9444230169,
2026-02-26,True,39599.34131566763,130103.23421308049,1129430,0.0,0.0,1030340514.6188241,230.25455782518017,5.744860302056291,34763668.26493131,1.1498546379598436,16866094048.95762,1621739.8123997713,
2026-02-27,True,39819.8358309125,130538.16445310168,1132938,0.0,0.0,1035075534.4300095,217.80717854552327,6.004652657392804,31566798.741235565,1.1968595902633992,17022612647.760895,1636789.6776693168,
2026-02-28,False,39819.8358309125,142204.12526689316,1136457,0.0,0.0,1035075534.4300095,0.0,6.004652657392804,0.0,1.1585477837117508,18647147819.071518,1792994.9826030305,
2026-03-01,False,39819.8358309125,142808.08479885705,1139986,0.0,0.0,1035075534.4300095,0.0,6.004652657392804,0.0,1.16044660394199,18726344696.43447,1800610.066964853,
2026-03-02,True,40081.27865170451,135115.5236890856,1143526,0.0,0.0,1040473562.6703154,258.8228405681617,6.478473636900138,35986854.935372315,1.2463500208571365,17717623438.510845,1703617.6383183505,
2026-03-03,True,40084.003363839554,130252.29176875556,1147075,0.0,0.0,1040473562.6703154,0.0,6.6472139046997905,35553013.02018519,1.3247800001224364,17192051135.562046,1653081.839957889,
2026-03-04,True,40431.58376207552,146736.5568978853,1150635,0.0,0.0,1046877853.9512616,345.1542816122231,7.908252242214965,42695275.20630815,1.398949858310945,19369132380.428104,1862416.575041164,
2026-03-05,True,40434.2286755233,135013.8698486514,1154206,0.0,0.0,1046877853.9512616,0.0,7.329995260487214,40616589.01167265,1.4057256437370549,17976282819.62586,1728488.7326563324,
2026-03-06,True,40760.607642319694,152032.22990752565,1157787,0.0,0.0,1052693420.4738547,324.0235451846905,8.470717672232173,38770443.48395339,1.4425517145352122,20243499046.42964,1946490.292925927,
2026-03-07,False,40760.607642319694,129227.3954213968,1161378,0.0,0.0,1052693420.4738547,0.0,8.470717672232173,0.0,1.5075826042918858,17345866277.71837,1667871.75747292,
2026-03-08,False,40760.607642319694,148611.5047346063,1164980,0.0,0.0,1052693420.4738547,0.0,8.470717672232173,0.0,1.5445603837136,19947746219.376125,1918052.5210938582,
2026-03-09,True,41134.22200226533,158001.87459993284,1168592,0.0,0.0,1058990408.8346026,371.32831111922235,9.31724276553934,41979922.4049863,1.522952754128872,21208191804.084553,2039249.211931207,
2026-03-10,True,41136.55302781387,155425.15191491804,1172215,0.0,0.0,1058990408.8346026,0.0,9.32390638465489,46433473.46937907,1.5444197367430204,21053550254.18966,2024379.832133621,
2026-03-11,True,41139.30298018284,132111.37912768032,1175848,0.0,0.0,1058990408.8346026,0.0,8.02478218095933,45791410.87630875,1.5637133924791162,17896531832.944183,1720820.3685523253,
2026-03-12,True,41508.98999968477,145953.70616150912,1179492,0.0,0.0,1065018339.7201561,367.1903374403133,8.89074404362358,40186205.90368961,1.5680433957774063,19773011080.46482,1901251.0654293096,
2026-03-13,True,41895.212023512555,161543.00565742512,1183146,0.0,0.0,1071369328.6238745,383.9600874566479,9.766363557007397,42339926.02479,1.5511708979128205,22081627451.13906,2123233.4087633714,
2026-03-14,False,41895.212023512555,162447.27914471165,1186811,0.0,0.0,1071369328.6238745,0.0,9.766363557007397,0.0,1.6015019343041124,22411843824.902485,2154984.9831637004,
2026-03-15,False,41895.212023512555,154763.04494235374,1190487,0.0,0.0,1071369328.6238745,0.0,9.766363557007397,0.0,1.6680406426105037,21351697679.248642,2053047.853773908,
2026-03-16,True,41897.64897400064,151254.61177930742,1194173,0.0,0.0,1071369328.6238745,0.0,9.612012366443206,47439697.97256812,1.6251015784768919,20867660910.30863,2006505.8567604453,
2026-03-17,True,42332.85147562268,167106.51713341393,1197870,0.0,0.0,1078174297.496076,432.99014027108393,10.632741405972014,45366459.148011014,1.62705194875349,23055991037.166016,2216922.2151121167,
2026-03-18,True,42335.00571738122,172125.52794079596,1201578,0.0,0.0,1078174297.496076,0.0,10.604165398932151,41613204.66373919,1.569071229872027,23995155092.60435,2307226.451211957,
2026-03-19,True,42337.32969909212,159984.04731619474,1205296,0.0,0.0,1078174297.496076,0.0,9.939398378309368,42486014.192103826,1.5822414955813005,22303707214.76336,2144587.2321887845,
2026-03-20,True,42339.612421165824,163357.60025127666,1209025,0.0,0.0,1078174297.496076,0.0,9.867838611442588,43648430.180900574,1.5383253784063706,22775271393.678993,2189929.941699903,
2026-03-21,False,42339.612421165824,147960.47376494136,1212765,0.0,0.0,1078174297.496076,0.0,9.867838611442588,0.0,1.5941058099217715,20629720524.932377,1983626.97355119,
2026-03-22,False,42339.612421165824,153270.20903778297,1216516,0.0,0.0,1078174297.496076,0.0,9.867838611442588,0.0,1.5827161713035323,21370042260.547504,2054811.7558218755,
2026-03-23,True,42342.12869429511,149506.82245932295,1220278,0.0,0.0,1078174297.496076,0.0,9.042584845795217,44372871.25812639,1.5401877945754194,20845323655.873047,2004358.0438339468,
2026-03-24,True,42764.594004195635,154755.62143729298,1224050,0.0,0.0,1085069417.1136382,420.0279186348874,9.427201437346266,45967464.11707986,1.5511458676025047,21578431557.309917,2074849.1882028766,
2026-03-25,True,42767.23918121804,143052.80773067713,1227834,0.0,0.0,1085069417.1136382,0.0,8.39346479887237,43669921.8916915,1.4887372560585854,20145659657.77586,1937082.659401525,
2026-03-26,True,42769.972792808425,138790.74896204867,1231628,0.0,0.0,1085069417.1136382,0.0,7.928499992766824,43459229.74462636,1.449361825272871,19546656813.962208,1879486.2321117506,
2026-03-27,True,43134.56223435834,148388.30562143386,1235434,0.0,0.0,1091517286.7859504,362.0245494015359,8.331466392650128,42985797.815414585,1.4244274028470167,20899668758.678886,2009583.5344883546,
2026-03-28,False,43134.56223435834,170646.55146464892,1239250,0.0,0.0,1091517286.7859504,0.0,8.331466392650128,0.0,1.4599352634457807,24239500389.285625,2330721.191277464,
2026-03-29,False,43134.56223435834,165752.05957093238,1243077,0.0,0.0,1091517286.7859504,0.0,8.331466392650128,0.0,1.4874927989481515,23544261973.12768,2263871.3435699693,
2026-03-30,True,43513.1645083144,165272.38268850613,1246915,0.0,0.0,1097975114.20148,376.2800468921344,9.629972420516703,43052182.77019676,1.474449757842169,23476126239.481102,2257319.830719337,
2026-03-31,True,43515.82889361735,144498.62021622618,1250765,0.0,1563456.25,1098155984.435482,0.0,8.644077112117248,43187032.253944375,1.509477905547664,20705471372.245014,1990910.708869713,180870.23400200243
2026-04-01,True,43854.10256993184,161281.97506776222,1254625,0.0,0.0,1104087854.7182863,335.88035244902187,9.132270944371527,39545801.88536179,1.4289259623284492,23111804050.23719,2222288.850984345,180870.23400200243
2026-04-02,True,43856.926998461895,137089.6788075979,1258497,0.0,0.0,1104087854.7182863,0.0,7.894294494395236,44393782.42729267,1.449779549050973,19797745636.239967,1903629.3880999968,180870.23400200243
2026-04-03,True,44272.11608453181,157653.13062873756,1262380,0.0,0.0,1110896351.1354172,412.72608391796695,9.556817722352053,45389976.11420566,1.526075914628008,22768873819.17868,2189314.7903056424,180870.23400200243
2026-04-04,False,44272.11608453181,142864.8869089571,1266274,0.0,0.0,1110896351.1354172,0.0,9.556817722352053,0.0,1.573648852890061,20828430018.613995,2002733.655635961,180870.23400200243
2026-04-05,False,44272.11608453181,162798.12343239557,1270179,0.0,0.0,1110896351.1354172,0.0,9.556817722352053,0.0,1.5919945154685085,23734518638.118504,2282165.253665241,180870.23400200243
2026-04-06,True,44274.59908688209,157712.29534128038,1274095,0.0,0.0,1110896351.1354172,0.0,9.744388776490176,44836261.93796128,1.5503591263548173,22993050130.534832,2210870.2048591184,180870.23400200243
2026-04-07,True,44276.992289713955,164131.51228516133,1278023,0.0,0.0,1110896351.1354172,0.0,10.019923892380643,44900483.069330595,1.5317622237271575,23930256928.648556,2300986.243139284,180870.23400200243
2026-04-08,True,44279.44261648892,160754.06922234836,1281962,0.0,0.0,1110896351.1354172,0.0,10.100826902753258,49086579.549608245,1.5764869569202877,23439095048.961597,2253759.1393232304,180870.23400200243
2026-04-09,True,44281.98737135485,155221.23772641754,1285912,0.0,0.0,1110896351.1354172,0.0,9.855025283811635,46821913.11603128,1.592861427405049,22633621070.43172,2176309.718310742,180870.23400200243
2026-04-10,True,44761.15783571079,168889.79642115717,1289873,0.0,0.0,1118148409.6039555,476.8251480112325,11.104557764595196,48347056.45692191,1.6494695092248886,24628120457.52331,2368088.5055310875,180870.23400200243
2026-04-11,False,44761.15783571079,194223.26588433073,1293846,0.0,0.0,1118148409.6039555,0.0,11.104557764595196,0.0,1.694251797628062,28628811403.925156,2752770.327300496,180870.23400200243
2026-04-12,False,44761.15783571079,168983.57830726396,1297830,0.0,0.0,1118148409.6039555,0.0,11.104557764595196,0.0,1.6438194301993978,24908442207.949585,2395042.5199951525,180870.23400200243
2026-04-13,True,45280.405171269056,168670.18443412118,1301826,0.0,0.0,1125503050.686473,516.8782150089568,11.85400387012493,49030940.550115444,1.755597215724306,24862247463.728294,2390600.717666182,180870.23400200243
2026-04-14,True,45282.94724945858,157626.93753934142,1305833,0.0,0.0,1125503050.686473,0.0,11.475413971650614,51083640.901387386,1.8095654504732779,23503984679.45078,2259998.526870267,180870.23400200243
2026-04-15,True,45852.4093569288,161425.89677963738,1309852,0.0,0.0,1132999495.9511838,566.9724202018382,12.208990814786226,49976301.76473936,1.8798298888892582,24071804418.248016,2314596.578677694,180870.23400200243
2026-04-16,True,45855.06028697935,152022.11763989125,1313882,0.0,0.0,1132999495.9511838,0.0,11.7310019537592,52220007.68142167,1.9067593509270782,22954598031.130135,2207172.887608667,180870.23400200243
2026-04-17,True,45857.9172312054,141444.83336965492,1317923,0.0,0.0,1132999495.9511838,0.0,10.873907015735822,54970108.111475915,1.899507333034685,21358714484.16317,2053722.546554151,180870.23400200243
2026-04-18,False,45857.9172312054,150426.2650194165,1321977,0.0,0.0,1132999495.9511838,0.0,10.873907015735822,0.0,1.9090421549534815,22716360474.310066,2184265.4302221215,180870.23400200243
2026-04-19,False,45857.9172312054,165351.68195559003,1326041,0.0,0.0,1132999495.9511838,0.0,10.873907015735822,0.0,1.8958989043918624,24970296323.263885,2400990.031083066,180870.23400200243
2026-04-20,True,46516.91405657719,145986.40842612565,1330118,0.0,0.0,1141378701.4111943,656.2040996352258,11.432692533609945,55861369.73340356,1.934868660487602,22045883262.006626,2119796.4675006373,180870.23400200243
2026-04-21,True,47190.421814707755,162437.77151679606,1334206,0.0,0.0,1149390043.5280302,670.9911020832487,13.604998730605827,53408947.44557292,2.0550876585776896,24882766933.77738,2392573.7436324405,180870.23400200243
2026-04-22,True,47929.05089667654,170930.2955452424,1338305,0.0,0.0,1158083316.3450608,736.2310284306909,14.476042559333868,57955152.11353761,2.062739471851585,26562787992.142773,2554114.230013728,180870.23400200243
2026-04-23,True,48654.82142850499,185341.1064102864,1342417,0.0,0.0,1166604219.1587892,723.551919843416,15.738228248889813,56806018.75818958,2.0517529394922933,29253062124.24652,2812794.435023704,180870.23400200243
2026-04-24,True,48657.43854260841,157539.94044874344,1346540,0.0,0.0,1166604219.1587892,0.0,13.550230244410004,58443535.179195255,2.0623086227507907,25241625155.824657,2427079.341906217,180870.23400200243
2026-04-25,False,48657.43854260841,134378.07759467803,1350675,0.0,0.0,1166604219.1587892,0.0,13.550230244410004,0.0,2.0619500775813298,21531704935.099815,2070356.2437595977,180870.23400200243
2026-04-26,False,48657.43854260841,153504.12391943214,1354821,0.0,0.0,1166604219.1587892,0.0,13.550230244410004,0.0,2.017944346360916,24596314828.40257,2365030.2719617854,180870.23400200243
2026-04-27,True,48659.980542524056,163571.9959868536,1358979,0.0,0.0,1166604219.1587892,0.0,13.520037579072058,56787222.886079796,1.9817243492252015,26209512863.084366,2520145.467604266,180870.23400200243
2026-04-28,True,48662.7851822078,148717.85577920597,1363150,0.0,0.0,1166604219.1587892,0.0,12.071268662430453,61448987.72868325,1.9459936220681828,23830645114.94722,2291408.1841295403,180870.23400200243
2026-04-29,True,49368.296402352615,161205.3404483341,1367332,0.0,0.0,1175380959.3971,702.9170132851882,12.91071324396117,58511601.58873805,1.9199830339008335,25833136582.857883,2483955.4406594117,180870.23400200243
2026-04-30,True,49371.314294816526,138971.15454418707,1371526,0.0,0.0,1175380959.3971,0.0,11.386215260439776,57141207.38755724,1.9506764221668806,22592982169.835712,2172402.131714972,180870.23400200243
2026-05-01,True,49374.62742074888,126949.59641952871,1375732,0.0,0.0,1175380959.3971,0.0,10.082405641841529,57743405.261183254,1.890761733685471,20639860908.592457,1984602.0104415824,180870.23400200243
2026-05-02,False,49374.62742074888,145992.035882458,1379949,0.0,0.0,1175380959.3971,0.0,10.082405641841529,0.0,1.8922133212417749,23737432869.14177,2282445.4681867086,180870.23400200243
2026-05-03,False,49374.62742074888,154251.91858592877,1384179,0.0,0.0,1175380959.3971,0.0,10.082405641841529,0.0,1.8080789336880068,25080440451.681973,2411580.8126617284,180870.23400200243
2026-05-04,True,50018.132378600036,142603.34221242633,1388421,0.0,0.0,1184085634.2841618,640.5302730126401,10.493414045320149,58031165.91374566,1.7517088526672486,23186451522.65773,2229466.4925632435,180870.23400200243
2026-05-05,True,50021.42823685087,129071.08486603806,1392675,0.0,0.0,1184085634.2841618,0.0,9.41121319023401,50060708.93723233,1.7261251948057201,21259702611.672382,2044202.1741992675,180870.23400200243
2026-05-06,True,50024.813188693726,126028.38084709713,1396941,0.0,0.0,1184085634.2841618,0.0,8.789436468174268,49710456.08673871,1.6508959382106556,20759897150.961124,1996143.956823185,180870.23400200243
2026-05-07,True,50028.06399992034,131597.92131192333,1401219,0.0,0.0,1184085634.2841618,0.0,8.998445373990585,45021179.66936486,1.6185126268125711,21678800958.453655,2084500.0921590053,180870.23400200243
2026-05-08,True,50576.6875369907,147778.08101338605,1405509,0.0,0.0,1192220566.4937515,545.7205355084371,9.913485623391638,54232881.39726546,1.5877633529634902,24345823690.742466,2340944.585648314,180870.23400200243
2026-05-09,False,50576.6875369907,169944.79316539393,1409811,0.0,0.0,1192220566.4937515,0.0,9.913485623391638,0.0,1.590123277525624,28304728827.50778,2721608.541106517,180870.23400200243
2026-05-10,False,50576.6875369907,151813.72073283693,1414125,0.0,0.0,1192220566.4937515,0.0,9.913485623391638,0.0,1.5479843904902928,25284953528.73781,2431245.531609405,180870.23400200243
2026-05-11,True,50579.633535695604,146877.1860896768,1418452,0.0,0.0,1192220566.4937515,0.0,9.465957258434276,44195458.52315658,1.5192051453562327,24462761381.39582,2352188.5943649826,180870.23400200243
2026-05-12,True,50582.63372609361,144624.15461648334,1422791,0.0,0.0,1192220566.4937515,0.0,9.095438210414153,47988691.759434566,1.4823942626401168,24088916427.86923,2316241.964218195,180870.23400200243
2026-05-13,True,50585.495885988,152018.0619026778,1427142,0.0,0.0,1192220566.4937515,0.0,8.78215966305512,46369903.28582868,1.3616368874453424,25321963757.03645,2434804.207407351,180870.23400200243
2026-05-14,True,50954.156958438194,166936.86171524215,1431505,0.0,0.0,1198605239.0298553,366.0475094808327,9.570862424950885,42564483.57402451,1.3512304590310424,27808592601.692345,2673903.13477811,180870.23400200243
2026-05-15,True,50957.229010515955,142412.9503424367,1435880,0.0,0.0,1198605239.0298553,0.0,8.292866425441,47906391.291060984,1.3697828913704633,23896255736.19383,2297716.897710945,180870.23400200243
2026-05-16,False,50957.229010515955,148938.58834003907,1440268,0.0,0.0,1198605239.0298553,0.0,8.292866425441,0.0,1.3658257831087943,24992735322.33643,2403147.6271477337,180870.23400200243
2026-05-17,False,50957.229010515955,150499.31865781863,1444669,0.0,0.0,1198605239.0298553,0.0,8.292866425441,0.0,1.375969411099314,25254634674.11996,2428330.2571269195,180870.23400200243
2026-05-18,True,50960.56821122174,132127.42775114908,1449081,0.0,0.0,1198605239.0298553,0.0,7.828506152322656,49830665.98229485,1.3936582339449408,22171727739.666393,2131896.8980448456,180870.23400200243
2026-05-19,True,51382.0016309081,151946.54191382142,1453507,0.0,0.0,1205705578.3255055,418.5205531319393,8.956297455702606,47335595.30433528,1.3863714243058598,25499157737.667492,2451842.090160336,180870.23400200243
2026-05-20,True,51385.26081627884,136138.31357453566,1457944,0.0,0.0,1205705578.3255055,0.0,7.869335421717061,44558202.271528974,1.3564005032268585,23035208001.601196,2214923.846307807,180870.23400200243
2026-05-21,True,51388.30671724,146097.98731963834,1462394,0.0,0.0,1205705578.3255055,0.0,8.073147903566651,44102939.28972747,1.2965861583349805,24721997114.23278,2377115.107137767,180870.23400200243
2026-05-22,True,51771.2567040865,150321.67570466985,1466857,0.0,0.0,1212372715.3182757,379.9810204755051,8.567303146131264,44447579.95180143,1.3372096083932123,25438217082.015892,2445982.4117322974,180870.23400200243
2026-05-23,False,51771.2567040865,143687.3885985703,1471332,0.0,0.0,1212372715.3182757,0.0,8.567303146131264,0.0,1.2940042905165854,24496729820.39936,2355454.7904230156,180870.23400200243
2026-05-24,False,51771.2567040865,129814.56179536172,1475820,0.0,0.0,1212372715.3182757,0.0,8.567303146131264,0.0,1.309691265155048,22131603045.127335,2128038.754339167,180870.23400200243
2026-05-25,True,51774.27103732011,149286.74606466596,1480320,0.0,0.0,1212372715.3182757,0.0,8.596300097266052,43980773.75301987,1.3484590520084125,25451343501.89643,2447244.5674900413,180870.23400200243
2026-05-26,True,51777.513957571224,139164.6926393453,1484833,0.0,0.0,1212372715.3182757,0.0,8.23967348552237,47828948.60836593,1.3864464448647638,23727053570.110928,2281447.4586645123,180870.23400200243
2026-05-27,True,52225.55362943849,148492.63984613656,1489358,0.0,0.0,1219604974.8544092,444.9923827863443,9.136576653704257,48215063.57422294,1.4406999253622008,25319019053.29563,2434521.0628168876,180870.23400200243
2026-05-28,True,52683.53083472547,149611.6431795356,1493897,0.0,0.0,1226692397.5744562,454.94335049898604,9.603606968331752,47249484.80031372,1.499012036054763,25730557640.11465,2474092.0807802547,180870.23400200243
2026-05-29,True,52686.978539845055,132000.84816250554,1498448,0.0,0.0,1226692397.5744562,0.0,8.798091106930745,50855398.92861613,1.5519314469087995,22900889353.310772,2202008.5916644973,180870.23400200243
2026-05-30,False,52686.978539845055,144765.96875364566,1503011,0.0,0.0,1226692397.5744562,0.0,8.798091106930745,0.0,1.5188735795344381,25117159744.84902,2415111.5139277903,180870.23400200243
2026-05-31,False,52686.978539845055,142515.24724677618,1507588,0.0,0.0,1226692397.5744562,0.0,8.798091106930745,0.0,1.533436677992215,24726655456.33484,2377563.0246475805,180870.23400200243
2026-06-01,True,52690.42496503079,133152.46241207345,1512177,0.0,0.0,1226692397.5744562,0.0,8.689973109775616,49148060.71542055,1.519503169642325,23102195202.488365,2221364.923316189,180870.23400200243
2026-06-02,True,53221.9777067725,137548.96208671742,1516779,0.0,0.0,1234434163.9472666,528.2070240204133,9.384722351747522,51611775.818736404,1.5884300090189196,23866557005.034634,2294861.2504840996,180870.23400200243
2026-06-03,True,53756.46552121468,155844.54121017724,1521394,0.0,0.0,1242138328.077804,531.5265300980765,10.752043546921803,51361094.20358337,1.6002076556664553,27313877458.198036,2626334.3709805803,180870.23400200243
2026-06-04,True,53759.95919885015,132467.86002865064,1526022,0.0,0.0,1242138328.077804,0.0,8.715303847412933,49184078.38533453,1.5202368971106415,23449953174.11222,2254803.189818483,180870.23400200243
2026-06-05,True,53763.564497240746,128699.47220181512,1530662,0.0,0.0,1242138328.077804,0.0,8.470058224438862,47020651.09801646,1.5206198739419388,22784339825.03111,2190801.9062529914,180870.23400200243
2026-06-06,False,53763.564497240746,148004.3930320874,1535316,0.0,0.0,1242138328.077804,0.0,8.470058224438862,0.0,1.5497458313088257,26203747980.090694,2519591.1519317976,180870.23400200243
2026-06-07,False,53763.564497240746,151945.00820040458,1539983,0.0,0.0,1242138328.077804,0.0,8.470058224438862,0.0,1.5366647477786328,26901422452.05532,2586675.23577455,180870.23400200243
2026-06-08,True,54278.39665164288,160172.32185996993,1544662,0.0,0.0,1249774506.4076645,511.91092559951545,10.737565048491861,50907855.53240311,1.5488174925053697,28358044443.280056,2726735.042623082,180870.23400200243
2026-06-09,True,54281.52557656646,149987.6192180057,1549355,0.0,0.0,1249774506.4076645,0.0,10.291195909399706,48008190.42657655,1.5798472017144027,26809158052.71069,2577803.658914489,180870.23400200243
2026-06-10,True,54285.216861631925,127489.47633530485,1554061,0.0,0.0,1249774506.4076645,0.0,8.898113329920548,54297299.9176103,1.6069531379214321,22789097966.259182,2191259.419832614,180870.23400200243
2026-06-11,True,54833.2782864548,146612.89778560057,1558779,0.0,0.0,1257722045.818766,544.8434269036875,10.05104467254393,52983596.074011326,1.5782983771579,26209244836.892223,2520119.6958550215,180870.23400200243
2026-06-12,True,54836.78494935715,134943.11063738202,1563511,0.0,0.0,1257722045.818766,0.0,8.805161747865341,46165679.27110205,1.4966735478967808,24366641954.527718,2342946.3417815114,180870.23400200243
2026-06-13,False,54836.78494935715,149560.12823293344,1568256,0.0,0.0,1257722045.818766,0.0,8.805161747865341,0.0,1.4537086045724503,27007760045.42533,2596900.0043678205,180870.23400200243
2026-06-14,False,54836.78494935715,170138.2040651572,1573015,0.0,0.0,1257722045.818766,0.0,8.805161747865341,0.0,1.39410314459833,30723775408.87622,2954209.1739304056,180870.23400200243
2026-06-15,True,55284.8043822624,149025.05227253956,1577786,0.0,0.0,1265030417.063088,444.8179577658473,9.070286277441472,48722474.962145194,1.3959645855345182,26911135341.266975,2587609.167429517,180870.23400200243
2026-06-16,True,55288.29864436736,136938.78296110602,1582571,0.0,0.0,1265030417.063088,0.0,8.420070756367899,48592720.01617418,1.4069688036874088,24930615122.84276,2397174.531042573,180870.23400200243
2026-06-17,True,55684.518600972464,152642.7400511991,1587369,0.0,0.0,1271808324.032331,393.0766692149609,8.8523345202938,45186046.46162054,1.3269342560428208,27791381268.75377,2672248.1989186318,180870.23400200243
2026-06-18,True,55687.8530279897,144282.66011319123,1592180,0.0,0.0,1271808324.032331,0.0,8.403970737986635,45113901.39194638,1.330324485000529,26457534027.94868,2543993.656533527,180870.23400200243
2026-06-19,True,55691.75408140013,123658.90677381863,1597004,0.0,0.0,1271808324.032331,0.0,7.021648871096569,42617386.48791151,1.2968056497324587,22677053801.714462,2180485.9424725445,180870.23400200243
2026-06-20,False,55691.75408140013,142207.7427898914,1601842,0.0,0.0,1271808324.032331,0.0,7.021648871096569,0.0,1.3043894465851413,26080438734.604156,2507734.493711938,180870.23400200243
2026-06-21,False,55691.75408140013,163538.9042083751,1606693,0.0,0.0,1271808324.032331,0.0,7.021648871096569,0.0,1.2662185046803434,29992504544.79478,2883894.667768729,180870.23400200243
2026-06-22,True,56072.41297209048,139008.06857711883,1611558,0.0,0.0,1278598340.6743865,377.15909384416335,7.721359157921445,45266777.61370265,1.2684825912122906,25493628863.07556,2451310.4676034194,180870.23400200243
2026-06-23,True,56075.86986528954,141109.36378733456,1616436,0.0,0.0,1278598340.6743865,0.0,7.565570023597912,45492911.32402403,1.2225614921687897,26055885223.284416,2505373.579161963,180870.23400200243
2026-06-24,True,56079.72857445079,126778.14770625715,1621328,0.0,0.0,1278598340.6743865,0.0,6.142235360536418,41210846.33187536,1.1046893546500214,23411065204.88022,2251063.9620077135,180870.23400200243
2026-06-25,True,56083.520696634514,129347.0980722997,1626233,0.0,0.0,1278598340.6743865,0.0,6.116861369452076,41748142.29737706,1.0782021207594894,23887095497.11407,2296836.1054917374,180870.23400200243
2026-06-26,True,56086.83580450628,148351.13034747532,1631151,0.0,0.0,1278598340.6743865,0.0,6.947985452553711,41231056.21137146,1.0677434308127154,27398505994.3572,2634471.730226654,180870.23400200243
2026-06-27,False,56086.83580450628,147239.49506340985,1636083,0.0,0.0,1278598340.6743865,0.0,6.947985452553711,0.0,1.0376459632502806,27194808948.100246,2614885.47577887,180870.23400200243
2026-06-28,False,56086.83580450628,143574.52304755428,1641029,0.0,0.0,1278598340.6743865,0.0,6.947985452553711,0.0,1.0428100583738467,26517896726.08805,2549797.762123851,180870.23400200243
2026-06-29,True,56090.14617198831,149802.09982493473,1645988,0.0,2057485.0,1278899377.021432,0.0,6.834673022688028,37948984.860655956,1.0400950709145462,27668116377.39528,2660395.8055187766,301036.34704543714
2026-06-30,True,56093.429211881434,151475.46669817483,1650961,0.0,0.0,1278899377.021432,0.0,6.965295626671188,39630040.48196423,1.048448393576786,27978834810.744358,2690272.5779561885,301036.34704543714
2026-07-01,True,56096.87770874774,144613.73152825586,1655948,0.0,0.0,1278899377.021432,0.0,6.6305210052656784,35727958.556277625,1.0453518870238914,26712976164.72011,2568555.4004538567,301036.34704543714
2026-07-02,True,56099.884218600586,166305.79125749422,1660948,0.0,0.0,1278899377.021432,0.0,7.1338725860007255,37604229.71511364,0.9779477723038352,30721811180.628044,2954020.3058296195,301036.34704543714
2026-07-03,True,56103.07475470141,157152.27289556456,1665962,0.0,0.0,1278899377.021432,0.0,6.669968530024501,35791250.29366409,0.9675591606860797,29032429806.496006,2791579.789086154,301036.34704543714
2026-07-04,False,56103.07475470141,153989.5850637628,1670990,0.0,0.0,1278899377.021432,0.0,6.669968530024501,0.0,0.9597785710133221,28449770378.58722,2735554.844094925,301036.34704543714
2026-07-05,False,56103.07475470141,133002.67723841913,1676032,0.0,0.0,1278899377.021432,0.0,6.669968530024501,0.0,0.97108184655446,24572412644.68352,2362731.9850657233,301036.34704543714
2026-07-06,True,56106.5579865371,145123.8458553395,1681087,0.0,0.0,1278899377.021432,0.0,6.183358763753077,37888341.53360125,0.9712597213090316,26811813859.569134,2578059.0249585705,301036.34704543714
2026-07-07,True,56109.88206107963,152493.57182374626,1686156,0.0,0.0,1278899377.021432,0.0,6.632860855407194,40442880.94626093,0.9914529266827851,28175129223.228394,2709147.0406950377,301036.34704543714
2026-07-08,True,56113.23526022388,151586.58288193325,1691239,0.0,0.0,1278899377.021432,0.0,6.446447264554785,38952671.43562145,0.969296604013749,28009210794.88622,2693193.3456621366,301036.34704543714
2026-07-09,True,56116.53922942943,154268.99232128198,1696336,0.0,0.0,1278899377.021432,0.0,6.626367595807238,38788809.95102288,0.9789667659252982,28506552945.60098,2741014.7063077865,301036.34704543714
2026-07-10,True,56119.42013748439,177409.34116947427,1701447,0.0,0.0,1278899377.021432,0.0,7.175890544843669,38098514.03782106,0.9218172242172044,32784466135.95646,3152352.5130727366,301036.34704543714
2026-07-11,False,56119.42013748439,174739.51801250462,1706572,0.0,0.0,1278899377.021432,0.0,7.175890544843669,0.0,0.9236826460451274,32292752314.992764,3105072.3379800734,301036.34704543714
2026-07-12,False,56119.42013748439,155212.84696887163,1711711,0.0,0.0,1278899377.021432,0.0,7.175890544843669,0.0,0.9842320638217303,28684124119.605064,2758088.857654333,301036.34704543714
2026-07-13,True,56122.83758933874,150784.86017113633,1716864,0.0,0.0,1278899377.021432,0.0,6.413408095157416,40691597.82558034,0.9692913540064164,27865809621.890293,2679404.771335605,301036.34704543714
2026-07-14,True,56126.0930276355,158719.02733183195,1722031,0.0,0.0,1278899377.021432,0.0,7.089748664495502,40141264.16055504,1.0178847339570596,29333870304.877033,2820564.4523920226,301036.34704543714
2026-07-15,True,56129.933332241766,134911.17323205716,1727212,0.0,0.0,1278899377.021432,0.0,6.258970314998483,39268436.72920489,1.0571254701965065,24935236058.326916,2397618.8517622035,301036.34704543714
2026-07-16,True,56133.45765580519,147404.17292866582,1732407,0.0,0.0,1278899377.021432,0.0,7.020326400538281,41256199.54495669,1.0851490027356812,27246144643.68047,2619821.6003538915,301036.34704543714
2026-07-17,True,56509.61617870134,141311.29315509775,1737616,0.0,0.0,1285982210.8229892,372.47233484726826,7.4312836890500975,47218892.01038254,1.1981234037664361,26121578546.57098,2511690.244862594,301036.34704543714
2026-07-18,False,56509.61617870134,157719.5070883098,1742840,0.0,0.0,1285982210.8229892,0.0,7.4312836890500975,0.0,1.1754154130655656,29350028127.605804,2822118.089192866,301036.34704543714
2026-07-19,False,56509.61617870134,181377.43315155624,1748078,0.0,0.0,1285982210.8229892,0.0,7.4312836890500975,0.0,1.206112033385781,33752532346.746674,3245435.8025717954,301036.34704543714
2026-07-20,True,56844.3867869007,154170.8181788228,1753330,0.0,0.0,1292100359.7599757,331.36399723235536,8.35001878746048,40787659.57990902,1.2325310784922543,28689652494.734673,2758620.432186026,301036.34704543714
2026-07-21,True,56848.004193856825,145573.88935974447,1758596,0.0,0.0,1292100359.7599757,0.0,8.071309375989175,46963472.19111435,1.2602861699020689,27250333668.60523,2620224.391212041,301036.34704543714
2026-07-22,True,56851.941581855805,134099.0525031303,1763876,0.0,0.0,1292100359.7599757,0.0,7.4666918273741905,46917082.88848934,1.2655623405275833,25103928229.11876,2413839.2527998807,301036.34704543714
2026-07-23,True,57186.301052728566,148251.2568891982,1769171,0.0,0.0,1298230764.1642714,330.78783167650727,7.99942525412068,40869362.695303895,1.2263412790479158,27755204930.658695,2668769.704871028,301036.34704543714
2026-07-24,True,57189.88750996623,148029.08966090996,1774480,0.0,0.0,1298230764.1642714,0.0,7.8860495171065725,42688764.57102656,1.20940656432145,27876601558.97763,2680442.457594003,301036.34704543714
2026-07-25,False,57189.88750996623,127453.04449890633,1779804,0.0,0.0,1298230764.1642714,0.0,7.8860495171065725,0.0,1.1838408444680801,24003258899.988274,2308005.663460411,301036.34704543714
2026-07-26,False,57189.88750996623,130693.43677036304,1785141,0.0,0.0,1298230764.1642714,0.0,7.8860495171065725,0.0,1.1908941542060685,24613522663.675488,2366684.8715072586,301036.34704543714
2026-07-27,True,57583.52179656576,150297.45228591748,1790494,0.0,0.0,1305376542.4234872,390.0726826477692,8.20441501003499,47638521.72810624,1.2391636228975442,28305551063.226807,2721687.602233347,301036.34704543714
2026-07-28,True,57587.01884452755,153472.30174238255,1795861,0.0,0.0,1305376542.4234872,0.0,8.392690692528875,43084244.81493118,1.2396777103961258,29102411851.910847,2798308.8319145045,301036.34704543714
2026-07-29,True,57590.78707650581,142799.0641509786,1801242,0.0,0.0,1305376542.4234872,0.0,7.688204816212164,41916996.47160306,1.2204241440621797,27080127888.987988,2603858.4508642294,301036.34704543714
2026-07-30,True,57937.53045822194,157411.4270273379,1806638,0.0,0.0,1311912485.2479267,343.3154221950797,8.268397074427357,43572952.16293036,1.1906054296907513,29853140379.461235,2870494.267255888,301036.34704543714
2026-07-31,True,57941.22925458595,146263.7968566091,1812048,0.0,0.0,1311912485.2479267,0.0,7.464485997749073,43166065.46090432,1.1556011091897977,27905999108.043037,2683269.1450041384,301036.34704543714
2026-08-01,False,57941.22925458595,142341.18478566912,1817473,0.0,0.0,1311912485.2479267,0.0,7.464485997749073,0.0,1.0966048763214293,27159328890.52796,2611473.9317815346,301036.34704543714
2026-08-02,False,57941.22925458595,132288.7590321293,1822913,0.0,0.0,1311912485.2479267,0.0,7.464485997749073,0.0,1.0748141692112223,25241281506.00536,2427046.2986543616,301036.34704543714
2026-08-03,True,57945.350025740976,132353.8676335927,1828367,0.0,0.0,1311912485.2479267,0.0,6.112647289828037,39471287.26884328,1.0457066278992007,25253704515.715508,2428240.8188187988,301036.34704543714
2026-08-04,True,57949.12684606449,144804.3468192054,1833836,0.0,0.0,1311912485.2479267,0.0,6.688322527915212,41584528.341403976,1.0457355768181755,27631276115.15009,2656853.4726105854,301036.34704543714
2026-08-05,True,57952.9810619015,142259.80671240835,1839319,0.0,0.0,1311912485.2479267,0.0,6.538459377102635,43507573.7952902,1.0405218014728257,27147501388.251305,2610336.671947241,301036.34704543714
2026-08-06,True,57956.93491496283,139079.52356094177,1844818,0.0,0.0,1311912485.2479267,0.0,6.376039134481727,42644021.437131986,1.0378076417072764,26542371782.46932,2552151.1329297423,301036.34704543714
2026-08-07,True,57960.767368010136,143850.4250920874,1850331,0.0,0.0,1311912485.2479267,0.0,6.644575336210425,42364228.71531889,1.0455758313408607,27454738546.946606,2639878.7064371738,301036.34704543714
2026-08-08,False,57960.767368010136,162865.9662533611,1855859,0.0,0.0,1311912485.2479267,0.0,6.644575336210425,0.0,1.059956436914267,31086027009.440853,2989041.058600082,301036.34704543714
2026-08-09,False,57960.767368010136,151757.41307567348,1861401,0.0,0.0,1311912485.2479267,0.0,6.644575336210425,0.0,1.0235203439430978,28965751103.668045,2785168.3753526965,301036.34704543714
2026-08-10,True,57964.70883363853,141013.5346599806,1866959,0.0,0.0,1311912485.2479267,0.0,6.126735551747109,40379027.0165386,0.9834200875276295,26915080221.9639,2587988.482881144,301036.34704543714
2026-08-11,True,57968.1448282067,162165.56485897768,1872531,0.0,0.0,1311912485.2479267,0.0,6.969440856937237,39475797.957945816,0.9727035577786928,30954447085.795715,2976389.142864973,301036.34704543714
2026-08-12,True,57972.08123361402,141956.9231766645,1878119,0.0,0.0,1311912485.2479267,0.0,6.181522770816819,40815358.643609576,0.9854948500658418,27098592399.62894,2605633.884579706,301036.34704543714
2026-08-13,True,57975.51277061751,163250.46165316418,1883721,0.0,0.0,1311912485.2479267,0.0,7.325304696003999,40025205.79944704,1.0154469720023447,31165497451.196526,2996682.447230435,301036.34704543714
2026-08-14,True,57978.817560866824,169965.40101648375,1889338,0.0,0.0,1311912485.2479267,0.0,7.467703173727574,37214697.72453469,0.9942298334672015,32449340521.163143,3120128.896265687,301036.34704543714
2026-08-15,False,57978.817560866824,175129.2022475911,1894970,0.0,0.0,1311912485.2479267,0.0,7.467703173727574,0.0,0.9781612795480766,33437105577.50737,3215106.305529555,301036.34704543714
2026-08-16,False,57978.817560866824,155290.3216439318,1900618,0.0,0.0,1311912485.2479267,0.0,7.467703173727574,0.0,0.9788696949933485,29649303561.7916,2850894.5732491924,301036.34704543714
2026-08-17,True,57982.100180328285,172484.20252396754,1906280,0.0,0.0,1311912485.2479267,0.0,8.041561077447733,41685549.47332133,1.054937063912341,32932100507.67187,3166548.12573768,301036.34704543714
2026-08-18,True,57985.46320574591,168806.33640911896,1911957,0.0,0.0,1311912485.2479267,0.0,8.087609568636676,40346997.56946685,1.0840326330316998,32231716881.802525,3099203.546327166,301036.34704543714
2026-08-19,True,57989.20004530686,152347.99105344655,1917650,0.0,0.0,1311912485.2479267,0.0,7.451480103974907,41789410.422767594,1.106602249842256,29090863710.207798,2797198.4336738265,301036.34704543714
2026-08-20,True,58357.109738784726,153332.47781267622,1923358,0.0,0.0,1318824146.1351464,364.1870640118625,8.079346747974725,46077739.24813135,1.1920647370741493,29280738411.25633,2815455.616466955,301036.34704543714
2026-08-21,True,58360.867249182724,152281.68105805127,1929080,0.0,0.0,1318824146.1351464,0.0,8.070364096826182,44407267.11768283,1.1976738896789982,29264572881.30375,2813901.238586899,301036.34704543714
2026-08-22,False,58360.867249182724,156188.33911885953,1934818,0.0,0.0,1318824146.1351464,0.0,8.070364096826182,0.0,1.2411626103931117,30017263444.32495,2886275.3311850913,301036.34704543714
2026-08-23,False,58360.867249182724,146574.99942584382,1940572,0.0,0.0,1318824146.1351464,0.0,8.070364096826182,0.0,1.2658619292694124,28169710984.435875,2708626.0561957574,301036.34704543714
2026-08-24,True,58767.10179945114,167236.88532657886,1946340,0.0,0.0,1325966922.0899985,402.7855503730065,9.430591316976026,47618506.365680724,1.2743009510868741,32140642974.8642,3090446.4398907884,301036.34704543714
2026-08-25,True,58770.72085642046,159820.6397145921,1952124,0.0,0.0,1325966922.0899985,0.0,8.65421652753074,46347140.894695684,1.2217808371835062,30929143325.503895,2973956.088990759,301036.34704543714
2026-08-26,True,58774.53147992976,152179.82006996867,1957923,0.0,0.0,1325966922.0899985,0.0,8.505984960254997,49791385.51619492,1.2610700654351377,29452274331.660797,2831949.454967384,301036.34704543714
2026-08-27,True,59219.831545501096,171089.3924889431,1963738,0.0,0.0,1333530116.353484,441.90125754740535,9.996387116340351,50421295.08990324,1.3181459397924755,33114104363.027046,3184048.4964449084,301036.34704543714
2026-08-28,True,59223.46658448309,160383.42446612092,1969568,0.0,0.0,1333530116.353484,0.0,9.609345492238063,47546622.543374225,1.3491802854332968,31277166570.736584,3007419.8625708255,301036.34704543714
2026-08-29,False,59223.46658448309,163700.63241841955,1975413,0.0,0.0,1333530116.353484,0.0,9.609345492238063,0.0,1.3942899743381536,31926031303.07272,3069810.7022185307,301036.34704543714
2026-08-30,False,59223.46658448309,168693.62087360682,1981274,0.0,0.0,1333530116.353484,0.0,9.609345492238063,0.0,1.477209039051403,32899798498.47821,3163442.1633152124,301036.34704543714
2026-08-31,True,59768.579392631385,157379.91017931874,1987150,0.0,0.0,1341497018.6520233,541.3791676898013,10.69452110635217,53112681.9902627,1.5301043585258307,30693320267.798466,2951280.794980622,301036.34704543714
2026-09-01,True,60341.96899682428,180986.89670621653,1993042,0.0,0.0,1349712946.67295,570.1341198969471,12.559360890656698,54772853.472845286,1.5575327415135316,35622206758.65548,3425212.188332258,301036.34704543714
2026-09-02,True,60345.287737469494,177989.20227539112,1998949,0.0,0.0,1349712946.67295,0.0,12.49578597914909,52053527.46312309,1.5703333639609223,35368275686.94552,3400795.7391293766,301036.34704543714
2026-09-03,True,60349.202713886625,151290.82193408246,2004872,0.0,0.0,1349712946.67295,0.0,10.989461100791287,58963621.31123639,1.6246576695257215,30064687767.08828,2890835.362220027,301036.34704543714
2026-09-04,True,61087.395637671674,173984.44522419482,2010810,0.0,0.0,1359171495.1924245,734.7799750054347,13.515846120570698,63056990.129829586,1.7374115039116678,34576633989.23536,3324676.3451187843,301036.34704543714
2026-09-05,False,61087.395637671674,181929.18611680745,2016764,0.0,0.0,1359171495.1924245,0.0,13.515846120570698,0.0,1.832136244755429,36597779808.93584,3519017.2893207534,301036.34704543714
2026-09-06,False,61087.395637671674,189495.05391846714,2022734,0.0,0.0,1359171495.1924245,0.0,13.515846120570698,0.0,1.8510014025220762,38119767400.80512,3665362.2500774157,301036.34704543714
2026-09-07,True,61091.11201590717,161070.79583069705,2028720,0.0,0.0,1359171495.1924245,0.0,13.648537271859126,65011643.34350963,1.8853498613664772,32401802290.684357,3115557.9125658036,301036.34704543714
2026-09-08,True,61927.72981779404,183174.2262024741,2034721,0.0,0.0,1368821810.3566332,833.3416859591958,15.817796195297634,64335434.42805691,1.921223266167185,36850480003.01785,3543315.3849055627,301036.34704543714
2026-09-09,True,62810.110043287925,198870.68946037843,2040737,0.0,0.0,1379164867.018665,879.3551442130183,16.907764263936457,68953711.0802129,1.879217990583293,40556147343.9914,3899629.5523068653,301036.34704543714
2026-09-10,True,62813.15165183485,198348.99550441594,2046770,0.0,0.0,1379164867.018665,0.0,16.98229071470532,67723559.68453807,1.8799785616522746,41026107423.698494,3944818.0215094704,301036.34704543714
2026-09-11,True,62816.44668505725,183548.98393382836,2052818,0.0,0.0,1379164867.018665,0.0,15.43791916353695,59530356.20444181,1.8467256377898498,37966741255.71193,3650648.1976646087,301036.34704543714
2026-09-12,False,62816.44668505725,186766.56072562718,2058883,0.0,0.0,1379164867.018665,0.0,15.43791916353695,0.0,1.9008459588466518,38634317158.90551,3714838.188356299,301036.34704543714
2026-09-13,False,62816.44668505725,198227.54402652313,2064963,0.0,0.0,1379164867.018665,0.0,15.43791916353695,0.0,1.9591168448491796,41005123057.34585,3942800.2939755623,301036.34704543714
2026-09-14,True,63660.04920967724,202501.9316318707,2071058,0.0,0.0,1388709727.1581364,840.5926767874889,17.833853851995592,63632400.92980937,1.9335653385939962,41889317989.04828,4027819.0374084883,301036.34704543714
2026-09-15,True,63662.88260742398,215712.74301490217,2077170,0.0,0.0,1388709727.1581364,0.0,18.230424229896208,59030193.02584001,1.8435948281858054,45221350130.2952,4348206.743297615,301036.34704543714
2026-09-16,True,63665.66512406932,220232.28541189272,2083298,0.0,0.0,1388709727.1581364,0.0,18.522810657599447,63277417.427508965,1.8346409375668022,46170867868.457664,4439506.525813237,301036.34704543714
2026-09-17,True,63668.56804104427,211649.1809103196,2089442,0.0,0.0,1388709727.1581364,0.0,17.848382939563276,69629846.45813535,1.839452087105944,44373391732.38323,4266672.281959926,301036.34704543714
2026-09-18,True,63671.73194286624,194696.30685877646,2095602,0.0,0.0,1388709727.1581364,0.0,16.491638019811816,68579000.25405417,1.8475341528935352,40820991498.395775,3925095.3363842093,301036.34704543714
2026-09-19,False,63671.73194286624,193467.81765095174,2101777,0.0,0.0,1388709727.1581364,0.0,16.491638019811816,0.0,1.801955967728554,40565436100.29086,3900522.7019510446,301036.34704543714
2026-09-20,False,63671.73194286624,219220.02881062237,2107969,0.0,0.0,1388709727.1581364,0.0,16.491638019811816,0.0,1.8057371940212186,45965040483.71105,4419715.431126063,301036.34704543714
2026-09-21,True,63674.91430372398,195075.3003043369,2114177,0.0,0.0,1388709727.1581364,0.0,15.944202922592824,65842572.025664,1.7826469606341717,40902485619.17193,3932931.3095357623,301036.34704543714
2026-09-22,True,63678.10477762353,195080.73709304686,2120401,0.0,0.0,1388709727.1581364,0.0,16.334473432408917,68926379.93558946,1.826139116790652,40905669973.69869,3933237.497471028,301036.34704543714
2026-09-23,True,63681.40857478823,188873.58057812945,2126641,0.0,0.0,1388709727.1581364,0.0,15.715039130390847,58109322.13558243,1.8145360524849947,39606101480.82924,3808278.988541273,301036.34704543714
2026-09-24,True,63685.072366646324,170779.3521669168,2132898,0.0,0.0,1388709727.1581364,0.0,13.906740833033881,64190141.05731978,1.7757785914547568,35813665745.185165,3443621.7062678044,301036.34704543714
2026-09-25,True,64524.85367843379,196396.2549919543,2139170,0.0,0.0,1398772608.9431021,836.5877682037282,16.32759960399842,67085878.56643821,1.8128545900711028,41188085150.804504,3960392.8029619716,301036.34704543714
2026-09-26,False,64524.85367843379,202035.86758627903,2145459,0.0,0.0,1398772608.9431021,0.0,16.32759960399842,0.0,1.758255686960219,42929542324.4099,4127840.608116336,301036.34704543714
2026-09-27,False,64524.85367843379,195210.1273795973,2151764,0.0,0.0,1398772608.9431021,0.0,16.32759960399842,0.0,1.7199942406730855,41479176572.036575,3988382.3626958244,301036.34704543714
2026-09-28,True,64528.01828204702,199740.65546718793,2158085,0.0,2697606.25,1398937894.5842555,0.0,16.320874766706382,63522071.56103186,1.7713201071241436,42441844733.941505,4080946.609032837,165285.64115343604
2026-09-29,True,64531.20281435951,199024.51531587433,2164423,0.0,0.0,1398937894.5842555,0.0,16.19340593652015,57059099.53585511,1.7639315769396398,42291749953.038315,4066514.4185613766,165285.64115343604
2026-09-30,True,64534.4075184468,198271.03616808006,2170777,0.0,0.0,1398937894.5842555,0.0,16.288331002493937,66522562.67356113,1.7809264517479857,42133718511.9733,4051319.08768974,165285.64115343604
2026-10-01,True,64537.74188777857,191040.62466387267,2177147,0.0,0.0,1398937894.5842555,0.0,16.13361631513623,62506172.90499624,1.8306828046965675,40599231213.5382,3903772.2320709806,165285.64115343604
2026-10-02,True,65329.51897191219,218230.1883181949,2183534,0.0,0.0,1408246546.8463173,788.8503579784422,18.49365056616498,62057681.74707823,1.8369295002643244,46379850709.735535,4459601.029782263,165285.64115343604
2026-10-03,False,65329.51897191219,209049.15911638472,2189937,0.0,0.0,1408246546.8463173,0.0,18.49365056616498,0.0,1.8860059108586085,44973702069.824104,4324394.429790779,165285.64115343604
2026-10-04,False,65329.51897191219,240406.53298384242,2196357,0.0,0.0,1408246546.8463173,0.0,18.49365056616498,0.0,1.9257407027368316,51719757380.297714,4973053.594259395,165285.64115343604
2026-10-05,True,66241.66064818676,226114.97056229608,2202793,0.0,0.0,1418667658.4195244,909.2953366518628,19.729688799041813,69474077.15471399,1.8808759470538374,48645148167.92063,4677418.093069292,165285.64115343604
2026-10-06,True,66244.57503142013,221419.06136842712,2209246,0.0,0.0,1418667658.4195244,0.0,20.147904303590153,71423587.48709372,1.9487868064371685,48299982123.32478,4644229.05031969,165285.64115343604
2026-10-07,True,66247.6251400994,212090.8033202973,2215715,0.0,0.0,1418667658.4195244,0.0,19.92188231829896,72040174.39891462,2.0115872907110717,46267167072.930336,4448766.06470484,165285.64115343604
2026-10-08,True,67236.72466075467,216372.34902744569,2222201,0.0,0.0,1428918280.2054775,986.1019102724543,20.81485310466584,68337478.57302107,2.060069841587773,47203350643.50966,4538783.715722082,165285.64115343604
2026-10-09,True,67239.79884162715,211503.49539238802,2228703,0.0,0.0,1428918280.2054775,0.0,21.082162449765697,76027454.99596857,2.1183535716263737,46830074803.633804,4502891.808041712,165285.64115343604
2026-10-10,False,67239.79884162715,193405.19448413124,2235222,0.0,0.0,1428918280.2054775,0.0,21.082162449765697,0.0,2.1494460359450454,42824795015.4558,4117768.7514861347,165285.64115343604
2026-10-11,False,67239.79884162715,217960.64215171977,2241758,0.0,0.0,1428918280.2054775,0.0,21.082162449765697,0.0,2.2266394877366955,48261991341.449585,4640576.090523998,165285.64115343604
2026-10-12,True,67243.18977792926,193250.4599368942,2248311,0.0,0.0,1428918280.2054775,0.0,20.779776804453356,84542107.41496253,2.28507957791778,42790532878.46973,4114474.3152374737,165285.64115343604
2026-10-13,True,67246.67942738578,188242.40319415805,2254880,0.0,0.0,1428918280.2054775,0.0,20.814694405359397,86343636.04491743,2.3496959377011617,41683724648.82648,4008050.447002546,165285.64115343604
2026-10-14,True,68821.66323288747,216478.76367328173,2261466,0.0,0.0,1442376420.0972362,1571.9414747491285,25.285213986282898,89720932.61172405,2.4819205926602184,47938771045.28665,4609497.215892947,165285.64115343604
2026-10-15,True,68825.25114086132,184006.94912228946,2268068,0.0,0.0,1442376420.0972362,0.0,21.99922192031001,86683661.1703169,2.5056854196548377,41702312843.62247,4009837.7734252373,165285.64115343604
2026-10-16,True,70552.73285172263,211607.99149063285,2274688,0.0,0.0,1456722901.253207,1724.3532845890454,25.433897776410557,95643207.70647249,2.518904287070961,47960159966.49666,4611553.842932371,165285.64115343604
2026-10-17,False,70552.73285172263,222268.2007121899,2281324,0.0,0.0,1456722901.253207,0.0,25.433897776410557,0.0,2.5406332120869113,51640677071.47081,4965449.718410655,165285.64115343604
2026-10-18,False,70552.73285172263,209735.62028805327,2287977,0.0,0.0,1456722901.253207,0.0,25.433897776410557,0.0,2.56619304716229,48728920299.780785,4685473.105748152,165285.64115343604
2026-10-19,True,70556.03427704253,202033.95060233996,2294647,0.0,0.0,1456722901.253207,0.0,25.291617487148766,93624133.99539445,2.584731025130653,46939553058.41792,4513418.563309415,165285.64115343604
2026-10-20,True,72383.80261445304,229784.7632619681,2301334,0.0,0.0,1470997070.6963716,1824.8582227862457,29.376463294709612,95161129.62109798,2.6394963534012783,53389535629.30983,5133609.195125945,165285.64115343604
2026-10-21,True,72387.16295339965,199503.68419801345,2308038,0.0,0.0,1470997070.6963716,0.0,25.83327761509584,97169168.24018128,2.631473520369177,47554658569.639694,4572563.324003817,165285.64115343604
2026-10-22,True,74204.9670628295,205546.82113269556,2314759,0.0,0.0,1484981574.0293286,1814.5342948139219,26.67036127456044,93230022.21971366,2.636746548014137,48997404326.2196,4711288.877521115,165285.64115343604
2026-10-23,True,76184.34968019999,213141.01403207338,2321497,0.0,0.0,1499972857.899533,1976.2213299802597,28.097247832187087,99941892.46803015,2.638061056116112,52083571522.92889,5008035.723358546,165285.64115343604
2026-10-24,False,76184.34968019999,223257.68551680967,2328252,0.0,0.0,1499972857.899533,0.0,28.097247832187087,0.0,2.5741750061421547,56010949640.95834,5385668.234707533,165285.64115343604
2026-10-25,False,76184.34968019999,206968.39115260632,2335024,0.0,0.0,1499972857.899533,0.0,28.097247832187087,0.0,2.5630258577301746,51924286983.822426,4992719.902290618,165285.64115343604
2026-10-26,True,76187.51222796383,214668.69457620892,2341813,0.0,0.0,1499972857.899533,0.0,27.0165451717825,95948169.77974413,2.4778712228154856,53856141227.85932,5178475.118063396,165285.64115343604
2026-10-27,True,77962.55129488504,238654.09697564665,2348619,0.0,0.0,1514002966.310162,1772.1872407484038,30.145151643458483,93534056.07085994,2.4868419597185825,59876091048.62887,5757316.446983545,165285.64115343604
2026-10-28,True,77965.91476482972,202855.98242929965,2355442,0.0,0.0,1514002966.310162,0.0,25.321042012521406,89000333.19355005,2.4240101670157754,52080436553.51403,5007734.283991734,165285.64115343604
2026-10-29,True,77969.3909457674,196796.43041186966,2362283,0.0,0.0,1514002966.310162,0.0,24.343230892237166,91631198.18420413,2.4020550090196138,50526911059.8552,4858356.832678385,165285.64115343604
2026-10-30,True,77972.97303914907,191424.3786913213,2369140,0.0,0.0,1514002966.310162,0.0,22.79878890824624,89392538.26969114,2.312688365756472,49149843699.62229,4725946.509579066,165285.64115343604
2026-10-31,False,77972.97303914907,200249.49170280757,2376015,0.0,0.0,1514002966.310162,0.0,22.79878890824624,0.0,2.2044530847850647,51418128976.98922,4944050.86317204,165285.64115343604
2026-11-01,False,77972.97303914907,180765.79977829076,2382908,0.0,0.0,1514002966.310162,0.0,22.79878890824624,0.0,2.161595530129793,46415294883.35999,4463009.123399999,165285.64115343604
2026-11-02,True,77976.49744696882,196032.9324350961,2389817,0.0,0.0,1514002966.310162,0.0,21.356555448759764,82651596.87364075,2.11536251073133,50335441643.19026,4839946.311845218,165285.64115343604
2026-11-03,True,79171.35952765854,214144.27574024993,2396744,0.0,0.0,1525141097.326907,1191.627345614,22.910502174480797,74254206.77829948,2.0772613528060644,54988382706.03203,5287344.4909646185,165285.64115343604
2026-11-04,True,79174.42632463259,226425.16145589208,2403688,0.0,0.0,1525141097.326907,0.0,23.38120638267549,77517009.93796337,1.9892261079235434,59032821624.5178,5676232.848511327,165285.64115343604
2026-11-05,True,79177.46326778577,229210.74412304154,2410649,0.0,0.0,1525141097.326907,0.0,23.863964879898422,78751133.84728687,2.0055464675726755,59761384392.87387,5746286.960853257,165285.64115343604
2026-11-06,True,79180.68492854068,216627.4021678547,2417628,0.0,0.0,1525141097.326907,0.0,22.277495227664364,82912600.36842722,1.9808947829742276,56482736341.94626,5431032.340571756,165285.64115343604
2026-11-07,False,79180.68492854068,225384.6079673659,2424624,0.0,0.0,1525141097.326907,0.0,22.277495227664364,0.0,1.9925808654350126,58768453326.63753,5650812.819868993,165285.64115343604
2026-11-08,False,79180.68492854068,213452.06634416152,2431638,0.0,0.0,1525141097.326907,0.0,22.277495227664364,0.0,1.9353932346831944,55657073974.80093,5351641.728346243,165285.64115343604
2026-11-09,True,79184.08086252211,207041.71631259893,2438669,0.0,0.0,1525141097.326907,0.0,20.59271850825622,66886550.96215285,1.9157842282705486,53985591791.36877,5190922.287631612,165285.64115343604
2026-11-10,True,79187.45778314957,208740.47031700186,2445718,0.0,0.0,1525141097.326907,0.0,20.43313098848356,67458366.80047065,1.8853865538276546,54430871855.99361,5233737.678460924,165285.64115343604
2026-11-11,True,79190.80772181106,210929.23524951123,2452784,0.0,0.0,1525141097.326907,0.0,20.26928749053131,73611927.47908653,1.8507822587650786,55003956749.52442,5288841.995146579,165285.64115343604
2026-11-12,True,79194.28111952085,203950.1546292112,2459868,0.0,0.0,1525141097.326907,0.0,19.68012481275321,73205833.83127327,1.8583994182073873,53186273770.848755,5114064.785658534,165285.64115343604
2026-11-13,True,80130.33861117519,225959.42130511213,2466969,0.0,0.0,1534978834.3619018,932.9148919968619,21.42778449684801,65584913.56663295,1.826261733460607,58928451340.51417,5666197.244280209,165285.64115343604
2026-11-14,False,80130.33861117519,201921.4301848269,2474088,0.0,0.0,1534978834.3619018,0.0,21.42778449684801,0.0,1.7727685352720832,53281954181.434906,5123264.825137972,165285.64115343604
2026-11-15,False,80130.33861117519,215375.31887111047,2481225,0.0,0.0,1534978834.3619018,0.0,21.42778449684801,0.0,1.7504171787074552,56832094846.98251,5464624.50451755,165285.64115343604
2026-11-16,True,80133.58741815099,220203.91033637186,2488379,0.0,0.0,1534978834.3619018,0.0,19.67339715647498,69944816.56003514,1.7114323858543254,58106237908.357574,5587138.260418997,165285.64115343604
2026-11-17,True,80137.09256571779,204613.354026559,2495551,0.0,0.0,1534978834.3619018,0.0,18.4114500431747,73594866.306905,1.7236211924995424,53994473807.399506,5191776.327634567,165285.64115343604
2026-11-18,True,81076.2766069059,210088.366834875,2502741,0.0,0.0,1545035318.8578708,935.7616717783609,19.54884347998451,67043229.973126434,1.7823290019396636,55441674658.0287,5330930.255579683,165285.64115343604
2026-11-19,True,81079.56827875575,218946.49068220338,2509948,0.0,0.0,1545035318.8578708,0.0,20.09427414452949,67621326.65572271,1.7489562684473892,58456463446.076225,5620813.792891945,165285.64115343604
2026-11-20,True,81083.03486131631,208418.51805863058,2517173,0.0,0.0,1545035318.8578708,0.0,19.295314655053957,67647482.95953903,1.7641785839192505,55647862119.58782,5350755.97303729,165285.64115343604
2026-11-21,False,81083.03486131631,202853.56142169246,2524416,0.0,0.0,1545035318.8578708,0.0,19.295314655053957,0.0,1.7528344460077154,54164331266.30611,5208108.775606357,165285.64115343604
2026-11-22,False,81083.03486131631,201457.97694133292,2531677,0.0,0.0,1545035318.8578708,0.0,19.295314655053957,0.0,1.7659567789497612,53791693489.70247,5172278.220163699,165285.64115343604
2026-11-23,True,81086.86746265707,189923.2232314246,2538956,0.0,0.0,1545035318.8578708,0.0,17.8338230350624,69933078.00347026,1.789265535633644,50711776052.51264,4876132.3127416,165285.64115343604
2026-11-24,True,82168.43938183197,209479.38559368838,2546252,0.0,0.0,1556333902.458284,1078.0889988964457,19.988117899653005,75323890.66942035,1.8181030674711067,55936149546.69892,5378475.9179518195,165285.64115343604
2026-11-25,True,83189.10890596558,215930.5448532265,2553567,0.0,0.0,1566817027.5175788,1017.2818607509398,20.953887816733552,69887500.39529963,1.8380117073669733,58427845511.862465,5618062.0684483135,165285.64115343604
2026-11-26,True,83192.48797354581,216982.93466817154,2560899,0.0,0.0,1566817027.5175788,0.0,20.853541741988447,79350343.30752152,1.810114541594109,59441916612.58635,5715568.90505638,165285.64115343604
2026-11-27,True,83195.91285722032,214635.02701439272,2568250,0.0,0.0,1566817027.5175788,0.0,21.314275774890405,76957729.78186063,1.8702693351074582,58801101703.87771,5653952.086911318,165285.64115343604
2026-11-28,False,83195.91285722032,182439.7729622338,2575618,0.0,0.0,1566817027.5175788,0.0,21.314275774890405,0.0,1.9034463106826542,49982994072.697586,4806057.122374767,165285.64115343604
2026-11-29,False,83195.91285722032,206760.60323340443,2583004,0.0,0.0,1566817027.5175788,0.0,21.314275774890405,0.0,1.8655574119476879,56646167872.7365,5446746.910840048,165285.64115343604
2026-11-30,True,83199.62210130917,199636.36316790286,2590409,0.0,0.0,1566817027.5175788,0.0,18.788704711416056,78064959.42800057,1.7724479181069899,54694341014.016655,5259071.251347755,165285.64115343604
2026-12-01,True,83203.42714689221,195056.79598419578,2597831,0.0,0.0,1566817027.5175788,0.0,18.387545158321846,76250887.968752,1.775250301486162,53442060337.63539,5138659.647849557,165285.64115343604
2026-12-02,True,84201.70157388208,204903.5315780158,2605271,0.0,0.0,1577546924.878832,994.6434500405104,18.994212965187053,71532649.07502149,1.7456168555425915,56142456614.25847,5398313.135986391,165285.64115343604
2026-12-03,True,85106.35454577846,220471.94043189436,2612730,0.0,0.0,1587287173.419608,901.269774930182,20.400372259457846,64934990.27184081,1.7335891745935434,61132892590.93978,5878162.749128825,165285.64115343604
2026-12-04,True,85109.71767725341,222322.56025915837,2620207,0.0,0.0,1587287173.419608,0.0,20.911984474621516,68291063.94387127,1.7543055252357065,62308353700.89466,5991187.855855256,165285.64115343604
2026-12-05,False,85109.71767725341,188974.1762202846,2627702,0.0,0.0,1587287173.419608,0.0,20.911984474621516,0.0,1.7479557005183717,52964193538.92468,5092710.917204296,165285.64115343604
2026-12-06,False,85109.71767725341,199677.6924515085,2635215,0.0,0.0,1587287173.419608,0.0,20.911984474621516,0.0,1.7170933471993677,55964090755.33976,5381162.572628823,165285.64115343604
2026-12-07,True,86185.54462598526,229629.34631923478,2642746,0.0,0.0,1598610437.1161644,1072.5473156532619,21.750649423170305,75488424.64370896,1.7665307267879524,64358704368.640724,6188336.958523147,165285.64115343604
2026-12-08,True,86189.00616343503,218111.17486313725,2650296,0.0,0.0,1598610437.1161644,0.0,20.311430236823714,67579409.67059667,1.7273120474729537,61903200109.89733,5952230.77979782,165285.64115343604
2026-12-09,True,87102.13403987559,250827.8510926078,2657863,0.0,0.0,1608540670.610167,910.1110663187902,22.988503055664616,66201556.62668462,1.6999091278956147,71191539333.03108,6845340.320483758,165285.64115343604
2026-12-10,True,87105.38427341207,233398.6132024315,2665449,0.0,0.0,1608540670.610167,0.0,21.268302791838543,73331157.83280025,1.682820577800428,66946491235.52862,6437162.618800828,165285.64115343604
2026-12-11,True,87109.01888594437,209238.25944087634,2673054,0.0,0.0,1608540670.610167,0.0,18.623740180361047,67845374.38531588,1.643663271128452,60018737096.27448,5771032.413103316,165285.64115343604
2026-12-12,False,87109.01888594437,236012.2658948895,2680677,0.0,0.0,1608540670.610167,0.0,18.623740180361047,0.0,1.6351039647481151,67701524760.07931,6509761.996161472,165285.64115343604
2026-12-13,False,87109.01888594437,222727.87554644732,2688318,0.0,0.0,1608540670.610167,0.0,18.623740180361047,0.0,1.6452045730041471,63890818233.07973,6143347.907026897,165285.64115343604
2026-12-14,True,87112.50570464689,219655.81389405183,2695977,0.0,0.0,1608540670.610167,0.0,18.641583623738285,72951189.19137429,1.567144433893262,63009579043.092995,6058613.369528173,165285.64115343604
2026-12-15,True,87116.18015630111,208956.34838921964,2703655,0.0,0.0,1608540670.610167,0.0,18.004893575479276,70574559.69030148,1.5910598943891074,59942772916.13301,5763728.16501279,165285.64115343604
2026-12-16,True,87119.73952648194,216218.0276011906,2711351,0.0,0.0,1608540670.610167,0.0,18.270136723584027,64054186.0392301,1.5602102182951552,62028528533.94423,5964281.589802329,165285.64115343604
2026-12-17,True,88051.92097279352,224636.7260571642,2719066,0.0,0.0,1619483135.2794204,928.7470123544002,19.066151410740748,72949764.46168885,1.56710376685431,64446313906.6973,6196760.952567048,165285.64115343604
2026-12-18,True,88055.39550202206,222591.30636986552,2726800,0.0,0.0,1619483135.2794204,0.0,18.482928599720612,72039051.76078504,1.5272150041721437,64542797700.974495,6206038.240478317,165285.64115343604
2026-12-19,False,88055.39550202206,196767.95873230038,2734551,0.0,0.0,1619483135.2794204,0.0,18.482928599720612,0.0,1.5300119002010264,57057285398.45729,5486277.442159355,165285.64115343604
2026-12-20,False,88055.39550202206,222118.74499443755,2742322,0.0,0.0,1619483135.2794204,0.0,18.482928599720612,0.0,1.504578731945975,64408314784.30319,6193107.190798384,165285.64115343604
2026-12-21,True,88059.17525553245,206071.6387613654,2750111,0.0,0.0,1619483135.2794204,0.0,16.305719607972705,62486446.222870044,1.455265396956185,59755096211.22532,5745682.328002434,165285.64115343604
2026-12-22,True,88062.91108939571,208976.10241135536,2757918,0.0,0.0,1619483135.2794204,0.0,15.428739545268023,61901469.90483276,1.3577994828512914,60599911749.807594,5826914.591327653,165285.64115343604
2026-12-23,True,88066.59567524513,212398.36225400673,2765744,0.0,0.0,1619483135.2794204,0.0,15.135363254008636,58245637.42698945,1.3104639458616387,61594928388.9506,5922589.2681683265,165285.64115343604
2026-12-24,True,88070.83857561118,184897.1062996373,2773589,0.0,0.0,1619483135.2794204,0.0,13.011924974278632,58628509.004340194,1.294126282643922,53621884884.379715,5155950.469651896,165285.64115343604
2026-12-25,True,88640.20066313574,212631.67224458288,2781452,0.0,0.0,1628040352.8317947,565.6641436025602,14.05575025373044,57048117.01582895,1.2155431364272733,61668138541.03173,5929628.705868436,165285.64115343604
2026-12-26,False,88640.20066313574,205825.05872398624,2789335,0.0,0.0,1628040352.8317947,0.0,14.05575025373044,0.0,1.1754446315612475,60079973394.39057,5776920.518691401,165285.64115343604
2026-12-27,False,88640.20066313574,209736.1712247402,2797235,0.0,0.0,1628040352.8317947,0.0,14.05575025373044,0.0,1.1374282326294622,61221620268.899055,5886694.256624909,165285.64115343604
2026-12-28,True,88643.79718920738,220212.50068044316,2805155,0.0,3506443.75,1628294256.8915806,0.0,13.810112973206898,48362033.67543754,1.1518334783622601,64279642449.83069,6180734.8509452585,253904.059785961
2026-12-29,True,88647.42809433324,218623.17314432908,2813093,0.0,0.0,1628294256.8915806,0.0,13.63172025935005,54463820.27452615,1.145352086775678,63818309818.30832,6136375.944068108,253904.059785961
2026-12-30,True,88651.0312792424,220832.40801206237,2821050,0.0,0.0,1628294256.8915806,0.0,13.69304159903139,50865627.31475689,1.1389479321739788,64465848217.168594,6198639.251650826,253904.059785961
2026-12-31,True,89121.00976402381,234988.5095904616,2829026,0.0,0.0,1636064991.1886384,466.5842762671757,14.10959884703298,51804895.31371934,1.1028517549570842,68601114607.76869,6596261.019977759,253904.059785961
2027-01-01,True,89124.83292094263,209120.37276436033,2837021,0.0,0.0,1636064991.1886384,0.0,12.013106412457436,50004914.57409273,1.054579762230264,61372977857.67591,5901247.870930376,253904.059785961
2027-01-02,False,89124.83292094263,204269.63523092933,2845034,0.0,0.0,1636064991.1886384,0.0,12.013106412457436,0.0,1.0777373931739451,59951947469.60502,5764610.333615867,253904.059785961
2027-01-03,False,89124.83292094263,212551.789057397,2853067,0.0,0.0,1636064991.1886384,0.0,12.013106412457436,0.0,1.068768928026504,62382711349.79819,5998337.629788287,253904.059785961
2027-01-04,True,89128.6031143456,213543.42176831502,2861118,0.0,0.0,1636064991.1886384,0.0,12.464102261628845,50666976.60115858,1.0714616442560865,62673749771.279144,6026322.093392225,253904.059785961
2027-01-05,True,89132.22140909384,223033.23973138444,2869188,0.0,0.0,1636064991.1886384,0.0,13.092846279908304,54562691.39385831,1.0775760435573236,65461725107.63321,6294396.644964731,253904.059785961
2027-01-06,True,89135.90897026336,219386.19125388522,2877278,0.0,0.0,1636064991.1886384,0.0,13.004458342846448,54391426.11785928,1.0880498679485369,64393906404.87081,6191721.769699116,253904.059785961
2027-01-07,True,89613.07923112554,230061.4336403978,2885386,0.0,0.0,1643870944.0435739,473.6459848148006,13.959560905574047,52039685.69956971,1.1137194137776147,67530081293.81165,6493277.04748189,253904.059785961
2027-01-08,True,89616.8539060687,215303.30749961516,2893513,0.0,0.0,1643870944.0435739,0.0,13.47648371780561,57399963.92952869,1.1482123349833397,63536436771.19599,6109272.766461153,253904.059785961
2027-01-09,False,89616.8539060687,217337.5745747985,2901659,0.0,0.0,1643870944.0435739,0.0,13.47648371780561,0.0,1.1952262149181183,64139454617.93745,6167255.251724754,253904.059785961
2027-01-10,False,89616.8539060687,199265.8053425297,2909824,0.0,0.0,1643870944.0435739,0.0,13.47648371780561,0.0,1.1931190719649178,58806214726.92162,5654443.723742464,253904.059785961
2027-01-11,True,89621.01794792424,196539.81117243966,2918008,0.0,0.0,1643870944.0435739,0.0,12.750624643804073,61051584.27533338,1.1900328565909286,58001734508.97808,5577089.856632507,253904.059785961
2027-01-12,True,89625.20495988152,195939.2541436688,2926212,0.0,0.0,1643870944.0435739,0.0,12.825619447997568,54468704.892038256,1.2006453574834186,57827188275.31903,5560306.564934522,253904.059785961
2027-01-13,True,90122.57486468402,201946.57280964678,2934434,0.0,0.0,1651408841.9318879,493.2985309308873,13.21587917076533,50252652.58876064,1.2003202405063969,59602901542.367256,5731048.22522762,253904.059785961
2027-01-14,True,90686.40310590134,214827.21450375512,2942676,0.0,0.0,1659686105.688097,559.9916695710929,14.533963645778698,55181758.37472754,1.239697674271868,63756378730.56511,6130421.031785106,253904.059785961
2027-01-15,True,90690.55308778874,199037.01327173537,2950936,0.0,0.0,1659686105.688097,0.0,13.069818457942144,59933443.47266115,1.2017648311935223,59439722888.00111,5715357.970000106,253904.059785961
2027-01-16,False,90690.55308778874,201488.34949102992,2959216,0.0,0.0,1659686105.688097,0.0,13.069818457942144,0.0,1.2512866184100517,60174535004.096176,5786012.981163094,253904.059785961
2027-01-17,False,90690.55308778874,227461.52080725157,2967515,0.0,0.0,1659686105.688097,0.0,13.069818457942144,0.0,1.247858821434099,67931427700.29122,6531868.048104925,253904.059785961
2027-01-18,True,90694.85530221085,193342.29268616383,2975833,0.0,0.0,1659686105.688097,0.0,13.425311490679055,59093013.205336526,1.2707537921705294,57741713545.24754,5552087.840889187,253904.059785961
2027-01-19,True,90699.20516446477,191684.23074774517,2984171,0.0,0.0,1659686105.688097,0.0,13.662536594685285,62509525.65621651,1.3043323263054325,57249248706.61359,5504735.452558999,253904.059785961
2027-01-20,True,91313.74554879473,194371.57016325815,2992528,0.0,0.0,1667995589.6229217,610.2408872414749,14.274470034636176,55396559.565497704,1.3438466943528034,58054645476.72885,5582177.4496854665,253904.059785961
2027-01-21,True,91318.36065858469,181490.80696231598,3000904,0.0,0.0,1667995589.6229217,0.0,13.118880360105122,59710082.08062549,1.320385907807108,54574723245.1464,5247569.542802539,253904.059785961
2027-01-22,True,91322.80627942002,188837.51698433422,3009299,0.0,0.0,1667995589.6229217,0.0,13.468003995018806,60549481.860993795,1.3027219979876588,56786766590.84595,5460266.018350571,253904.059785961
2027-01-23,False,91322.80627942002,197855.37282494607,3017713,0.0,0.0,1667995589.6229217,0.0,13.468003995018806,0.0,1.3199863978923478,59501491187.18529,5721297.2295370465,253904.059785961
2027-01-24,False,91322.80627942002,216995.497364206,3026147,0.0,0.0,1667995589.6229217,0.0,13.468003995018806,0.0,1.252972973624224,65257543880.29069,6274763.834643335,253904.059785961
2027-01-25,True,91327.2832648038,188832.42350147836,3034601,0.0,0.0,1667995589.6229217,0.0,12.422208515463042,59250085.79126352,1.2015390705444013,56787999347.225296,5460384.552617817,253904.059785961
2027-01-26,True,91331.76563573536,189007.1154167926,3043073,0.0,0.0,1667995589.6229217,0.0,12.57584025138702,59878616.51585706,1.2152152672557155,56843321375.26978,5465703.978391325,253904.059785961
2027-01-27,True,91945.50051848413,214308.24262833982,3051565,0.0,0.0,1677185175.7431538,609.7723660038087,14.220362315762197,61263907.468214564,1.2118387380591291,64455722622.54393,6197665.63678307,253904.059785961
2027-01-28,True,91949.66441354752,204423.97972137394,3060077,0.0,0.0,1677185175.7431538,0.0,13.908629415007493,56582447.21104386,1.24108929831733,61896069756.8626,5951545.168929096,253904.059785961
2027-01-29,True,91954.00848382016,196382.64265043565,3068608,0.0,0.0,1677185175.7431538,0.0,12.75182504629854,52735256.52708829,1.1844046733117422,59463983811.45921,5717690.751101848,253904.059785961
2027-01-30,False,91954.00848382016,209563.2353622544,3077158,0.0,0.0,1677185175.7431538,0.0,12.75182504629854,0.0,1.1999152664148547,63458019488.66615,6101732.643140976,253904.059785961
2027-01-31,False,91954.00848382016,196204.29570498448,3085728,0.0,0.0,1677185175.7431538,0.0,12.75182504629854,0.0,1.1728195135483996,59412787739.62608,5712768.051887124,253904.059785961
2027-02-01,True,91959.040646624,170701.9493378214,3094318,0.0,0.0,1677185175.7431538,0.0,10.621698641343079,60023451.79022841,1.1349215542065962,51690400795.29073,4970230.845701032,253904.059785961
2027-02-02,True,91963.42611907206,196307.2417384946,3102927,0.0,0.0,1677185175.7431538,0.0,11.7979985058598,52327838.57501924,1.0961212546042916,59447213972.21564,5716078.266559196,253904.059785961
2027-02-03,True,92438.237995784,199946.4449375042,3111555,0.0,0.0,1684911291.2535043,470.49672121984145,12.176124811573398,51507436.73566917,1.110609226043354,60552152017.44256,5822322.3093694765,253904.059785961
2027-02-04,True,92442.6446248367,196249.78405437848,3120203,0.0,0.0,1684911291.2535043,0.0,11.7751781358245,50462455.634979844,1.0936634048947382,59739502189.24047,5744182.902811584,253904.059785961
2027-02-05,True,92447.22811532678,189113.51553473467,3128871,0.0,0.0,1684911291.2535043,0.0,11.210783095601725,49943666.22590626,1.0804833060418315,57569927507.57791,5535569.952651722,253904.059785961
2027-02-06,False,92447.22811532678,204869.258141552,3137558,0.0,0.0,1684911291.2535043,0.0,11.210783095601725,0.0,1.0821247577936024,62369382176.06569,5997055.978467855,253904.059785961
2027-02-07,False,92447.22811532678,185972.9492652105,3146265,0.0,0.0,1684911291.2535043,0.0,11.210783095601725,0.0,1.0228474712365618,56616683500.25353,5443911.875024378,253904.059785961
2027-02-08,True,92451.41478079067,208423.62675627047,3154991,0.0,0.0,1684911291.2535043,0.0,11.591651461933255,55740839.789973214,1.0136347997362085,63451456551.38666,6101101.591479486,253904.059785961
2027-02-09,True,92456.05798890533,188361.14565649937,3163737,0.0,0.0,1684911291.2535043,0.0,10.362428083857468,52975779.920078464,1.0026138171959336,57346331110.793816,5514070.29911479,253904.059785961
2027-02-10,True,92460.32737444603,205322.2862271904,3172503,0.0,0.0,1684911291.2535043,0.0,11.128369422550556,49373408.09938568,0.9877274214145387,62513270036.16828,6010891.349631566,253904.059785961
2027-02-11,True,92465.05249580994,185942.31392860532,3181289,0.0,0.0,1684911291.2535043,0.0,9.820997442787736,49639543.773594886,0.9624961049290514,56615377978.42902,5443786.344079714,253904.059785961
2027-02-12,True,92469.22126663575,211213.33764558396,3190094,0.0,0.0,1684911291.2535043,0.0,10.762470685583358,48763480.956877835,0.9285174333097224,64313139885.416214,6183955.758213097,253904.059785961
2027-02-13,False,92469.22126663575,200297.4695697273,3198919,0.0,0.0,1684911291.2535043,0.0,10.762470685583358,0.0,0.9875521904482079,60992076043.15076,5864622.696456804,253904.059785961
2027-02-14,False,92469.22126663575,187592.76807714187,3207764,0.0,0.0,1684911291.2535043,0.0,10.762470685583358,0.0,1.069345600337216,57123399513.15821,5492634.568572905,253904.059785961
2027-02-15,True,92473.33007432912,215731.68328871313,3216628,0.0,0.0,1684911291.2535043,0.0,12.635843327993735,53874560.82157725,1.067259773935037,65691909440.131935,6316529.75385884,253904.059785961
2027-02-16,True,92478.07844432662,187095.78244091524,3225512,0.0,0.0,1684911291.2535043,0.0,10.785483129503827,52803786.73807475,1.050355102461645,56974595188.96344,5478326.460477253,253904.059785961
2027-02-17,True,92482.58838064945,197452.8987229247,3234417,0.0,0.0,1684911291.2535043,0.0,11.482818337430421,55347059.79054163,1.0595543134927887,60131642132.936806,5781888.666628539,253904.059785961
2027-02-18,True,92969.58236399842,208538.5971023694,3243340,0.0,0.0,1692858143.6046937,482.7151591293828,12.667247060381293,52979015.67459621,1.1066565477777102,63510740575.09334,6106801.978374359,253904.059785961
2027-02-19,True,93505.94716457366,206717.76791920257,3252284,0.0,0.0,1701070256.7803912,532.0381284705477,13.392622825853671,54747421.171317436,1.1796889681380174,63287718548.80371,6085357.552769587,253904.059785961
2027-02-20,False,93505.94716457366,181955.54389433467,3261248,0.0,0.0,1701070256.7803912,0.0,13.392622825853671,0.0,1.1859371288447176,56028020550.2456,5387309.668292846,253904.059785961
2027-02-21,False,93505.94716457366,184696.83909542285,3270231,0.0,0.0,1701070256.7803912,0.0,13.392622825853671,0.0,1.2421153584546945,56872124228.39486,5468473.483499506,253904.059785961
2027-02-22,True,93511.34454190204,166821.7627226926,3279235,0.0,0.0,1701070256.7803912,0.0,11.569652848145513,55785768.21221661,1.2616841271621948,51368004238.89823,4939231.176817138,253904.059785961
2027-02-23,True,94159.49925532604,191845.02713109646,3288258,0.0,0.0,1709957097.4359374,643.451438006893,13.890533584051278,59245604.370307356,1.317122995538791,59076614715.351364,5680443.722629939,253904.059785961
2027-02-24,True,94164.47779453757,181639.6259177195,3297301,0.0,0.0,1709957097.4359374,0.0,13.61185136487194,69128604.5269463,1.3609045724462405,56321665922.65953,5415544.800255724,253904.059785961
2027-02-25,True,94969.24566811047,190214.0154646136,3306365,0.0,0.0,1720029711.367372,800.0027147186244,15.107471584344449,67150759.54289779,1.4422727037048095,58983476876.986595,5671488.161248711,253904.059785961
2027-02-26,True,94974.16908239883,184485.7951819537,3315448,0.0,0.0,1720029711.367372,0.0,14.895381754759532,69037610.50109535,1.4623174623400337,57696128738.42492,5547704.686387012,253904.059785961
2027-02-27,False,94974.16908239883,212158.66445924673,3324551,0.0,0.0,1720029711.367372,0.0,14.895381754759532,0.0,1.5160239379612983,66353987807.333595,6380191.135320538,253904.059785961
2027-02-28,False,94974.16908239883,180334.86479035972,3333674,0.0,0.0,1720029711.367372,0.0,14.895381754759532,0.0,1.5172170117981274,56400889636.23355,5423162.465022457,253904.059785961
2027-03-01,True,94979.29892191433,178231.6965741442,3342817,0.0,0.0,1720029711.367372,0.0,15.017645437967081,63166605.33794954,1.525974764548093,55743110240.179985,5359914.446171152,253904.059785961
2027-03-02,True,95823.16767118694,204966.45106026583,3351980,0.0,0.0,1730277371.498641,839.3982615646821,16.78905042665236,68317734.20845978,1.483372902742303,64108039256.52399,6164234.543896537,253904.059785961
2027-03-03,True,95827.87851001113,194954.6639729334,3361164,0.0,0.0,1730277371.498641,0.0,16.114914608258868,69455193.97060125,1.492586756325876,61518382210.56893,5915229.058708551,253904.059785961
2027-03-04,True,96744.46375992386,224197.86356887338,3370367,0.0,0.0,1741145862.4045968,912.4803936694643,18.822866631564764,72456606.03970459,1.5159265169708092,70749617549.28882,6802847.841277771,253904.059785961
2027-03-05,True,96748.66285562085,219642.52938112093,3379590,0.0,0.0,1741145862.4045968,0.0,18.645063976386886,73629267.24344005,1.5277647133262509,69975065108.7259,6728371.645069798,253904.059785961
2027-03-06,False,96748.66285562085,235481.93202869108,3388834,0.0,0.0,1741145862.4045968,0.0,18.645063976386886,0.0,1.6154539956014558,75024535444.4065,7213897.63888524,253904.059785961
2027-03-07,False,96748.66285562085,238828.1693218831,3398098,0.0,0.0,1741145862.4045968,0.0,18.645063976386886,0.0,1.5885770791142642,76090646530.91605,7316408.320280389,253904.059785961
2027-03-08,True,96753.00759020868,213660.9224874847,3407381,0.0,0.0,1741145862.4045968,0.0,19.031616819107217,77424088.51844549,1.6030267502589943,68072362555.16118,6545419.476457805,253904.059785961
2027-03-09,True,96757.10742014331,226936.24243836728,3416685,0.0,0.0,1741145862.4045968,0.0,19.488071960418495,71181121.63915063,1.5453814542074804,72305125927.03448,6952415.954522546,253904.059785961
2027-03-10,True,96761.22099419597,226664.20685810794,3426009,0.0,0.0,1741145862.4045968,0.0,18.893515853008836,72002370.97236404,1.4999684213494087,72221511706.46292,6944376.125621434,253904.059785961
2027-03-11,True,96766.07139285373,192664.57582939175,3435354,0.0,0.0,1741145862.4045968,0.0,16.016953194962824,70178677.09625044,1.4959319951732495,61390894838.93313,5902970.657589724,253904.059785961
2027-03-12,True,97778.53633014127,221564.2622038005,3444718,0.0,0.0,1752725275.7253933,1008.2386239340785,19.291965892272426,77196088.80530936,1.5667107381452803,70603068043.0693,6788756.5426028175,253904.059785961
2027-03-13,False,97778.53633014127,236060.10389580156,3454103,0.0,0.0,1752725275.7253933,0.0,19.291965892272426,0.0,1.5700786267607891,76009325559.0131,7308588.996058953,253904.059785961
2027-03-14,False,97778.53633014127,239773.48102939597,3463507,0.0,0.0,1752725275.7253933,0.0,19.291965892272426,0.0,1.5896971082307954,77205001095.93213,7423557.7976857815,253904.059785961
2027-03-15,True,97782.64597477345,229338.56436629605,3472932,0.0,0.0,1752725275.7253933,0.0,19.807338647080606,67952172.63747375,1.5481725215693762,73845047572.49881,7100485.343509501,253904.059785961
2027-03-16,True,97786.74675547524,230346.38247945646,3482378,0.0,0.0,1752725275.7253933,0.0,20.274287699408184,72926764.31016265,1.5776703853560026,74172673703.30974,7131987.856087475,253904.059785961
2027-03-17,True,97790.87686906241,229170.45258491093,3491843,0.0,0.0,1752725275.7253933,0.0,20.052002622685876,71663026.78101517,1.5683138651154147,73797113217.42397,7095876.27090615,253904.059785961
2027-03-18,True,97795.55585488319,202736.2416420447,3501329,0.0,0.0,1752725275.7253933,0.0,17.774507799516304,71931725.3182689,1.5713817370387353,65287567028.74698,6277650.675841056,253904.059785961
2027-03-19,True,98700.74474138614,219353.82450987372,3510835,0.0,0.0,1763342262.0712976,900.8552488190556,18.612253771474577,70779908.97269619,1.5207172928771915,70642341118.73444,6792532.799878311,253904.059785961
2027-03-20,False,98700.74474138614,214115.60299630396,3520362,0.0,0.0,1763342262.0712976,0.0,18.612253771474577,0.0,1.4686082926526414,69593631472.98735,6691695.333941092,253904.059785961
2027-03-21,False,98700.74474138614,222908.87724712014,3529909,0.0,0.0,1763342262.0712976,0.0,18.612253771474577,0.0,1.4487206477900696,72451694496.36624,6966509.086189061,253904.059785961
2027-03-22,True,98705.33719222988,208320.1394092956,3539476,0.0,0.0,1763342262.0712976,0.0,16.984776779964786,64662565.55819644,1.456614982842719,67709941767.77544,6510571.323824561,253904.059785961
2027-03-23,True,98709.77878222123,215846.12759600638,3549063,0.0,0.0,1763342262.0712976,0.0,17.16991826311033,69224349.96622978,1.421084642402038,70159365246.02956,6746092.812118227,253904.059785961
2027-03-24,True,99600.99533710897,223805.36044161557,3558671,0.0,0.0,1774494417.8806324,886.9235388576276,17.799091556094847,74347705.39556512,1.4207046127280105,72749735054.93349,6995166.832205143,253904.059785961
2027-03-25,True,99605.61742550986,208304.1076870096,3568299,0.0,0.0,1774494417.8806324,0.0,16.642720144996872,65147437.872084014,1.4234343281695656,68322266612.31771,6569448.712722857,253904.059785961
2027-03-26,True,99610.70079258025,189795.46167728002,3577947,0.0,0.0,1774494417.8806324,0.0,15.370106172609109,69633273.23900351,1.4427193265567362,62254451136.87643,5986004.9170073485,253904.059785961
2027-03-27,False,99610.70079258025,218264.780928872,3587616,0.0,0.0,1774494417.8806324,0.0,15.370106172609109,0.0,1.38269967751507,71596272532.67293,6884256.974295474,253904.059785961
2027-03-28,False,99610.70079258025,191295.06229858223,3597306,0.0,0.0,1774494417.8806324,0.0,15.370106172609109,0.0,1.3162858762886602,62749534561.63498,6033609.0924649015,253904.059785961
2027-03-29,True,99615.41929814749,205764.30104022956,3607015,0.0,4508768.75,1774789158.1966734,0.0,15.297427954761117,61277045.98596436,1.3243934652506353,67495804463.16749,6489981.198381489,294740.3160409529
2027-03-30,True,100314.93512854911,226244.93772422435,3616746,0.0,0.0,1784064048.6426544,695.2147396908757,16.95856316604604,61832602.97320639,1.3354584565726084,74217477762.68654,7136295.938719859,294740.3160409529
2027-03-31,True,101102.86993134266,227909.59378054444,3626496,0.0,0.0,1793925000.9701216,783.6567906931043,18.112135106133852,65739682.18311451,1.413357041960999,75288554124.81819,7239284.050463288,294740.3160409529
2027-04-01,True,101107.34165429077,218506.38139697321,3636267,0.0,0.0,1793925000.9701216,0.0,17.105674286439157,68924063.44833398,1.3890467799580657,72749223437.50017,6995117.63822117,294740.3160409529
2027-04-02,True,101960.53733310888,239979.4210255317,3646059,0.0,0.0,1804296201.1633413,849.1153289455384,19.647697588314873,69141334.62146492,1.4526441994722399,79901962498.60692,7682881.009481435,294740.3160409529
2027-04-03,False,101960.53733310888,261392.76291998106,3655871,0.0,0.0,1804296201.1633413,0.0,19.647697588314873,0.0,1.4715688185306035,87766024742.64128,8439040.840638585,294740.3160409529
2027-04-04,False,101960.53733310888,242739.90365242926,3665703,0.0,0.0,1804296201.1633413,0.0,19.647697588314873,0.0,1.500370261706043,81503084293.52826,7836835.028223871,294740.3160409529
2027-04-05,True,101965.31271800913,206328.91810456486,3675556,0.0,0.0,1804296201.1633413,0.0,18.06388011017195,78392524.30092013,1.549268391655825,69277621649.49902,6661309.773990291,294740.3160409529
2027-04-06,True,103008.03430106559,237278.25582024956,3685430,0.0,0.0,1815905908.8391159,1038.5602240790668,21.226008907009554,77398051.17183056,1.582944834758808,79672996256.27675,7660865.024641995,294740.3160409529
2027-04-07,True,103012.76359372736,209206.76108655962,3695324,0.0,0.0,1815905908.8391159,0.0,19.15219763797118,77449512.68968739,1.61385733728343,70965549280.2104,6823610.507712538,294740.3160409529
2027-04-08,True,104023.44843892004,240587.77524954354,3705238,0.0,0.0,1826753949.8055327,1006.5641038168095,22.32357152162593,72320273.10944632,1.6356577104949273,81614128558.4124,7847512.361385807,294740.3160409529
2027-04-09,True,104027.74012857373,231517.20654973763,3715174,0.0,0.0,1826753949.8055327,0.0,21.99614662578141,73836274.9078956,1.6684459443243578,79307685120.3184,7625738.95387677,294740.3160409529
2027-04-10,False,104027.74012857373,243838.22757008852,3725129,0.0,0.0,1826753949.8055327,0.0,21.99614662578141,0.0,1.756837414803967,83531775013.83357,8031901.443637843,294740.3160409529
2027-04-11,False,104027.74012857373,218748.80591678264,3735105,0.0,0.0,1826753949.8055327,0.0,21.99614662578141,0.0,1.7394416659510232,74936880170.41225,7205469.247155024,294740.3160409529
2027-04-12,True,104032.47514852566,211128.99420715752,3745102,0.0,0.0,1826753949.8055327,0.0,22.00521351509247,87159337.1859365,1.8302423447337053,72326557729.50938,6954476.704760518,294740.3160409529
2027-04-13,True,105312.34950812266,235334.46073160067,3755120,0.0,0.0,1838967931.8708043,1275.6174394804705,24.578122074824332,81426547.10181104,1.8338942707875652,80622305163.5098,7752144.727260557,294740.3160409529
2027-04-14,True,106720.93165464255,245845.14270781356,3765157,0.0,0.0,1851791253.7747767,1404.4994951852154,26.92667168558709,85488812.6931491,1.912563648517255,85259285188.31622,8198008.1911842525,294740.3160409529
2027-04-15,True,106725.33810981795,228278.7319878659,3775216,0.0,0.0,1851791253.7747767,0.0,26.554577216919153,102794452.47991292,2.018442399425212,80226124391.56406,7714050.422265775,294740.3160409529
2027-04-16,True,108342.09601552438,238848.72947905687,3785295,0.0,0.0,1865512764.203666,1612.5380800360085,28.06926202834752,91476736.19259568,2.0390719407740927,83944303093.4462,8071567.605139057,294740.3160409529
2027-04-17,False,108342.09601552438,242473.60826824262,3795395,0.0,0.0,1865512764.203666,0.0,28.06926202834752,0.0,2.014911005939234,86509233040.00795,8318195.484616149,294740.3160409529
2027-04-18,False,108342.09601552438,210728.0865217301,3805515,0.0,0.0,1865512764.203666,0.0,28.06926202834752,0.0,2.0402359771980336,75183131373.27501,7229147.247430289,294740.3160409529
2027-04-19,True,108347.57693302732,185023.76645103475,3815656,0.0,0.0,1865512764.203666,0.0,21.89239996543381,97852609.04493634,2.037355650236281,66012397160.128174,6347345.880781556,294740.3160409529
2027-04-20,True,110170.31560725163,212777.33141868995,3825818,0.0,0.0,1880794840.7944515,1817.962789531968,25.31208822813552,101880510.60523735,2.0482437551794472,75918097159.9261,7299817.034608279,294740.3160409529
2027-04-21,True,110175.46135949812,197871.94393096236,3836000,0.0,0.0,1880794840.7944515,0.0,23.833876566178347,100054100.60168186,2.0563038881121596,71787621956.7188,6902655.957376807,294740.3160409529
2027-04-22,True,110181.2985667009,174792.49314847856,3846203,0.0,0.0,1880794840.7944515,0.0,20.457583448226668,93312953.82043472,1.9979660368035377,63417396369.32898,6097826.573973941,294740.3160409529
2027-04-23,True,111887.28221356291,201011.36712075034,3856427,0.0,0.0,1895409979.397329,1700.8973673413777,23.39353149029034,97434257.35251743,1.9865921217596247,72933869730.08481,7012872.089431232,294740.3160409529
2027-04-24,False,111887.28221356291,204016.99061164272,3866671,0.0,0.0,1895409979.397329,0.0,23.39353149029034,0.0,2.02376174441543,75170565096.07312,7227938.951545493,294740.3160409529
2027-04-25,False,111887.28221356291,194996.97828088206,3876936,0.0,0.0,1895409979.397329,0.0,23.39353149029034,0.0,2.0343333923496556,71847119229.90254,6908376.84902909,294740.3160409529
2027-04-26,True,113665.87069518656,224246.52502301434,3887222,0.0,0.0,1909981396.862408,1774.0015655057932,27.30096007498521,97142783.10052606,2.062408244447375,82624187114.38791,7944633.376383453,294740.3160409529
2027-04-27,True,113670.53369964987,221016.3014231994,3897528,0.0,0.0,1909981396.862408,0.0,26.422777509298314,86157650.66209325,2.0088763922547885,82728498706.513,7954663.337164711,294740.3160409529
2027-04-28,True,113675.06925920851,227689.65695335233,3907855,0.0,0.0,1909981396.862408,0.0,26.1913719994288,91532955.58668818,1.932841244498616,85229895310.33192,8195182.24137807,294740.3160409529
2027-04-29,True,113680.39553746764,194282.00136299292,3918203,0.0,0.0,1909981396.862408,0.0,21.352377737343307,92933061.60638475,1.8466202126859639,72727481622.48877,6993027.079085459,294740.3160409529
2027-04-30,True,113685.91644071798,187795.35756905566,3928571,0.0,0.0,1909981396.862408,0.0,20.198502154441503,94054519.8170272,1.8070820592559511,70302566705.35272,6759862.183206992,294740.3160409529
2027-05-01,False,113685.91644071798,170564.52248836966,3938960,0.0,0.0,1909981396.862408,0.0,20.198502154441503,0.0,1.733906006842263,63855178453.41083,6139921.005135656,294740.3160409529
2027-05-02,False,113685.91644071798,196149.2008616251,3949370,0.0,0.0,1909981396.862408,0.0,20.198502154441503,0.0,1.6879456225905538,73433455221.42245,7060909.155906005,294740.3160409529
2027-05-03,True,113691.1475231068,199404.23844778017,3959801,0.0,0.0,1909981396.862408,0.0,20.068220873957227,78411895.47907147,1.6908183686493605,74652061546.49022,7178082.841008675,294740.3160409529
2027-05-04,True,113695.96156595073,217094.0379807816,3970252,0.0,0.0,1909981396.862408,0.0,20.554108857167996,78611264.47735326,1.5905716700512451,81278428827.92398,7815233.541146536,294740.3160409529
2027-05-05,True,113701.63216970934,184671.6936285527,3980724,0.0,0.0,1909981396.862408,0.0,17.42752742407506,84275718.30560468,1.5853294994254767,69142666515.45439,6648333.318793692,294740.3160409529
2027-05-06,True,114846.66846183027,204119.93735833434,3991217,0.0,0.0,1922637002.1255438,1139.895686976812,18.3851685781077,84370701.75423999,1.5130198587802728,76428067498.90518,7348852.644125498,294740.3160409529
2027-05-07,True,114851.86456189363,202344.0632744255,4001731,0.0,0.0,1922637002.1255438,0.0,18.426786025914012,82121186.61705104,1.5245371817889948,76526107131.50192,7358279.531875185,294740.3160409529
2027-05-08,False,114851.86456189363,196315.08626282559,4012265,0.0,0.0,1922637002.1255438,0.0,18.426786025914012,0.0,1.4538095188701052,74249319637.97566,7139357.65749766,294740.3160409529
2027-05-09,False,114851.86456189363,225762.3492022494,4022820,0.0,0.0,1922637002.1255438,0.0,18.426786025914012,0.0,1.373190093673729,85386717583.672,8210261.306122308,294740.3160409529
2027-05-10,True,114856.95580858395,207729.08176128613,4033396,0.0,0.0,1922637002.1255438,0.0,17.349914597676413,72795009.67070003,1.3981677681356013,78566264485.38799,7554448.508210383,294740.3160409529
2027-05-11,True,114862.71033047237,184150.83312715162,4043993,0.0,0.0,1922637002.1255438,0.0,14.970627171716929,64273997.4322031,1.3608376040091636,69651703503.20656,6697279.183000631,294740.3160409529
2027-05-12,True,114868.48681463177,183796.92053212738,4054610,0.0,0.0,1922637002.1255438,0.0,15.40752431965229,71048649.0688043,1.4031783258696844,69521325458.6417,6684742.832561702,294740.3160409529
2027-05-13,True,115810.31139707987,211366.45861194647,4065248,0.0,0.0,1933670065.4746041,936.7916173930727,17.94663189735005,73553755.66040273,1.4211609981246272,79953544965.78154,7687840.862094379,294740.3160409529
2027-05-14,True,115815.09140367055,222991.32433841983,4075907,0.0,0.0,1933670065.4746041,0.0,18.36777205133467,71898893.58116053,1.3753196846394495,85042486413.87737,8177162.155180516,294740.3160409529
2027-05-15,False,115815.09140367055,222699.179627083,4086587,0.0,0.0,1933670065.4746041,0.0,18.36777205133467,0.0,1.353987848429759,84934576294.86829,8166786.182198874,294740.3160409529
2027-05-16,False,115815.09140367055,204941.67938583245,4097287,0.0,0.0,1933670065.4746041,0.0,18.36777205133467,0.0,1.4021545826426611,78162096209.52531,7515586.173992818,294740.3160409529
2027-05-17,True,115820.51407495624,197725.42784045532,4108009,0.0,0.0,1933670065.4746041,0.0,16.04988142420444,71349610.3398514,1.3552721817196933,75409911542.88159,7250953.0329693835,294740.3160409529
2027-05-18,True,116670.7106215074,219102.99066916568,4118751,0.0,0.0,1943973136.4676046,845.2938293553949,17.97584488467355,68687139.95333739,1.3697392231622718,83566949079.7059,8035283.5653563365,294740.3160409529
2027-05-19,True,116676.1652969781,197316.96336147774,4129514,0.0,0.0,1943973136.4676046,0.0,16.28076794042902,69320335.48082164,1.3747979597580087,75810091258.78635,7289431.85180638,294740.3160409529
2027-05-20,True,116681.62781498722,197399.8068654969,4140297,0.0,0.0,1943973136.4676046,0.0,16.53096684757607,72830454.33188596,1.3952744564468045,75845465934.36488,7292833.262919701,294740.3160409529
2027-05-21,True,116687.70225616888,177876.4445465922,4151102,0.0,0.0,1943973136.4676046,0.0,14.632148712721206,76596520.25314838,1.3704949709870984,68347348732.87669,6571860.455084298,294740.3160409529
2027-05-22,False,116687.70225616888,194909.66574792124,4161927,0.0,0.0,1943973136.4676046,0.0,14.632148712721206,0.0,1.329084846288879,74896102460.8861,7201548.3135467395,294740.3160409529
2027-05-23,False,116687.70225616888,194034.92072275525,4172773,0.0,0.0,1943973136.4676046,0.0,14.632148712721206,0.0,1.2964666527385622,74559972424.54036,7169228.117744265,294740.3160409529
2027-05-24,True,117551.77078354638,210262.95260344536,4183640,0.0,0.0,1954570564.8619988,858.9002369747213,17.04138901411563,70649522.62929368,1.3502289112065236,80795765471.5953,7768823.60303801,294740.3160409529
2027-05-25,True,117557.86287518978,178723.50971292856,4194528,0.0,0.0,1954570564.8619988,0.0,15.548329457585561,78951539.46295224,1.4465192867052261,69184947097.7275,6652398.759396874,294740.3160409529
2027-05-26,True,118501.62241925784,205532.03616986782,4205436,0.0,0.0,1965604510.410528,938.4523422306877,17.480784176315645,73559636.9901936,1.4141030469355877,79566812479.20729,7650655.046077624,294740.3160409529
2027-05-27,True,119508.39924165489,233750.83119033626,4216365,0.0,0.0,1977194233.7148025,1002.1013310012075,20.21118303765547,77264822.02849714,1.4342023011979785,91217510082.46208,8770914.43100597,294740.3160409529
2027-05-28,True,119513.91038909148,198688.20651178583,4227315,0.0,0.0,1977194233.7148025,0.0,18.116865094617044,78691074.48921768,1.5085574946228133,78193611460.15868,7518616.486553719,294740.3160409529
2027-05-29,False,119513.91038909148,193311.6701823299,4238286,0.0,0.0,1977194233.7148025,0.0,18.116865094617044,0.0,1.5557327956612863,76081187498.7775,7315498.797959374,294740.3160409529
2027-05-30,False,119513.91038909148,187309.72872101958,4249278,0.0,0.0,1977194233.7148025,0.0,18.116865094617044,0.0,1.5679281408398988,73719018503.78644,7088367.163825619,294740.3160409529
2027-05-31,True,120745.60630124937,200617.19101547066,4260290,0.0,0.0,1989807748.5392356,1226.2068511535601,19.502745864764044,84090098.82955399,1.6082682756105384,78956402946.23688,7591961.821753546,294740.3160409529
2027-06-01,True,120751.03199120252,203365.84093998856,4271324,0.0,0.0,1989807748.5392356,0.0,19.486026487900688,78553727.27954212,1.5790106630358818,80863046008.65012,7775292.885447127,294740.3160409529
2027-06-02,True,120756.85011710062,189992.4510672829,4282378,0.0,0.0,1989807748.5392356,0.0,17.92772950840771,80246332.34944923,1.5549241617254792,75548865985.1903,7264314.03703753,294740.3160409529
2027-06-03,True,121923.9431137629,218491.31872737533,4293453,0.0,0.0,2002342590.354663,1162.024145385029,20.25491758545764,83565612.10284804,1.5275507089803564,86885382064.46552,8354363.660044761,294740.3160409529
2027-06-04,True,121929.35713137107,204930.99215714564,4304548,0.0,0.0,2002342590.354663,0.0,18.66284280734692,87691541.20826964,1.4956140655435162,82280589671.32637,7911595.160704459,294740.3160409529
2027-06-05,False,121929.35713137107,235670.64098071746,4315665,0.0,0.0,2002342590.354663,0.0,18.66284280734692,0.0,1.4540827937208298,94626879830.33954,9098738.445224956,294740.3160409529
2027-06-06,False,121929.35713137107,200320.04483360983,4326802,0.0,0.0,2002342590.354663,0.0,18.66284280734692,0.0,1.4330518398106704,80432847855.78862,7733927.678441213,294740.3160409529
2027-06-07,True,121934.66701627233,210136.38162599612,4337960,0.0,0.0,2002342590.354663,0.0,18.191577612515125,74651452.16449684,1.4216713611382124,84374320235.04556,8112915.407215919,294740.3160409529
2027-06-08,True,122839.04955194854,241116.07267026647,4349139,0.0,0.0,2013125986.4952798,899.7461794697573,20.118269083770457,71889307.60411333,1.3701737399356675,96817555009.52646,9309380.289377544,294740.3160409529
2027-06-09,True,122844.51384720342,204948.6617697265,4360338,0.0,0.0,2013125986.4952798,0.0,17.057916089928465,72895616.76679057,1.3640032160908144,82905298542.92876,7971663.321435457,294740.3160409529
2027-06-10,True,122850.23495774087,196133.24941947244,4371559,0.0,0.0,2013125986.4952798,0.0,15.531870013267596,74995812.44560948,1.2977400649878312,79342840192.98407,7629119.249325391,294740.3160409529
2027-06-11,True,123654.40347980883,212082.86308819512,4382800,0.0,0.0,2023415683.3095493,798.8682352666978,16.46562242053784,68597978.76179767,1.2722355828643666,85799018993.03416,8249905.672407132,294740.3160409529
2027-06-12,False,123654.40347980883,199648.56177375218,4394062,0.0,0.0,2023415683.3095493,0.0,16.46562242053784,0.0,1.2830349733354436,81297375540.75117,7817055.340456843,294740.3160409529
2027-06-13,False,123654.40347980883,211159.45356482192,4405345,0.0,0.0,2023415683.3095493,0.0,16.46562242053784,0.0,1.2598664847774341,85984638421.25232,8267753.694351184,294740.3160409529
2027-06-14,True,124415.18149483204,242833.37159954518,4416648,0.0,0.0,2033784744.4451857,756.1233829495588,17.707677486427418,69127074.23757496,1.1932426249034185,98882334184.44016,9507916.748503862,294740.3160409529
2027-06-15,True,124420.08659586393,230861.70756463835,4427972,0.0,0.0,2033784744.4451857,0.0,16.062756596068624,68125131.13588747,1.1373647985977806,94585820198.09267,9094790.403662756,294740.3160409529
2027-06-16,True,124425.86851415386,196232.4514299426,4439318,0.0,0.0,2033784744.4451857,0.0,13.4699845278146,67154263.19436474,1.1220462371334616,80401116878.44855,7730876.622927745,294740.3160409529
2027-06-17,True,124431.33400845296,207940.93595248126,4450683,0.0,0.0,2033784744.4451857,0.0,13.708487391352252,61570006.80046641,1.0775659185096518,85202321565.16736,8192530.919727631,294740.3160409529
2027-06-18,True,124436.09581212816,239132.07634535345,4462070,0.0,0.0,2033784744.4451857,0.0,15.064765023034958,57263972.94488702,1.029674020880308,97986973758.0309,9421824.399810662,294740.3160409529
2027-06-19,False,124436.09581212816,203262.26489355043,4473477,0.0,0.0,2033784744.4451857,0.0,15.064765023034958,0.0,1.0213011721352094,83292115038.77739,8008857.215267057,294740.3160409529
2027-06-20,False,124436.09581212816,199790.1735165927,4484905,0.0,0.0,2033784744.4451857,0.0,15.064765023034958,0.0,1.000026493991729,81869333321.04851,7872051.280870049,294740.3160409529
2027-06-21,True,124441.87463009154,198120.10124805124,4496354,0.0,0.0,2033784744.4451857,0.0,12.583874016097184,63820221.86968784,1.0381125207340538,81184976824.3457,7806247.771571702,294740.3160409529
2027-06-22,True,124447.79720795136,193665.66842138892,4507824,0.0,0.0,2033784744.4451857,0.0,11.114572212064857,61043626.69047774,0.9379475497828929,79363340056.38506,7631090.390037024,294740.3160409529
2027-06-23,True,124453.31568634737,208209.5674831398,4519314,0.0,0.0,2033784744.4451857,0.0,12.441109324831192,59335806.374585174,0.9765088778385359,85327426799.56334,8204560.269188782,294740.3160409529
2027-06-24,True,124459.1251244356,198143.08759611772,4530825,0.0,0.0,2033784744.4451857,0.0,11.65185485820706,55208623.9956262,0.960980673968255,81205632037.6438,7808233.849773442,294740.3160409529
2027-06-25,True,124464.35845808644,220337.56624940483,4542356,0.0,0.0,2033784744.4451857,0.0,12.6416752609851,59483928.92594063,0.9375497522885022,90305883333.25488,8683258.01281297,294740.3160409529
2027-06-26,False,124464.35845808644,204117.926630892,4553909,0.0,0.0,2033784744.4451857,0.0,12.6416752609851,0.0,0.8995339649233847,83661742600.31082,8044398.326952964,294740.3160409529
2027-06-27,False,124464.35845808644,226365.02142562208,4565482,0.0,0.0,2033784744.4451857,0.0,12.6416752609851,0.0,0.9497824941873201,92780151497.76695,8921168.413246822,294740.3160409529
2027-06-28,True,124470.38412402816,192410.26821177875,4577076,0.0,5721345.0,2034359146.6948454,0.0,9.96051983324866,52034926.731199026,0.8458897062653068,78863128773.1019,7582993.151259798,574402.2496598917
2027-06-29,True,124477.03759070269,174555.61992175865,4588690,0.0,0.0,2034359146.6948454,0.0,8.936033361700314,63349608.18235937,0.8367053421357292,71548514070.39032,6879664.814460607,574402.2496598917
2027-06-30,True,124482.88956501406,198821.78869759705,4600325,0.0,0.0,2034359146.6948454,0.0,9.732302108315531,58323308.838242285,0.8,81499317869.49327,7836472.872066661,574402.2496598917
2027-07-01,True,124488.15247305502,221474.5138864529,4611981,0.0,0.0,2034359146.6948454,0.0,11.013805481861187,55507898.78105859,0.8127025266211295,90789196203.12833,8729730.404146954,574402.2496598917
2027-07-02,True,124494.35528475455,188253.33680348497,4623658,0.0,0.0,2034359146.6948454,0.0,9.215800517279625,59661540.48516363,0.8,77174079413.11945,7420584.558953793,574402.2496598917
2027-07-03,False,124494.35528475455,200328.04563381232,4635355,0.0,0.0,2034359146.6948454,0.0,9.215800517279625,0.0,0.8064383321292184,82128174137.99388,7896939.82096095,574402.2496598917
2027-07-04,False,124494.35528475455,224033.966167611,4647073,0.0,0.0,2034359146.6948454,0.0,9.215800517279625,0.0,0.8449085865865001,91846853135.44252,8831428.186100243,574402.2496598917
2027-07-05,True,124499.3114337828,236837.1074618768,4658811,0.0,0.0,2034359146.6948454,0.0,12.37970989075216,58101090.75707476,0.8541589277749432,97095736857.15005,9336128.543956736,574402.2496598917
2027-07-06,True,124504.52014574583,225756.38820999017,4670570,0.0,0.0,2034359146.6948454,0.0,12.192824313262342,57460034.14035121,0.8825207880866838,92556676350.0743,8899680.418276375,574402.2496598917
2027-07-07,True,124509.28801148129,247070.7157797052,4682350,0.0,0.0,2034359146.6948454,0.0,14.161358705694164,63307392.79450681,0.9365396252871367,101299463523.46262,9740333.031102175,574402.2496598917
2027-07-08,True,124514.80659841558,213822.85248924178,4694150,0.0,0.0,2034359146.6948454,0.0,13.757546518198133,62267039.525534816,1.0512663111735778,87671133533.02325,8429916.68586762,574402.2496598917
2027-07-09,True,124520.88449768774,194491.54174258982,4705971,0.0,0.0,2034359146.6948454,0.0,13.113606595525772,68841814.68830715,1.101610481257658,79748490340.99475,7668124.071249495,574402.2496598917
2027-07-10,False,124520.88449768774,203700.38244624098,4717813,0.0,0.0,2034359146.6948454,0.0,13.113606595525772,0.0,1.1496504469396103,83528521540.1231,8031588.609627221,574402.2496598917
2027-07-11,False,124520.88449768774,218114.63586631563,4729675,0.0,0.0,2034359146.6948454,0.0,13.113606595525772,0.0,1.2043479590700794,89439169634.27309,8599920.157141643,574402.2496598917
2027-07-12,True,125368.7868859495,209545.83644732687,4741558,0.0,0.0,2045691320.4496458,842.2315526100195,15.573897735131105,75547825.03200234,1.214237696303141,85925483806.85011,8262065.750658665,574402.2496598917
2027-07-13,True,125375.06673133178,189542.88323077734,4753461,0.0,0.0,2045691320.4496458,0.0,14.085476240098384,73578588.2393663,1.2125920924912779,78252398741.46451,7524269.109756202,574402.2496598917
2027-07-14,True,126225.50793283156,217974.31571539392,4765385,0.0,0.0,2056943247.5221457,844.9708322221551,16.368923986650845,75012847.14999996,1.225303670066458,89994766252.9153,8653342.908934163,574402.2496598917
2027-07-15,True,126231.9544559734,185278.16835808483,4777329,0.0,0.0,2056943247.5221457,0.0,13.773530880349995,67280295.64111865,1.2114241321565404,77014434138.06041,7405234.051736577,574402.2496598917
2027-07-16,True,126238.57623115099,180691.72811085547,4789294,0.0,0.0,2056943247.5221457,0.0,13.23727662207645,64710049.949037835,1.1937499762668657,75111827914.268,7222291.145602693,574402.2496598917
2027-07-17,False,126238.57623115099,189624.5046674897,4801279,0.0,0.0,2056943247.5221457,0.0,13.23727662207645,0.0,1.1732707603555623,78829232870.97783,7579733.929901714,574402.2496598917
2027-07-18,False,126238.57623115099,192163.64651735354,4813285,0.0,0.0,2056943247.5221457,0.0,13.23727662207645,0.0,1.1926476870713576,79884785287.72029,7681229.35458849,574402.2496598917
2027-07-19,True,127073.66509353927,205527.96179860728,4825311,0.0,0.0,2067827327.7833776,829.237590427639,15.658788590014625,72560535.07487911,1.2414163671845153,85440495101.25125,8215432.221274159,574402.2496598917
2027-07-20,True,127080.49780029047,176313.72805347954,4837358,0.0,0.0,2067827327.7833776,0.0,13.565483422849148,76175239.95682028,1.2520101824252456,73780643328.63135,7094292.627753014,574402.2496598917
2027-07-21,True,127979.49560077523,192948.31261222655,4849425,0.0,0.0,2079537106.5312836,892.7437939911929,14.710218899434011,78065191.6527068,1.2405478308002025,80745930833.70274,7764031.810932956,574402.2496598917
2027-07-22,True,127985.75515422928,193112.81689262704,4861513,0.0,0.0,2079537106.5312836,0.0,15.013356661273077,78822070.73035213,1.2632606930761947,81386476383.33,7825622.729166347,574402.2496598917
2027-07-23,True,128886.80728373419,203231.7511805471,4873621,0.0,0.0,2090821674.0610256,895.094399017588,16.120387573984722,75230450.19827974,1.288810182559238,85655242260.38844,8236080.986575812,574402.2496598917
2027-07-24,False,128886.80728373419,218851.35495615736,4885750,0.0,0.0,2090821674.0610256,0.0,16.120387573984722,0.0,1.2670264425031927,92887753301.53595,8931514.740532303,574402.2496598917
2027-07-25,False,128886.80728373419,207100.46017825,4897899,0.0,0.0,2090821674.0610256,0.0,16.120387573984722,0.0,1.321572853894717,87900284910.39334,8451950.472153205,574402.2496598917
2027-07-26,True,128893.51423515071,181438.61859535828,4910068,0.0,0.0,2090821674.0610256,0.0,14.898678213096824,73655646.67315157,1.3320684350579377,77008550606.56752,7404668.32755457,574402.2496598917
2027-07-27,True,129813.90654853958,199986.63062460272,4922258,0.0,0.0,2101681319.8749943,914.2969059299193,16.83730397286349,72397638.75979067,1.3657069445868175,84885357360.74176,8162053.592379015,574402.2496598917
2027-07-28,True,129821.08938163072,169988.6360309123,4934468,0.0,0.0,2101681319.8749943,0.0,13.864918296454508,81057480.98260517,1.3205141831010416,72667774838.64574,6987286.042177475,574402.2496598917
2027-07-29,True,130699.68152236812,195486.93143554914,4946699,0.0,0.0,2112685408.797239,872.3354565129401,15.496983237877867,73360592.81496465,1.2833675347070468,83572565026.45401,8035823.560235962,574402.2496598917
2027-07-30,True,130706.57253830973,177782.2037244871,4958950,0.0,0.0,2112685408.797239,0.0,13.55298555927642,70456516.04824652,1.2322731730929088,76517992540.14877,7357499.282706613,574402.2496598917
2027-07-31,False,130706.57253830973,160894.32863456654,4971221,0.0,0.0,2112685408.797239,0.0,13.55298555927642,0.0,1.1978025162791965,69253051668.85072,6658947.275851031,574402.2496598917
2027-08-01,False,130706.57253830973,185028.4779297515,4983512,0.0,0.0,2112685408.797239,0.0,13.55298555927642,0.0,1.2234872665229284,79641009419.17833,7657789.367228686,574402.2496598917
2027-08-02,True,131478.07909681246,199679.79761160203,4995824,0.0,0.0,2122998764.95682,765.3406868686195,14.81797691199495,68755707.73053922,1.1994777389929894,85947313734.28305,8264164.782142601,574402.2496598917
2027-08-03,True,131484.1238885459,204010.33722561123,5008156,0.0,0.0,2122998764.95682,0.0,14.00503245758051,68189067.66306509,1.108481213402523,88329602749.59207,8493231.033614622,574402.2496598917
2027-08-04,True,131490.1998033518,203294.48971247365,5020508,0.0,0.0,2122998764.95682,0.0,14.00492761526189,66668544.464269474,1.1123249681411491,88023711656.23875,8463818.428484496,574402.2496598917
2027-08-05,True,131496.3534126309,201068.98957660617,5032881,0.0,0.0,2122998764.95682,0.0,13.476424395580365,69332091.14352767,1.082146202961083,87064123845.05005,8371550.369716351,574402.2496598917
2027-08-06,True,131501.97507537284,220450.7913215593,5045274,0.0,0.0,2122998764.95682,0.0,14.09262222077448,68597220.42324217,1.0320866964776911,95461031895.13599,9178945.374532307,574402.2496598917
2027-08-07,False,131501.97507537284,209693.10032038146,5057687,0.0,0.0,2122998764.95682,0.0,14.09262222077448,0.0,1.03298845912256,90806548691.94629,8731398.912687143,574402.2496598917
2027-08-08,False,131501.97507537284,208096.41217211814,5070120,0.0,0.0,2122998764.95682,0.0,14.09262222077448,0.0,1.0451685331510823,90115110872.29651,8664914.506951587,574402.2496598917
2027-08-09,True,131507.97712572606,207479.0990932812,5082573,0.0,0.0,2122998764.95682,0.0,13.83473595349473,68396679.96416917,1.0764998830574266,89847786529.88402,8639210.24325808,574402.2496598917
2027-08-10,True,131513.3786625275,230934.27775281118,5095047,0.0,0.0,2122998764.95682,0.0,15.0482761863519,69844372.1405383,1.0519521778888898,100009498833.13615,9616297.96472463,574402.2496598917
2027-08-11,True,131519.56733671864,201868.7624224258,5107540,0.0,0.0,2122998764.95682,0.0,13.445061848138362,63396328.149171665,1.0751609691885127,87425839020.3264,8406330.675031384,574402.2496598917
2027-08-12,True,131525.44690051425,212838.91858339033,5120054,0.0,0.0,2122998764.95682,0.0,13.2462103233254,65733665.24815933,1.0046157275385295,92181159857.54463,8863573.063225446,574402.2496598917
2027-08-13,True,131531.77892315248,197946.22849730248,5132588,0.0,0.0,2122998764.95682,0.0,12.608721149687396,62609367.67510379,1.0281672447136665,85734924700.05971,8243742.759621126,574402.2496598917
2027-08-14,False,131531.77892315248,214760.41257568845,5145142,0.0,0.0,2122998764.95682,0.0,12.608721149687396,0.0,1.083189900362733,93022000828.09587,8944423.15654768,574402.2496598917
2027-08-15,False,131531.77892315248,182546.35068933517,5157715,0.0,0.0,2122998764.95682,0.0,12.608721149687396,0.0,1.078313643119769,79068700703.88148,7602759.683065527,574402.2496598917
2027-08-16,True,131538.95822502417,175420.9563143696,5170309,0.0,0.0,2122998764.95682,0.0,12.51387954036467,65662749.093563005,1.1514087977943634,75982384964.87183,7305998.554314598,574402.2496598917
2027-08-17,True,132245.1771957015,186663.21661552772,5182923,0.0,0.0,2132975122.1330009,699.4613457801004,13.087312572696312,66509047.841205,1.1315847167514643,80856306043.6298,7774644.811887481,574402.2496598917
2027-08-18,True,132252.33269587104,176563.47845207423,5195557,0.0,0.0,2132975122.1330009,0.0,12.731326389674587,65230149.622504264,1.1629973448100674,76892055760.85204,7393466.900081926,574402.2496598917
2027-08-19,True,132259.37199379504,179762.24527841763,5208211,0.0,0.0,2132975122.1330009,0.0,13.035930604291131,69066616.23098785,1.1695694215608181,78289330290.354,7527820.2202263465,574402.2496598917
2027-08-20,True,132267.49473096733,156031.14727404533,5220885,0.0,0.0,2132975122.1330009,0.0,12.158356231428451,73885248.8019174,1.2566747697487393,67957674844.34897,6534391.811956632,574402.2496598917
2027-08-21,False,132267.49473096733,179435.81936515213,5233579,0.0,0.0,2132975122.1330009,0.0,12.158356231428451,0.0,1.2408411511201378,78156125751.14322,7515012.091456079,574402.2496598917
2027-08-22,False,132267.49473096733,206351.19226992494,5246293,0.0,0.0,2132975122.1330009,0.0,12.158356231428451,0.0,1.353362649489768,89879544613.8147,8642263.90517449,574402.2496598917
2027-08-23,True,133255.72011924806,217824.6219835075,5259026,0.0,0.0,2144763153.7759194,982.3798599451003,18.15286284587627,78586877.61945795,1.3439119625714953,94876979455.22081,9122786.486078924,574402.2496598917
2027-08-24,True,134295.95483562184,228485.3723266479,5271780,0.0,0.0,2156979365.2970715,1034.6527397815269,19.351581795096177,81441410.14101309,1.3631747959545464,100263997400.96848,9640768.980862353,574402.2496598917
2027-08-25,True,134302.26033648584,202569.15787476188,5284553,0.0,0.0,2156979365.2970715,0.0,17.920494086052603,84485219.66821809,1.4208875727184997,89585352553.84514,8613976.207100494,574402.2496598917
2027-08-26,True,134308.69555877132,198796.55173483217,5297346,0.0,0.0,2156979365.2970715,0.0,18.242429554142614,84747376.3543338,1.4737930334451188,87921061358.87491,8453948.207584126,574402.2496598917
2027-08-27,True,135467.30967390758,222902.36827385097,5310159,0.0,0.0,2168902591.9212804,1152.865858579253,21.5525996677454,79488177.49472728,1.5528404614032192,98586980886.27031,9479517.392910607,574402.2496598917
2027-08-28,False,135467.30967390758,222734.1927186809,5322992,0.0,0.0,2168902591.9212804,0.0,21.5525996677454,0.0,1.6050081830170233,99362417949.51566,9554078.64899189,574402.2496598917
2027-08-29,False,135467.30967390758,192448.41539921926,5335844,0.0,0.0,2168902591.9212804,0.0,21.5525996677454,0.0,1.6621198508043094,85851838243.67276,8254984.446506996,574402.2496598917
2027-08-30,True,136820.91161506603,213635.23855372122,5348716,0.0,0.0,2181828746.5052414,1347.5767179381724,22.271888498330508,86174363.89307302,1.6691282033691712,95303346122.20935,9163783.28098167,574402.2496598917
2027-08-31,True,138403.97604156964,245680.5243367794,5361608,0.0,0.0,2196175212.730826,1577.8169613108305,27.01981744264091,95643108.17056385,1.7537991685046344,110693969910.26355,10643650.952909958,574402.2496598917
2027-09-01,True,140223.43237862916,256074.43902465174,5374520,0.0,0.0,2212469515.7461534,1814.4140532419053,28.5145710378231,108628686.76884869,1.7669287266450127,116712010341.4747,11222308.68668026,574402.2496598917
2027-09-02,True,140228.42302501996,259104.7128447112,5387451,0.0,0.0,2212469515.7461534,0.0,29.251464233771966,96587536.3731643,1.7812669087083626,119645579931.80472,11504382.685750453,574402.2496598917
2027-09-03,True,140233.48859006644,255667.43060532064,5400402,0.0,0.0,2212469515.7461534,0.0,29.136712403451437,103585362.52678916,1.7980691334147694,118062563851.95222,11352169.601149252,574402.2496598917
2027-09-04,False,140233.48859006644,241794.7337684627,5413372,0.0,0.0,2212469515.7461534,0.0,29.136712403451437,0.0,1.8639316919356308,111660438507.89409,10736580.625759047,574402.2496598917
2027-09-05,False,140233.48859006644,270149.7075365135,5426362,0.0,0.0,2212469515.7461534,0.0,29.136712403451437,0.0,1.8579090867387336,124754722057.72607,11995646.35170443,574402.2496598917
2027-09-06,True,140238.9043599044,240224.38894572775,5439372,0.0,0.0,2212469515.7461534,0.0,28.876095140677116,106001637.4414747,1.896474135661203,110935255668.7877,10666851.506614203,574402.2496598917
2027-09-07,True,142030.39104626325,267084.88116275164,5452401,0.0,0.0,2227392463.3219156,1786.6084618995405,31.97599578154553,99486317.17174968,1.8887894953878983,123344153247.91142,11860014.7353761,574402.2496598917
2027-09-08,True,142035.45919837197,257450.8365201338,5465449,0.0,0.0,2227392463.3219156,0.0,29.98669330754937,107609057.97639251,1.8266264146704951,120413822514.58243,11578252.164863694,574402.2496598917
2027-09-09,True,143855.9771467899,263499.1437114206,5478517,0.0,0.0,2242668460.829763,1815.5585395120902,31.316980791181834,101839983.38564818,1.8638057354667257,123247109057.68742,11850683.563239176,574402.2496598917
2027-09-10,True,145695.43588348976,279219.02591781516,5491605,0.0,0.0,2258117890.7636175,1834.7713770340954,33.15999871003228,102996199.55902983,1.8514272923559125,132273751844.58894,12718629.98505663,574402.2496598917
2027-09-11,False,145695.43588348976,257261.08222018636,5504712,0.0,0.0,2258117890.7636175,0.0,33.15999871003228,0.0,1.8669902479045521,123430018045.97198,11868270.965958845,574402.2496598917
2027-09-12,False,145695.43588348976,240535.92207978532,5517838,0.0,0.0,2258117890.7636175,0.0,33.15999871003228,0.0,1.9017301854134556,115405536456.54684,11096686.19774489,574402.2496598917
2027-09-13,True,145700.75798125312,246989.07431699778,5530983,0.0,0.0,2258117890.7636175,0.0,30.406184274075027,114606102.5154478,1.908028446553549,118501662346.31828,11394390.610222911,574402.2496598917
2027-09-14,True,147756.10880789353,262534.44568639214,5544148,0.0,0.0,2274773831.715643,2050.3362465666946,32.31783130797248,111039606.34683548,1.9078345849938638,125964700122.80757,12111990.396423806,574402.2496598917
2027-09-15,True,147761.22819484986,257550.3690667186,5557333,0.0,0.0,2274773831.715643,0.0,31.237160557098537,114477745.56120105,1.8672486390329435,125316534103.70468,12049666.740740836,574402.2496598917
2027-09-16,True,147766.53136512148,248964.28596001648,5570536,0.0,0.0,2274773831.715643,0.0,30.027361865529205,116167853.1062276,1.8567689169777526,121142992440.16226,11648364.65770791,574402.2496598917
2027-09-17,True,149620.95578102922,268697.54104237596,5583759,0.0,0.0,2290136776.090793,1849.5032692724842,32.34776931218891,102419629.16766861,1.8532874718333585,130749646725.85405,12572081.415947504,574402.2496598917
2027-09-18,False,149620.95578102922,235637.77783702628,5597001,0.0,0.0,2290136776.090793,0.0,32.34776931218891,0.0,1.8143259875349778,116101571004.4209,11163612.596578933,574402.2496598917
2027-09-19,False,149620.95578102922,270983.44451258023,5610262,0.0,0.0,2290136776.090793,0.0,32.34776931218891,0.0,1.803425094345373,133516806655.08405,12838154.486065773,574402.2496598917
2027-09-20,True,149626.54739505026,237498.5102689208,5623542,0.0,0.0,2290136776.090793,0.0,27.810756155466166,110678877.85467042,1.7923420901662512,117018376283.03479,11251766.950291807,574402.2496598917
2027-09-21,True,151714.69805663894,273123.2868092589,5636842,0.0,0.0,2307586309.0975895,2083.281065826482,32.60789683164631,116330220.04530951,1.827329326574186,134576161899.56958,12940015.567266306,574402.2496598917
2027-09-22,True,151720.43474627723,232154.79378787006,5650160,0.0,0.0,2307586309.0975895,0.0,27.686337951446443,108895310.59692055,1.8139201133321436,115986132174.54,11152512.709090384,574402.2496598917
2027-09-23,True,153601.02818718972,266978.01285605057,5663498,0.0,0.0,2323348399.586934,1875.5975238864905,31.768838034742913,105080603.26229604,1.8098380285786477,133389095565.50955,12825874.573606689,574402.2496598917
2027-09-24,True,153606.71742328815,234759.10946440132,5676854,0.0,0.0,2323348399.586934,0.0,28.536746800937994,112687317.93276884,1.8386633751706902,118745546166.27827,11417840.977526758,574402.2496598917
2027-09-25,False,153606.71742328815,259918.60363895138,5690230,0.0,0.0,2323348399.586934,0.0,28.536746800937994,0.0,1.812077782927656,131476558239.0721,12641976.753756933,574402.2496598917
2027-09-26,False,153606.71742328815,271593.7457692742,5703624,0.0,0.0,2323348399.586934,0.0,28.536746800937994,0.0,1.7958334146810753,137382282118.6105,13209834.819097163,574402.2496598917
2027-09-27,True,155550.942246163,256430.24882410598,5717038,0.0,7146297.5,2340091158.826741,1938.9937707421514,30.12424328486151,110036878.58048652,1.776851052360034,129712017807.7544,12472309.404591769,237227.4527337676
2027-09-28,True,157585.2951931875,275540.0805460158,5730470,0.0,0.0,2356939185.129122,2029.478157130645,33.19098420466896,112320175.3492032,1.8121555739510276,141142621774.94827,13571405.939898873,237227.4527337676
2027-09-29,True,159449.46773210273,297031.1048379684,5743921,0.0,0.0,2372017741.7142935,1859.644056954595,36.63295791758914,100523710.56781201,1.8446022907387725,154141071407.96594,14821256.866150571,237227.4527337676
2027-09-30,True,159454.4065054748,272760.035441109,5757392,0.0,0.0,2372017741.7142935,0.0,34.785190506689815,108642347.31086794,1.8971798667821413,143220295411.51978,13771182.25110767,237227.4527337676
2027-10-01,True,161854.85886684773,281671.28642766236,5770880,0.0,0.0,2390646966.244126,2395.6638008593686,36.22210380016922,124194830.1988815,1.9129891249621551,147903978329.30444,14221536.377817735,237227.4527337676
2027-10-02,False,161854.85886684773,276590.17511736386,5784388,0.0,0.0,2390646966.244126,0.0,36.22210380016922,0.0,1.9173714229344152,147422320808.40863,14175223.154654676,237227.4527337676
2027-10-03,False,161854.85886684773,255284.51791616433,5797915,0.0,0.0,2390646966.244126,0.0,36.22210380016922,0.0,1.9366720581430044,136066424202.11577,13083310.019434208,237227.4527337676
2027-10-04,True,164327.7900663329,293577.19560358895,5811460,0.0,0.0,2409112512.4216847,2468.3174215068734,39.24290673547015,123103641.18372743,1.9743700598753804,156476387832.43314,15045806.52234934,237227.4527337676
2027-10-05,True,164332.61592080334,281048.6740346082,5825023,0.0,0.0,2409112512.4216847,0.0,38.23859724944234,119168687.1350799,1.994648983543788,152087425585.4234,14623790.921675326,237227.4527337676
2027-10-06,True,167149.54333565323,308946.1634859709,5838606,0.0,0.0,2429026510.3736567,2812.5308559651144,43.633660088344314,132759986.34648073,2.070485303930792,167188856820.36093,16075851.617342398,237227.4527337676
2027-10-07,True,167154.7226122916,262604.2389630752,5852207,0.0,0.0,2429026510.3736567,0.0,38.24977337267572,141131262.07363877,2.1166750684846116,144546533108.9895,13898705.106633605,237227.4527337676
2027-10-08,True,170160.29317933845,286126.0202634764,5865826,0.0,0.0,2449172646.4106607,3000.8107762429536,42.61909298105973,134307573.5800264,2.164514263660955,157498622090.70258,15144098.27795217,237227.4527337676
2027-10-09,False,170160.29317933845,244777.7241583791,5879464,0.0,0.0,2449172646.4106607,0.0,42.61909298105973,0.0,2.1890301098357106,137161072046.83119,13188564.619887615,237227.4527337676
2027-10-10,False,170160.29317933845,281494.382782136,5893121,0.0,0.0,2449172646.4106607,0.0,42.61909298105973,0.0,2.182065497475278,157735232853.85587,15166849.312870756,237227.4527337676
2027-10-11,True,170165.16429328956,280736.606395025,5906796,0.0,0.0,2449172646.4106607,0.0,43.02846026691707,138282051.4066346,2.2060631232685135,157310613244.4315,15126020.504272258,237227.4527337676
2027-10-12,True,170170.84866635804,240888.48207315872,5920489,0.0,0.0,2449172646.4106607,0.0,38.37144508560209,135337324.38848913,2.292666384115592,134985601312.1949,12979384.741557201,237227.4527337676
2027-10-13,True,173764.45925509627,253854.05059931468,5934201,0.0,0.0,2471093588.9587274,3588.20905980156,41.5530218297166,146139616.98711225,2.355877748241424,142255810859.40582,13678443.351865945,237227.4527337676
2027-10-14,True,177891.9580909927,287480.3884516807,5947931,0.0,0.0,2495668478.169244,4122.722857933577,48.22817138765272,163832594.73677674,2.385727371953889,164501525361.3406,15817454.361667367,237227.4527337676
2027-10-15,True,177897.41362200314,252019.46380079165,5961680,0.0,0.0,2495668478.169244,0.0,42.63020990830087,163991001.7131272,2.373088670858124,147635619880.14618,14195732.680783287,237227.4527337676
2027-10-16,False,177897.41362200314,254332.43762479484,5975446,0.0,0.0,2495668478.169244,0.0,42.63020990830087,0.0,2.4183213958349628,148995153166.83325,14326457.035272429,237227.4527337676
2027-10-17,False,177897.41362200314,245434.54900745596,5989231,0.0,0.0,2495668478.169244,0.0,42.63020990830087,0.0,2.375798271795009,143782517728.8101,13825242.089308662,237227.4527337676
2027-10-18,True,182030.18205020475,282249.73135857435,6003035,0.0,0.0,2519954690.1706986,4127.877723812445,47.9734088855566,161908080.00969908,2.384428487744912,165349895388.1316,15899028.402704962,237227.4527337676
2027-10-19,True,182035.94290599786,239912.2716547882,6016856,0.0,0.0,2519954690.1706986,0.0,40.749968310875346,157280116.84460267,2.3513871527525407,143812494542.06223,13828124.475198291,237227.4527337676
2027-10-20,True,185708.53818780865,270623.18047257536,6030695,0.0,0.0,2541742913.0214033,3667.4815291840473,45.552384999592185,145254819.0046978,2.3301383680483334,162226909432.30722,15598741.291568002,237227.4527337676
2027-10-21,True,189372.6881272562,294414.02560063143,6044553,0.0,0.0,2563529272.8907633,3659.442962607135,49.452563004446795,145242399.12906545,2.2989528235486447,180049168523.24127,17312420.050311662,237227.4527337676
2027-10-22,True,189377.76657245046,273213.542122125,6058428,0.0,0.0,2563529272.8907633,0.0,46.741490235388,159667960.97180238,2.31590782363672,170380668911.84195,16382756.62613865,237227.4527337676
2027-10-23,False,189377.76657245046,245554.60924756475,6072322,0.0,0.0,2563529272.8907633,0.0,46.741490235388,0.0,2.29553242199396,153136188728.19586,14724633.531557294,237227.4527337676
2027-10-24,False,189377.76657245046,219891.06856231944,6086233,0.0,0.0,2563529272.8907633,0.0,46.741490235388,0.0,2.260892457627915,137131533707.25398,13185724.394928267,237227.4527337676
2027-10-25,True,189383.64417608528,236984.33690687714,6100162,0.0,0.0,2563529272.8907633,0.0,38.410393596734544,155155863.6735167,2.19400900177477,147791476011.79797,14210718.847288266,237227.4527337676
2027-10-26,True,192718.86865582116,247011.7573911993,6114110,0.0,0.0,2584267325.6018,3329.57778496019,39.6587312942845,138253684.74024475,2.1732866043860404,154049696767.0575,14812470.842986297,237227.4527337676
2027-10-27,True,192725.05525066212,225729.99136025715,6128075,0.0,0.0,2584267325.6018,0.0,35.02931328786253,143135195.1828175,2.080920830666612,143256473347.47388,13774660.898795566,237227.4527337676
2027-10-28,True,192731.3651869396,221602.87180568045,6142058,0.0,0.0,2584267325.6018,0.0,32.87644507255521,138377347.7732962,1.9893386694927784,140641767661.8529,13523246.89056278,237227.4527337676
2027-10-29,True,195664.0687196443,254843.3025765325,6156058,0.0,0.0,2604321004.279085,2927.2099608280146,37.19915262217196,133691191.1819024,1.957243508385271,161743328213.32623,15552243.097435215,237227.4527337676
2027-10-30,False,195664.0687196443,281255.1318483941,6170076,0.0,0.0,2604321004.279085,0.0,37.19915262217196,0.0,1.9264676486258319,181222571551.63577,17425247.26458036,237227.4527337676
2027-10-31,False,195664.0687196443,270087.71138972597,6184112,0.0,0.0,2604321004.279085,0.0,37.19915262217196,0.0,1.9366110427975294,174027009857.1061,16733366.33241405,237227.4527337676
2027-11-01,True,198322.14880465064,287413.1573054611,6198166,0.0,0.0,2622879299.193593,2653.190260152183,41.090078216523814,123721966.09671786,1.9028903155042975,185190403895.44406,17806769.60533116,237227.4527337676
2027-11-02,True,198327.90849839684,244301.18370964195,6212237,0.0,0.0,2622879299.193593,0.0,34.34421709089842,115563109.15949461,1.8592386355402983,159550270098.36227,15341372.124842526,237227.4527337676
2027-11-03,True,198333.5529654271,249607.26893143778,6226326,0.0,0.0,2622879299.193593,0.0,34.143984226059374,125657800.04983422,1.8090536311769434,163020347143.35147,15675033.37916841,237227.4527337676
2027-11-04,True,200708.111658596,287048.3592711534,6240432,0.0,0.0,2640665197.3366113,2369.6445386216346,38.24392624975169,118572654.28678904,1.7619335152656974,187478734759.5535,18026801.419187836,237227.4527337676
2027-11-05,True,200713.17718241655,278826.0503817067,6254556,0.0,0.0,2640665197.3366113,0.0,37.488949369631605,126501271.81551328,1.7689613302935006,184288835171.1742,17720080.304920595,237227.4527337676
2027-11-06,False,200713.17718241655,273472.82281517173,6268697,0.0,0.0,2640665197.3366113,0.0,37.488949369631605,0.0,1.754686440799462,180755205104.35876,17380308.183111418,237227.4527337676
2027-11-07,False,200713.17718241655,291435.5016980451,6282855,0.0,0.0,2640665197.3366113,0.0,37.488949369631605,0.0,1.7140509016652803,192627857283.37222,18521909.354170404,237227.4527337676
2027-11-08,True,200718.89976836153,247720.17644333834,6297031,0.0,0.0,2640665197.3366113,0.0,32.44180590904922,119578905.71131134,1.7229834150784715,163733678690.8664,15743622.951044846,237227.4527337676
2027-11-09,True,203018.0637290013,255215.7927727069,6311224,0.0,0.0,2657968195.031308,2293.602784410896,33.83018730381741,115353317.96464558,1.743901419557899,168692807436.01147,16220462.253462642,237227.4527337676
2027-11-10,True,205549.52001991033,290674.4653984455,6325434,0.0,0.0,2676807444.839931,2526.567660605538,38.982905980862434,125594998.72415075,1.7558298443787341,194331103564.8407,18685683.035080835,237227.4527337676
2027-11-11,True,208010.92553141617,288827.47076755145,6339661,0.0,0.0,2694403993.979057,2456.4797335103494,40.32033910807991,117310327.59417187,1.8179684556920568,195504031451.95178,18798464.562687673,237227.4527337676
2027-11-12,True,208015.84933667845,289308.76103294146,6353906,0.0,0.0,2694403993.979057,0.0,40.657884514129854,121945256.87925683,1.8203703775820224,198174825725.2878,19055271.704354595,237227.4527337676
2027-11-13,False,208015.84933667845,245912.44687800022,6368167,0.0,0.0,2694403993.979057,0.0,40.657884514129854,0.0,1.819543763323637,168452589196.0552,16197364.345774539,237227.4527337676
2027-11-14,False,208015.84933667845,270927.3153822221,6382446,0.0,0.0,2694403993.979057,0.0,40.657884514129854,0.0,1.7676714210494695,185588034845.236,17845003.35050346,237227.4527337676
2027-11-15,True,208021.14179862337,270101.13910618547,6396741,0.0,0.0,2694403993.979057,0.0,36.74685625595628,116067200.61419392,1.7622197406179627,185022095485.11984,17790586.104338445,237227.4527337676
2027-11-16,True,208027.32689834828,231410.9818206602,6411054,0.0,0.0,2694403993.979057,0.0,31.086782119923253,132341061.1505285,1.7399911611088559,158522967618.83255,15242593.04027236,237227.4527337676
2027-11-17,True,210314.28751128953,266122.6290937592,6425383,0.0,0.0,2711454564.7625637,2281.5762530884713,35.61048358199949,113670471.8900459,1.7331589376267857,182306833135.79907,17529503.186134525,237227.4527337676
2027-11-18,True,210319.89706346582,255760.1667496323,6439730,0.0,0.0,2711454564.7625637,0.0,35.67402935746083,123600922.12672687,1.79826136337702,177134206693.8268,17032135.259021807,237227.4527337676
2027-11-19,True,210326.10819052075,231246.27580406208,6454093,0.0,0.0,2711454564.7625637,0.0,31.81670666692157,122132618.67961664,1.773791002907527,160160664086.807,15400063.854500674,237227.4527337676
2027-11-20,False,210326.10819052075,265933.21717467136,6468473,0.0,0.0,2711454564.7625637,0.0,31.81670666692157,0.0,1.7524829870102998,184190203009.11304,17710596.443183947,237227.4527337676
2027-11-21,False,210326.10819052075,264692.41956943553,6482869,0.0,0.0,2711454564.7625637,0.0,31.81670666692157,0.0,1.8095535454841174,183330803926.78067,17627961.916036602,237227.4527337676
2027-11-22,True,213272.03801295935,249220.19926368733,6497282,0.0,0.0,2731849542.727619,2940.1465833421676,35.92766408575985,135966519.76703602,1.8584671467519087,172614461570.62573,16597544.381790936,237227.4527337676
2027-11-23,True,215928.14397479017,260619.7047760023,6511712,0.0,0.0,2750096956.271041,2650.5691586898465,37.85690229370339,121649423.62281297,1.860632846376364,183038277723.4063,17599834.396481376,237227.4527337676
2027-11-24,True,215934.28458196326,235269.89421011665,6526159,0.0,0.0,2750096956.271041,0.0,35.167982800590764,126850067.8188989,1.903793566104935,167292457956.53134,16085813.265051091,237227.4527337676
2027-11-25,True,215941.00529569466,215200.35784943492,6540622,0.0,0.0,2750096956.271041,0.0,31.926546978363685,133099382.7900589,1.8894498267754438,153026041659.33603,14714042.467243848,237227.4527337676
2027-11-26,True,218847.07752945425,235783.2200915524,6555101,0.0,0.0,2769822969.3194056,2899.9314235720203,34.662613647170055,131506753.6557627,1.872239046669598,167667452791.03506,16121870.460676448,237227.4527337676
2027-11-27,False,218847.07752945425,267057.82947781374,6569597,0.0,0.0,2769822969.3194056,0.0,34.662613647170055,0.0,1.8325647251146187,192462808770.3194,18506039.304838404,237227.4527337676
2027-11-28,False,218847.07752945425,286807.5920236894,6584109,0.0,0.0,2769822969.3194056,0.0,34.662613647170055,0.0,1.835932114597726,206696036006.37717,19874618.846767034,237227.4527337676
2027-11-29,True,221631.56716286438,267605.75155695784,6598637,0.0,0.0,2788880036.5324416,2779.0607515884567,39.02450638063249,127047114.75357462,1.8456665274543458,192857684376.64612,18544008.11313905,237227.4527337676
2027-11-30,True,224751.53179613355,284707.86410079186,6613182,0.0,0.0,2810269685.2641506,3114.855887837788,41.46042686027839,142597658.21139413,1.8324516398225072,207793440439.9898,19980138.503845174,237227.4527337676
2027-12-01,True,227845.17719998746,294677.4599030527,6627743,0.0,0.0,2830980023.3938503,3088.7040690111144,43.947687563013766,138068920.86466545,1.8648093970205752,218097321079.96075,20970896.257688534,237227.4527337676
2027-12-02,True,227850.320166299,283435.6501083323,6642320,0.0,0.0,2830980023.3938503,0.0,42.43903690625036,137202079.7624515,1.8604071926471568,212664533469.0288,20448512.833560463,237227.4527337676
2027-12-03,True,227855.6924748461,271633.6910302254,6656913,0.0,0.0,2830980023.3938503,0.0,40.0861972001533,141092371.2768415,1.8335737602552968,203814008859.2344,19597500.851849463,237227.4527337676
2027-12-04,False,227855.6924748461,267006.49799343105,6671522,0.0,0.0,2830980023.3938503,0.0,40.0861972001533,0.0,1.8469660053620756,200346826127.43872,19264117.896869108,237227.4527337676
2027-12-05,False,227855.6924748461,305170.031776687,6686147,0.0,0.0,2830980023.3938503,0.0,40.0861972001533,0.0,1.7642576543511146,228982619356.22644,22017559.55348331,237227.4527337676
2027-12-06,True,227860.6771077656,293722.73217251414,6700788,0.0,0.0,2830980023.3938503,0.0,39.87909293147963,126242711.5677487,1.6868817280701724,220393202391.9908,21191654.07615296,237227.4527337676
2027-12-07,True,227865.88982359265,281177.8060863333,6715445,0.0,0.0,2830980023.3938503,0.0,37.66011781220375,129529987.05211979,1.664056460289541,210984803021.59705,20287000.290538177,237227.4527337676
2027-12-08,True,227870.94101934522,290485.67346742866,6730118,0.0,0.0,2830980023.3938503,0.0,38.424440595943906,120507503.08542323,1.643388794582857,217974048247.20392,20959043.100692686,237227.4527337676
2027-12-09,True,227875.966273641,292303.6156063321,6744807,0.0,0.0,2830980023.3938503,0.0,38.25874757823241,123414062.39915344,1.6260894072408107,219343054126.99615,21090678.281441938,237227.4527337676
2027-12-10,True,227880.81932317064,302984.7503154054,6759511,0.0,0.0,2830980023.3938503,0.0,38.92705687218551,116771167.7646962,1.5961330151121063,227363133858.21503,21861839.79405914,237227.4527337676
2027-12-11,False,227880.81932317064,286447.2882606708,6774231,0.0,0.0,2830980023.3938503,0.0,38.92705687218551,0.0,1.5812297726528148,214957815833.0103,20669020.75317407,237227.4527337676
2027-12-12,False,227880.81932317064,293575.35252252483,6788967,0.0,0.0,2830980023.3938503,0.0,38.92705687218551,0.0,1.4791111576117826,220306908624.73935,21183356.59853263,237227.4527337676
2027-12-13,True,227886.09067756732,279833.20585021906,6803718,0.0,0.0,2830980023.3938503,0.0,32.01326330585498,112854200.9971345,1.4212148323991336,209994428965.83765,20191772.015945926,237227.4527337676
2027-12-14,True,227891.29579357305,283701.6501408613,6818485,0.0,0.0,2830980023.3938503,0.0,32.023608658942074,109023738.2905566,1.4022562828764231,212902339261.69592,20471378.77516307,237227.4527337676
2027-12-15,True,227896.28532359688,296260.36779895116,6833267,0.0,0.0,2830980023.3938503,0.0,32.66517940274892,106561881.54571073,1.3696845503854285,222332037830.88995,21378080.560662497,237227.4527337676
2027-12-16,True,227901.3724595123,290890.59632124257,6848065,0.0,0.0,2830980023.3938503,0.0,32.934236925652854,107934320.65476182,1.4064279287528376,218307009971.28632,20991058.651085224,237227.4527337676
2027-12-17,True,229574.66745569295,306417.3924461008,6862878,0.0,0.0,2845765053.636048,1668.4607405655472,34.5785826033453,98566868.2813168,1.4017921998152034,229964662974.209,22111986.824443173,237227.4527337676
2027-12-18,False,229574.66745569295,301791.7236981423,6877706,0.0,0.0,2845765053.636048,0.0,34.5785826033453,0.0,1.3738430065689458,228156077941.45526,21938084.417447623,237227.4527337676
2027-12-19,False,229574.66745569295,256522.96514342094,6892549,0.0,0.0,2845765053.636048,0.0,34.5785826033453,0.0,1.2936706667251041,193932666250.237,18647371.75483048,237227.4527337676
2027-12-20,True,229581.07206780164,232004.68268603957,6907408,0.0,0.0,2845765053.636048,0.0,23.651280729419515,100549129.68338041,1.2636680070328656,175396720019.54398,16865069.23264846,237227.4527337676
2027-12-21,True,230948.93935984667,264592.03467111744,6922281,0.0,0.0,2859562628.0609813,1362.24618556747,26.123395233216918,91983829.49955721,1.223815128302187,200038504314.65488,19234471.568716817,237227.4527337676
2027-12-22,True,230954.73249594303,257011.05156746865,6937170,0.0,0.0,2859562628.0609813,0.0,24.886334943320524,88740686.84944704,1.19892711938967,195464783932.96912,18794690.76278549,237227.4527337676
2027-12-23,True,230960.29908319088,267740.3467574083,6952074,0.0,0.0,2859562628.0609813,0.0,24.579605612669123,93064151.17361003,1.1366685280939035,203629849588.49368,19579793.229662854,237227.4527337676
2027-12-24,True,230966.39803152863,244615.94317298115,6966993,0.0,0.0,2859562628.0609813,0.0,21.245535005719432,81055784.3479495,1.0753384924892695,186047074678.63666,17889141.796022754,237227.4527337676
2027-12-25,False,230966.39803152863,264985.34402583004,6981926,0.0,0.0,2859562628.0609813,0.0,21.245535005719432,0.0,1.0521506026877374,201544712512.7624,19379299.280073307,237227.4527337676
2027-12-26,False,230966.39803152863,225237.54242195553,6996875,0.0,0.0,2859562628.0609813,0.0,21.245535005719432,0.0,1.0962690970038915,171313005635.84802,16472404.38806231,237227.4527337676
2027-12-27,True,232201.2416894161,259023.17378524883,7011838,0.0,8764797.5,2873733881.52857,1229.0669546754345,23.083464115772728,91943688.00047107,1.1033496821515874,197009956481.2252,18943265.046271652,379700.26751795417
2027-12-28,True,232206.64976777264,276956.0463552281,7026816,0.0,0.0,2873733881.52857,0.0,24.272487373503417,95456960.79981299,1.0846395679165477,211775707740.45737,20363048.821197823,379700.26751795417
2027-12-29,True,233463.4091778072,284774.3544744082,7041808,0.0,0.0,2887168149.178093,1251.4948910340077,26.52869951827192,89561784.33015144,1.1528876325060498,217759084402.95798,20938373.500284422,379700.26751795417
2027-12-30,True,233469.18232178484,259962.3369540082,7056816,0.0,0.0,2887168149.178093,0.0,24.2345471599068,93122990.66555709,1.152863080602961,199861898579.44894,19217490.24802394,379700.26751795417
2027-12-31,True,234749.63777616556,276944.4366562938,7071837,0.0,0.0,2900870758.939717,1275.0316227337294,25.769756317946026,91350731.7441584,1.1506948839813815,212923188354.00253,20473383.495577168,379700.26751795417
